timestamp,machine_id,mold_id,material_code,shift,ambient_temp_c,ambient_humidity_pct,resin_moisture_pct,barrel_zone1_temp_c,barrel_zone2_temp_c,barrel_zone3_temp_c,mold_temp_c,injection_pressure_mpa,holding_pressure_mpa,injection_speed_mm_s,cushion_mm,fill_time_s,holding_time_s,cooling_time_s,cycle_time_s,screw_rpm,back_pressure_mpa,clamping_force_kn,peak_cavity_pressure_mpa,cavity_pressure_integral,hydraulic_oil_temp_c,screw_torque_nm,defect_label
2026-04-01T08:00:00,IMM-03,MD-A12,PP-GF20,DAY,24.26,57.84,0.115,216,218.53,222.75,69.99,95.2,57.42,72.05,3.95,1.186,6.07,18.48,32.83,86.8,7.55,827.1,69.02,83.82,46.09,40.43,0
2026-04-01T08:00:42,IMM-02,MD-A12,PA6-GF30,DAY,19.12,58.89,0.116,231.04,242.01,248.73,77.7,99.01,64.37,67.98,3.72,1.071,8.16,18.93,36,78.6,7.97,857.3,77.44,79.72,42.15,46.46,0
2026-04-01T08:01:24,IMM-02,MD-B07,PA6-GF30,DAY,27.31,61.05,0.113,227.97,234.08,240.67,73.81,119.17,70.84,79.46,2.89,1.182,9.04,19.7,38.44,85,8.17,807.3,97.28,114.3,49.48,53.04,1
2026-04-01T08:02:06,IMM-02,MD-A12,PA6-GF30,EVENING,23.55,53.86,0.131,216.73,223.09,225.66,81.26,95.15,55.81,63.59,3.89,1.071,8.24,18.46,37.02,64.2,8.28,852.5,73.08,75.32,43.44,45.51,1
2026-04-01T08:02:48,IMM-01,MD-C03,PP-GF20,DAY,19.52,72.97,0.173,215.45,220.85,224.83,69.3,97.45,65.78,67.46,2.32,1.268,7.92,18.97,36.2,89.6,7.34,859.8,74.13,95.15,44.69,44.78,0
2026-04-01T08:03:30,IMM-01,MD-C03,PP-GF20,DAY,24.26,51.55,0.09,207.44,217.87,224.2,68.04,97.35,58.01,76.83,3.86,1.298,7.67,19.23,37.22,91.8,7.37,795.6,70.72,90.41,47.19,40.63,0
2026-04-01T08:04:12,IMM-04,MD-A12,PA6-GF30,DAY,21.24,43.45,0.226,235.68,241.46,245.58,79.24,100.81,62.89,75.13,5.09,1.172,8.83,16.9,35.01,81.3,9.54,820.7,81.86,99.06,48.07,52.11,0
2026-04-01T08:04:54,IMM-04,MD-B07,PP-GF20,EVENING,22.28,54.46,0.118,214.01,219.62,219.82,76.66,89.66,51.93,60.14,4.55,1.376,8.57,17.91,36.63,98.5,9.93,779,64.35,95.27,44.28,46.59,0
2026-04-01T08:05:36,IMM-04,MD-B07,PP-GF20,DAY,28.81,34.45,0.05,216.02,229.13,234.94,70.37,88.39,52.94,70.36,3.92,1.15,8.27,19.08,37.91,83.6,10.13,789.6,65.84,76.82,45.34,41.23,1
2026-04-01T08:06:18,IMM-01,MD-B07,ABS,NIGHT,23.55,60.93,0.134,214.53,220.2,225.65,74.36,97.55,57.65,65.7,3,0.98,7.54,17.49,33.84,94.3,8.93,786.5,71.59,73.41,43.45,46.15,0
2026-04-01T08:07:00,IMM-04,MD-A12,ABS,NIGHT,23.82,51.25,0.172,216.08,226.82,231.92,67.23,103.83,57.42,68.98,3.72,1.071,7.65,17.88,35.68,69.6,7.56,836.1,79.61,93.79,48.01,44.54,1
2026-04-01T08:07:42,IMM-01,MD-B07,PP-GF20,EVENING,25.5,44.71,0.107,217.38,224.01,234.03,71.64,103.35,67.04,65.36,4.4,1.111,8.21,18.2,35.31,79.9,9.41,795.7,77.43,79.24,43.33,41.33,0
2026-04-01T08:08:24,IMM-02,MD-A12,PA6-GF30,DAY,18.39,43.29,0.153,231.69,236.46,242.35,74.88,105.9,62.71,78.91,4.37,0.933,7.55,15.51,32.35,80.5,9.87,832.4,76.99,81.69,46.12,50.46,0
2026-04-01T08:09:06,IMM-02,MD-C03,ABS,DAY,24.66,50.07,0.17,221,225.47,234.35,77.18,99.02,61.64,78.21,3.84,1.604,6.75,18.24,35.06,82.8,7.55,850.3,75.86,119.08,51.92,43.68,1
2026-04-01T08:09:48,IMM-03,MD-B07,PA6-GF30,NIGHT,18.76,38.72,0.109,235.76,243.39,250.83,77.96,101.86,58.65,74.68,4.61,1.212,7.95,16.18,33.67,80,7.68,799.5,83.76,98.12,46.36,48.67,0
2026-04-01T08:10:30,IMM-01,MD-A12,ABS,DAY,26.63,43.76,0.138,214.64,221.27,225.25,61.09,88.01,49.12,58.55,4.81,1.276,8.79,20.8,39.44,79,7.88,850.7,68.48,96.6,47.75,46.56,0
2026-04-01T08:11:12,IMM-03,MD-A12,PP-GF20,EVENING,30.99,57.5,0.035,220.73,229.76,230.8,67.79,93.83,56.2,77.25,4.15,1.46,8.4,17.25,34.72,95.1,7.92,787.2,79.92,125.87,43.98,39.61,0
2026-04-01T08:11:54,IMM-03,MD-A12,PP-GF20,DAY,20.69,37.3,0.141,211.28,222.05,228.1,71.39,97.8,56.36,59.3,4.3,1.124,8.69,15.02,33.43,71.3,7.84,842.3,73.07,85.66,42.72,45.81,0
2026-04-01T08:12:36,IMM-04,MD-B07,PA6-GF30,DAY,29.16,53.73,0.189,232.97,238.09,240.25,75.65,98.18,50.61,69.8,3.49,1.283,7.61,16.88,34.58,80.4,10.52,782.2,67.83,90.73,50.69,45.77,0
2026-04-01T08:13:18,IMM-01,MD-A12,PP-GF20,NIGHT,23.9,61.3,0.096,219.16,224.88,233.04,71.94,100.24,53.45,78.01,3.7,1.066,7.01,16.43,32.09,80.5,8.3,797.1,75.42,81.38,45.34,44.45,0
2026-04-01T08:14:00,IMM-02,MD-A12,PP-GF20,NIGHT,27.91,47.85,0.174,213.27,221.04,226.67,69.49,98.61,53.65,64.39,4.31,1.403,7.71,17.91,34.56,67.9,8.2,831.5,71.65,97.86,43.03,39.72,1
2026-04-01T08:14:42,IMM-02,MD-A12,PA6-GF30,EVENING,24.62,26.7,0.194,220.86,225.38,232.27,69.68,100.01,63.61,73.52,3.84,1.15,7.4,19.54,36.06,78.7,7.58,829.9,79.26,93.29,45.34,43.14,1
2026-04-01T08:15:24,IMM-02,MD-B07,PA6-GF30,EVENING,27.6,53.78,0.192,223.94,231.25,239.76,77.26,105.75,62.64,77.43,4.73,1.218,9.23,19.33,37.83,79.5,5.66,831.1,75.09,91.03,45.76,43.38,0
2026-04-01T08:16:06,IMM-04,MD-A12,ABS,NIGHT,26.77,29.46,0.131,207.47,219.99,223.67,62.02,100.1,63.48,70.13,2.52,1.165,7.8,17.59,35.23,85,8.8,860,69.6,76.69,47.08,50.15,1
2026-04-01T08:16:48,IMM-02,MD-A12,PA6-GF30,EVENING,31.46,37.33,0.121,226.48,233.34,237.21,83.45,110.28,64.13,73.29,5,1.265,7.36,17.69,35.39,82.9,8.4,775.7,83.21,100.05,41.41,54.38,0
2026-04-01T08:17:30,IMM-04,MD-C03,ABS,EVENING,26.85,58.31,0.121,218.19,223.67,227.03,67.69,95.76,56.6,76.62,4.98,1.137,6.84,17.52,35.16,77.4,8.06,912.9,65.55,67.13,44.82,46.25,0
2026-04-01T08:18:12,IMM-03,MD-A12,ABS,DAY,23.24,48.64,0.079,212.48,224.26,228.68,69.15,94.01,55.64,77.71,4.69,1.173,6.58,20.06,35.88,79.6,9.21,788.4,67.56,80.61,47.46,48.21,0
2026-04-01T08:18:54,IMM-01,MD-B07,PP-GF20,EVENING,23.53,60.94,0.091,218.6,224.99,231.21,59.84,96.55,57.05,71.96,4.68,1.255,6.79,18.41,35.53,81.1,7.85,817.2,68.4,90.15,47.44,35.39,1
2026-04-01T08:19:36,IMM-03,MD-C03,PA6-GF30,DAY,23.76,43.18,0.14,229.33,237.99,245,78.83,104.55,65.67,76.88,4.15,1.249,7.35,23.42,40.27,81.8,9.52,838.6,78.18,99.81,44.75,48.94,1
2026-04-01T08:20:18,IMM-04,MD-A12,PP-GF20,DAY,26.08,55.56,0.087,212.75,219.72,223.81,75.36,92.12,52.58,90.46,5.17,1.239,6.14,18.64,34.87,83.6,8.17,840.5,74.02,93.23,45.64,49.58,1
2026-04-01T08:21:00,IMM-02,MD-A12,PA6-GF30,DAY,27.9,46.93,0.124,234.69,242.6,248.8,78.22,99.03,62.77,72.94,3.91,1.053,7.77,17.85,35.65,84.6,8.52,798.2,76.04,83.94,49.66,40.62,0
2026-04-01T08:21:42,IMM-02,MD-A12,ABS,DAY,31.21,52.86,0.088,215.21,217.6,222.15,71.21,94.34,56.98,81.47,3.21,1.165,8.91,18.66,38.79,79.5,8.4,821.2,69.86,83.3,42.2,41.47,0
2026-04-01T08:22:24,IMM-01,MD-B07,ABS,NIGHT,21.05,46.2,0.078,209.74,219.1,225.89,58.86,88.47,56.1,70.64,4.38,1.053,6.05,16.53,32.51,77.8,9.29,812.3,69.47,84.29,46.02,43.57,0
2026-04-01T08:23:06,IMM-01,MD-C03,ABS,DAY,21.18,46.45,0.179,207.71,211.19,213.38,67.4,96.88,56.19,81.62,4.63,1.422,6.57,22.16,38.39,73.9,7.93,849.4,74.13,106.39,42.75,43,0
2026-04-01T08:23:48,IMM-03,MD-B07,PP-GF20,NIGHT,26.77,49.75,0.182,216.57,227.5,231.47,65.57,89.38,49.52,77.47,3.85,1.098,8.45,19.07,38.14,84.1,8.16,797.4,65.02,75.58,47.92,43.05,1
2026-04-01T08:24:30,IMM-03,MD-A12,PP-GF20,DAY,19.28,56.13,0.109,213,217.12,218.06,66.71,102.89,62.64,74.98,2.94,1.345,7.38,20.77,37.5,94.2,7.7,779.4,77.94,100.4,47.49,43.52,0
2026-04-01T08:25:12,IMM-02,MD-B07,PP-GF20,EVENING,24.13,52.84,0.176,210.61,218.56,225.02,68.94,98.55,57.41,66.98,4.43,1.278,8.07,19.08,36.02,72.7,9.12,875,71.17,78.2,44.25,40.01,0
2026-04-01T08:25:54,IMM-01,MD-C03,PP-GF20,EVENING,25.72,63.95,0.164,218.45,224.5,231.66,68.28,96.15,52.82,79.83,4.4,1.479,7.82,21.15,38.56,80.6,7.74,836.4,74.65,114.82,45.24,40.13,0
2026-04-01T08:26:36,IMM-03,MD-C03,PA6-GF30,DAY,26.59,38.3,0.216,237.47,244.75,253.05,70.04,114.7,67.06,70.27,4.63,1.422,9.09,20.95,40.24,83.6,7.95,910.7,86.85,125.4,50.34,46.57,0
2026-04-01T08:27:18,IMM-04,MD-C03,PA6-GF30,DAY,31.17,43.18,0.095,231.85,237.24,243.68,77.95,104.99,67.48,65.74,4.65,1.236,7.51,18.5,35.42,80.8,6.12,814,79.87,100.27,49.14,49.92,0
2026-04-01T08:28:00,IMM-04,MD-A12,PA6-GF30,DAY,29.36,59.58,0.147,231.51,237.81,240.52,72.31,104.81,61.78,64.44,3.94,1.22,7.86,18.73,37.06,96.1,7.59,871.5,71.43,87.75,43.36,47.62,1
2026-04-01T08:28:42,IMM-01,MD-A12,PA6-GF30,DAY,35.13,50.41,0.16,235.8,239.2,246.14,76.98,101.76,62.97,73.03,2.67,1.17,7.22,20.57,38.92,95.8,10.43,846.8,80.54,92.27,44.92,53.34,0
2026-04-01T08:29:24,IMM-01,MD-B07,PP-GF20,NIGHT,26.29,40.65,0.099,209.41,218.37,226.84,74.06,79.16,43.52,74.54,4.18,1.234,7.6,19.7,36.56,72.6,6.69,873.8,62.64,82.22,50.52,50.26,1
2026-04-01T08:30:06,IMM-01,MD-A12,PA6-GF30,DAY,22.69,34.48,0.177,230.21,232.76,237.47,77.04,103.65,58.59,73.84,3.77,1.267,7.49,17.85,35.57,77,7.3,770.7,73.7,102.53,42.11,43.5,0
2026-04-01T08:30:48,IMM-02,MD-A12,PA6-GF30,DAY,28.33,46.72,0.118,227.33,234.56,238.02,73.63,106.85,58.08,62.13,3.92,1.144,7.43,16.38,33.12,86.9,8.01,784.8,82.69,96.36,47.83,50.29,0
2026-04-01T08:31:30,IMM-03,MD-B07,ABS,EVENING,21.89,42.78,0.103,210.47,221.22,228.07,69.88,96.45,55.72,72.79,3.93,1.044,8.18,20.19,38.26,81.3,9.37,764.7,64.8,69.11,49.3,44.45,0
2026-04-01T08:32:12,IMM-04,MD-B07,PP-GF20,EVENING,24.69,32.48,0.02,212.52,219.2,224.43,77.1,89.4,54.97,68.39,4.64,1.16,7.96,20.49,37.89,93.9,7.52,837.2,64.99,82.71,44.01,39.78,1
2026-04-01T08:32:54,IMM-02,MD-C03,PP-GF20,EVENING,22.74,42.04,0.078,212.93,218.45,225.47,70.39,92.82,60.71,76.24,3.39,1.189,8.49,19.14,38.05,85.6,7.19,867.2,73.85,77.86,42.07,43.67,0
2026-04-01T08:33:36,IMM-01,MD-B07,PA6-GF30,DAY,29.53,,0.229,240.15,251.03,254.8,74.54,108.28,60.43,67.18,2.34,1.165,7.1,19.92,36.57,82.2,8.33,849.1,88.96,97.22,42.06,52.68,0
2026-04-01T08:34:18,IMM-02,MD-A12,PP-GF20,EVENING,24.42,55.09,0.123,212.74,221.47,227.16,60.2,92.84,58.06,76.29,4.27,1.187,8.09,18.13,36.24,80.6,8.83,810,74.68,94.89,48.24,43.45,0
2026-04-01T08:35:00,IMM-01,MD-A12,ABS,EVENING,18.31,46.46,0.131,213.38,220.54,225.97,72.28,97.74,55.39,65.76,4.09,1.326,8.29,17.68,35.33,76.4,8.22,783,80.28,105.8,47.44,37.65,0
2026-04-01T08:35:42,IMM-02,MD-A12,PA6-GF30,EVENING,24.76,54.62,0.103,230.67,238.71,245.02,76.49,107.55,63.72,83.12,4.21,1.159,7.96,19.32,37.04,77.8,7.68,824.2,74.58,90.48,44.22,50.12,0
2026-04-01T08:36:24,IMM-02,MD-B07,PP-GF20,EVENING,22.72,43.61,0.097,213.08,220.6,226.48,71.66,96.31,52.71,71.11,4.3,1.197,6.24,19.58,35.8,81.2,7.55,838.1,75.32,101.73,43.99,42.41,0
2026-04-01T08:37:06,IMM-03,MD-A12,ABS,DAY,28.86,56.16,0.134,215.63,224,228.97,66.69,85.41,47.82,81.05,4.25,1.111,8.34,19.11,38.08,91.3,9.06,819.2,64.45,72.66,44.86,49.38,0
2026-04-01T08:37:48,IMM-02,MD-B07,ABS,NIGHT,30.2,54.25,0.095,206.42,212.51,220.22,70.6,93.86,57.35,75.02,3.86,1.229,6.2,18.25,33.97,87.5,9.31,775.4,67.93,86.32,47.51,42.07,0
2026-04-01T08:38:30,IMM-03,MD-A12,PP-GF20,EVENING,24.28,36.17,0.176,214,219.56,224.33,60.04,86.87,53.47,84.35,4.44,1.234,6.61,16.58,32.1,90.7,8.62,856.8,61.14,76.27,41.93,35.43,1
2026-04-01T08:39:12,IMM-03,MD-B07,PA6-GF30,DAY,21.49,36.02,0.174,232,237.53,240.53,74.65,91.29,54.88,81.64,4.26,1.085,9.02,17.72,35.97,82.8,7.58,854.4,64.1,73.71,48.25,52.65,0
2026-04-01T08:39:54,IMM-04,MD-B07,ABS,DAY,26.79,54.94,0.127,221.89,231.2,238.09,71.7,89.65,49.82,71.92,3.85,1.095,8.32,19.4,38.05,75.5,8.1,810.3,66.12,69.52,53.63,39.93,0
2026-04-01T08:40:36,IMM-04,MD-A12,PP-GF20,DAY,23.59,49.07,0.107,218.83,228.54,234.05,64.03,100.16,64.76,70.15,3.84,1.123,8.69,18.84,37.76,70,6.83,867.6,78.18,84.44,51.04,42.76,0
2026-04-01T08:41:18,IMM-02,MD-A12,ABS,DAY,21.4,53.82,0.182,212.64,217.02,223.59,65.89,95.76,49.57,67.98,3.95,1.227,8.99,18.94,38.23,78.8,9.96,797.2,81.65,99.2,47.77,44.33,1
2026-04-01T08:42:00,IMM-03,MD-B07,ABS,DAY,26.4,52.26,0.116,206.61,213.46,218.69,62.95,87.95,48.56,90.36,4.05,1.179,7.76,19.01,35.31,84.2,7.38,829.2,65.17,75.5,45.96,35.26,0
2026-04-01T08:42:42,IMM-03,MD-B07,PP-GF20,DAY,19.81,21.01,0.08,209,212.5,218.3,73.4,95.09,52.31,61.28,4.8,1.229,6.72,18.26,34.38,81.6,7.83,796.4,73.97,86.16,42.47,40.21,0
2026-04-01T08:43:24,IMM-04,MD-A12,PP-GF20,DAY,25.57,51.98,0.037,226.96,234.5,234.66,72.08,98.12,58.04,78.14,2.1,1.137,9.59,17.08,36.44,85.6,8.61,794,76.38,89.55,52.36,45.85,0
2026-04-01T08:44:06,IMM-04,MD-A12,PA6-GF30,EVENING,21.69,47.92,0.264,226.98,235.43,243.77,76.79,103.28,60,78.39,3.89,1.014,7.72,18.76,36.11,86.9,8.67,843,80.14,83.05,40.94,40.45,1
2026-04-01T08:44:48,IMM-03,MD-A12,ABS,DAY,17.83,40.8,0.114,204.4,216.44,220.89,68.89,91.71,53.9,69.92,3.02,1.089,7.63,18.37,34.95,78.8,8.44,809.4,67.55,69.83,44.44,38.44,0
2026-04-01T08:45:30,IMM-01,MD-A12,PP-GF20,DAY,27.04,51.26,0.114,214.63,227.13,233.53,67.07,106.92,66.29,83.48,3.66,1.075,8.43,21.69,38.71,80.7,7.79,860.7,90.83,99.95,46.81,50.34,0
2026-04-01T08:46:12,IMM-03,MD-A12,PA6-GF30,DAY,18.19,65.19,0.15,234.86,239.79,247.37,75.45,108.81,60.25,61.68,4.93,1.187,8.99,22.25,42.12,72.9,8.88,822.8,72.86,86.68,42.98,58.1,0
2026-04-01T08:46:54,IMM-02,MD-B07,PA6-GF30,DAY,24.85,56.34,0.246,225.34,235.28,240.03,77.18,90.24,48.73,77.16,3.43,1.07,7.83,18.02,34.28,82.6,8.12,799.4,75.3,83.68,45.83,49.5,0
2026-04-01T08:47:36,IMM-03,MD-C03,ABS,EVENING,23.24,47.17,0.112,199.84,207.4,212.16,72.43,92.59,54.48,59.84,4.02,1.318,8.37,17.96,36.77,71.8,8.41,832.6,71.26,92.82,49.52,46.68,0
2026-04-01T08:48:18,IMM-03,MD-A12,PP-GF20,NIGHT,27.97,61.73,0.127,212.76,219.06,226.83,64.04,94.37,55.33,85.43,4.22,1.24,7.69,18.3,35.89,83.7,7.75,861.6,75.31,96.33,45.33,48.14,0
2026-04-01T08:49:00,IMM-02,MD-B07,PP-GF20,EVENING,23.1,52.7,0.123,204.71,211.16,217.55,71.87,96.82,54.1,69.51,3.71,1.267,7.02,20.03,37.18,78.6,9.34,808.1,75.8,103.88,45.19,44.15,0
2026-04-01T08:49:42,IMM-03,MD-B07,PP-GF20,EVENING,21.11,47.71,0.117,218.82,224.77,232.9,70.13,93.06,54.56,65.11,3.62,1.329,9.17,18.47,37.53,84.3,6.66,826.6,79.73,102.19,42.67,41.71,0
2026-04-01T08:50:24,IMM-02,MD-B07,PP-GF20,DAY,24.63,48.51,0.125,219.39,225.53,230.39,64.66,89.52,51.05,55.05,4.11,1.234,7.33,17.88,34.35,87.5,9.47,844.4,74.38,80.37,46.96,48.95,0
2026-04-01T08:51:06,IMM-02,MD-C03,PP-GF20,EVENING,29.57,54.44,0.111,210.83,220.94,224.45,65.32,99.88,52.58,79.34,4.67,1.276,7.49,20.67,38.93,76.5,10,851.1,72.87,83.71,48.99,50.12,1
2026-04-01T08:51:48,IMM-02,MD-B07,ABS,NIGHT,23.49,45.18,0.116,219.76,223.73,227.78,65.06,82.19,43.67,75.16,3.75,1.122,7.3,18.84,36.25,79.2,6.26,813.1,61.96,51.52,46.68,44.81,0
2026-04-01T08:52:30,IMM-04,MD-A12,ABS,DAY,23.26,53.26,0.067,211.42,218.97,225.21,68.61,94.52,53.73,78.92,3.95,1.202,8.45,18.27,37.09,91,7.39,849.1,72.92,91.08,46.32,37.19,0
2026-04-01T08:53:12,IMM-02,MD-B07,PA6-GF30,DAY,24.3,43.25,0.157,226.66,234.61,238.05,80.21,106.83,57.36,71.74,3.38,1.199,8.66,18.19,37.39,83.2,6.61,822,81.61,101.33,43.63,53.92,0
2026-04-01T08:53:54,IMM-01,MD-A12,PA6-GF30,DAY,27.07,51.12,0.181,232.86,242.45,246.71,75.99,95.68,57.44,77.91,4.42,1.154,7.4,19.03,35.99,85.8,7.83,842,83.79,96.34,41.12,50.22,0
2026-04-01T08:54:36,IMM-04,MD-B07,PP-GF20,EVENING,20.63,55.6,,216.3,222.21,228.72,67.8,98.39,60.04,65.89,4.89,1.063,7.51,19.11,37,87,8.89,809,72.74,70.86,48.93,41.1,0
2026-04-01T08:55:18,IMM-02,MD-C03,PP-GF20,EVENING,20.44,38.73,0.078,210.88,218.74,222.07,69.9,115.84,67.54,70.98,3.61,1.266,8.18,17.16,33.99,65,10.46,885.6,91.49,115.44,45.43,43.63,0
2026-04-01T08:56:00,IMM-02,MD-C03,PA6-GF30,DAY,30.61,43.5,0.192,233.48,243.5,246.67,77.94,109.18,60.76,76.57,5.44,1.276,8.15,20.38,37.93,67.4,8.54,845.1,83.09,101.09,43.65,46.32,0
2026-04-01T08:56:42,IMM-01,MD-A12,PA6-GF30,DAY,27.97,64.69,0.125,234.22,243.33,242.82,74.31,107.63,62.78,79.64,4.1,1.082,7.93,15.38,32.88,85,7.87,780.7,83.53,93.52,43.25,54.36,0
2026-04-01T08:57:24,IMM-01,MD-A12,ABS,EVENING,20.33,47.55,0.139,211.44,220.5,223.25,71.66,92.93,55.42,73.76,4.02,1.14,7.35,18.46,35.67,89,7.49,833.9,73.1,86.42,46.18,49.65,0
2026-04-01T08:58:06,IMM-01,MD-B07,PA6-GF30,EVENING,24.64,36.67,0.074,223.78,230.13,235.91,67.08,94.6,52.84,56.45,3.46,1.288,8.31,21.41,39.92,69.8,9.72,787.1,71.87,92.12,47.55,46.72,0
2026-04-01T08:58:48,IMM-02,MD-B07,ABS,EVENING,19.19,53.1,0.081,212.3,218.74,224.99,72.32,95.1,55.83,65.63,3.7,1.415,7.68,16.05,34.51,84,8.49,818.1,72.25,100.58,48.72,42.07,0
2026-04-01T08:59:30,IMM-02,MD-C03,ABS,NIGHT,23.47,58.06,0.139,207.66,211.61,216.91,67.36,88.08,49.86,68.48,4.3,1.238,8.39,17.88,36.52,86,9.75,820.6,72.66,88.63,48.58,42.99,0
2026-04-01T09:00:12,IMM-01,MD-B07,ABS,EVENING,20.93,35.84,0.178,204.33,214.37,223.66,70.22,91.62,51.6,73.8,3.68,1.15,6.81,18.29,35.36,87.5,7.36,810.1,65.91,67.2,44.11,37.62,0
2026-04-01T09:00:54,IMM-02,MD-A12,PP-GF20,EVENING,23.44,65.75,0.14,211.65,218.64,223.65,68.48,96.17,57.98,82.67,3.58,1.047,8.42,17.25,35.34,82.1,7.12,868.9,72.94,78.73,39.82,38.3,0
2026-04-01T09:01:36,IMM-02,MD-B07,PA6-GF30,EVENING,18.4,58.54,0.065,246.19,254.76,255.37,76.59,102.19,53.17,79.85,3.6,1.105,6.76,14.67,32.17,80.3,8.14,846.8,80.04,95.44,48.63,39.69,0
2026-04-01T09:02:18,IMM-03,MD-B07,PA6-GF30,EVENING,26.98,63.54,0.115,230.72,236.51,243.94,78.31,113.1,60.83,74.62,4.08,1.236,7.68,17.89,36.27,82.9,9.8,810.9,91.02,109.08,43.62,52.98,0
2026-04-01T09:03:00,IMM-04,MD-C03,PP-GF20,DAY,19.87,39.29,0.103,216.08,221.01,227.41,72.47,101.88,61.15,79.28,5.36,1.239,6.39,19.35,34.07,85.3,8.33,838.2,79.82,97.89,41.43,38.75,0
2026-04-01T09:03:42,IMM-01,MD-B07,ABS,EVENING,22.07,51,0.132,213.43,220.5,227.02,68.73,88.5,47.22,77.58,2.79,1.255,8.61,20.11,38.59,62.8,7.49,788.2,63.44,76.15,39.17,47.06,1
2026-04-01T09:04:24,IMM-03,MD-C03,ABS,DAY,19.37,37.28,0.13,206.8,212.69,219.47,70.85,111.45,68.74,67.58,4.79,1.301,8.3,19.04,35.54,75,8.77,878.5,91.17,119.16,47.56,44.9,1
2026-04-01T09:05:06,IMM-02,MD-A12,ABS,DAY,22.28,56.41,0.206,212.07,217.35,221.68,71.44,90.93,53.97,73.6,3.96,1.26,7.92,18.21,35.32,73.6,9.89,781.6,66.62,82.42,47.04,37.22,0
2026-04-01T09:05:48,IMM-02,MD-A12,PP-GF20,EVENING,27.63,37.09,0.171,216.26,222.58,226.62,72.6,99.28,57.13,67.9,4.42,1.17,7.58,18.62,35.1,85.8,8.29,835.4,83.55,105.77,39.92,45.37,0
2026-04-01T09:06:30,IMM-03,MD-C03,PP-GF20,DAY,21.24,35.73,0.034,213.4,225.07,230.96,72.07,99.32,52.14,83.03,3.54,1.392,8.83,19.74,38.23,71.9,7.49,848.7,76.54,108.44,47.21,42.2,1
2026-04-01T09:07:12,IMM-03,MD-C03,PP-GF20,NIGHT,25.11,71.84,0.072,212.15,219.54,223.68,63.15,99.56,56.05,65.34,3.31,1.304,7.69,19.61,36.68,86.2,8.75,838.3,69.51,85.85,44.96,39.25,0
2026-04-01T09:07:54,IMM-03,MD-B07,ABS,DAY,25.68,47.09,0.097,204.43,211.56,220.22,73.07,93.49,55.55,67.45,4.59,1.199,8.34,19.56,37.48,86.8,9.14,819.3,64.11,75.31,51.79,46.57,0
2026-04-01T09:08:36,IMM-01,MD-B07,PA6-GF30,DAY,26.92,71.63,0.197,223.82,230.73,233.42,82.5,96.2,52.54,77.58,4.38,0.993,7.53,18.3,35.58,84.8,8.77,833.9,73.36,75.85,45.82,53.43,0
2026-04-01T09:09:18,IMM-03,MD-A12,PA6-GF30,EVENING,23.68,42.29,0.181,232.2,241.13,243.7,74.09,106.27,63.15,78,3.35,0.917,6.98,14.57,31.52,87.3,10.37,801.3,73.93,71.91,42.63,53.21,0
2026-04-01T09:10:00,IMM-03,MD-B07,PP-GF20,DAY,21.42,53.11,0.076,222.16,230.14,236.16,76.5,87.98,50.86,53.79,3.51,1.082,8.03,19.94,38.01,92,8.02,860.5,73.04,75.17,46.98,40.54,0
2026-04-01T09:10:42,IMM-04,MD-C03,PP-GF20,NIGHT,28.2,53.18,0.098,218.32,226.65,232.78,66.94,101.86,54.15,79.35,3.19,1.117,6.33,19.27,34.97,72.7,9.46,896.1,78.43,91.03,43.89,38.1,1
2026-04-01T09:11:24,IMM-04,MD-A12,PA6-GF30,NIGHT,26.23,37.94,0.14,237.65,246.63,250.63,74.61,104.75,62.72,78.77,3.25,1.311,6.98,19.58,36.38,76.8,8.25,858.8,85.26,115.54,46.29,51.65,1
2026-04-01T09:12:06,IMM-03,MD-A12,PP-GF20,NIGHT,23.26,40.22,0.046,220.26,230.55,236.66,71.39,98.5,59.64,71.74,3.62,1.194,8.12,20.25,38.14,83.7,8.28,796.2,75.95,94.28,51.93,41.74,0
2026-04-01T09:12:48,IMM-01,MD-C03,PP-GF20,DAY,26.25,43.98,0.102,222.66,233.69,239.46,70.23,92.51,49.62,72.15,4.1,1.105,7.2,19.55,37.57,93.8,8.71,840.2,76.26,94.7,44.4,44.82,1
2026-04-01T09:13:30,IMM-04,MD-C03,PP-GF20,NIGHT,27.96,,0.117,221.01,226.94,233.71,66.37,96.94,58.87,70.9,3.4,1.279,7.28,21.04,38.17,89.2,7.5,885.3,75.19,87.76,49.67,42.86,0
2026-04-01T09:14:12,IMM-04,MD-A12,ABS,EVENING,21.63,58.61,0.102,210.7,219.05,226.87,67.34,99.4,60.79,95.04,3.67,1.457,8.95,16.21,34.08,90.1,9.43,796.8,75.6,110.88,51.07,35.46,0
2026-04-01T09:14:54,IMM-03,MD-B07,PP-GF20,EVENING,20.96,52.8,0.107,219.87,227.74,237.84,67.29,94.58,50.66,62.83,4.7,1.013,6.98,18.59,34.68,96,8.64,897.5,72.06,67.96,50.47,43.92,0
2026-04-01T09:15:36,IMM-03,MD-B07,PP-GF20,DAY,24.82,61.75,0.074,222.02,228.28,232.62,77.69,89.8,50.85,75.54,2.92,1.246,8.95,19.44,37.33,84.6,9.56,818.1,68.27,82.22,49.43,36.28,0
2026-04-01T09:16:18,IMM-01,MD-A12,PP-GF20,DAY,23.68,40.3,0.104,214.01,221.96,226.58,63.83,83.69,51.33,73.73,3.72,1.226,7.97,17.27,35.78,92.4,7.68,870.4,64.56,73.33,38.97,39.71,0
2026-04-01T09:17:00,IMM-02,MD-B07,ABS,EVENING,24.78,60.7,0.125,209.12,220.4,220.9,68.27,106.4,64.22,83.86,3.9,1.225,6.7,15.88,32.42,99,8.5,809.9,81.68,93.81,49.72,41.74,0
2026-04-01T09:17:42,IMM-04,MD-B07,PP-GF20,NIGHT,21.38,39.86,0.101,219.11,226.87,233.37,66.21,93.99,51.87,83.05,4.36,1.091,7.68,19.81,37.94,81.8,10.28,835.1,72.55,79.83,50.75,37.41,1
2026-04-01T09:18:24,IMM-04,MD-B07,ABS,DAY,28.4,53.97,0.118,203.1,206.8,212.79,65.87,95.39,53.58,64.26,4.85,1.046,8.59,17.49,36.27,75.7,8.14,819.9,73.87,84.73,50.15,47.93,1
2026-04-01T09:19:06,IMM-02,MD-A12,PP-GF20,EVENING,21.48,39.05,0.028,206.35,213.83,217.18,76.67,94.02,61.18,66.34,3.81,1.286,7.84,17.44,33.59,80.4,7.95,844.9,76.21,91.78,43.17,43.17,0
2026-04-01T09:19:48,IMM-01,MD-A12,ABS,DAY,27.43,42.12,0.102,205.56,213.61,219.49,66.9,94.27,59.17,73.58,5.4,1.015,8.53,17.36,35.16,73.7,8.18,801,76.39,75.84,42.74,44.65,0
2026-04-01T09:20:30,IMM-02,MD-B07,PP-GF20,NIGHT,26.22,60.36,0.076,208.78,213.44,214.82,71.06,98.16,57.9,74.52,4.9,1.015,7.79,18.14,34.13,77.6,9.09,872.8,69.19,68.91,47.18,38.58,0
2026-04-01T09:21:12,IMM-01,MD-A12,ABS,EVENING,23.31,57.28,0.093,210.04,215.98,221.6,68.09,96.51,56.05,77.83,4.64,1.25,7.92,17.59,35.25,93.8,8.72,758.5,81.09,100.62,53.55,40.13,0
2026-04-01T09:21:54,IMM-01,MD-A12,ABS,NIGHT,25.2,34.44,0.158,202.4,213.12,214.82,77.81,100.78,52.82,72.11,3.06,1.307,7.5,18.89,36.31,93.9,7.1,822.6,68.45,94.49,47.66,39.23,0
2026-04-01T09:22:36,IMM-03,MD-A12,PP-GF20,EVENING,25.54,46.41,0.046,215.81,224.01,230.61,69.66,100.63,60.11,77.63,3.95,1.056,8.36,21.6,39.15,70.4,8.9,790.5,69.05,70.5,46.42,47.72,0
2026-04-01T09:23:18,IMM-01,MD-A12,ABS,DAY,22.63,41.2,0.175,200.6,204.84,211.52,69.34,87.6,51.09,65.13,5.28,0.963,7.85,15.64,33.53,67.2,7.71,845.6,64.24,71.57,50.4,45.98,0
2026-04-01T09:24:00,IMM-04,MD-A12,PA6-GF30,DAY,24.74,53.41,0.209,230.5,237.54,243.09,74.42,102.88,66.08,77.88,3.6,1.207,7.34,17.92,35.06,79.2,8.35,858.8,81.25,101.62,49.16,50.28,0
2026-04-01T09:24:42,IMM-01,MD-B07,PP-GF20,EVENING,21.78,26.98,0.068,215.7,223.88,226.49,72.13,95.82,57.32,60.88,4.86,1.095,8.28,19.2,37.02,89.2,7.93,841.9,79.11,93.96,45.33,45.76,0
2026-04-01T09:25:24,IMM-01,MD-A12,ABS,EVENING,22.21,27.79,0.058,201.35,211.24,221.75,63.66,92.06,55.98,73.91,3.76,1.404,7.17,19.09,35.7,85,7.86,862.3,66.53,90,45.44,39.21,0
2026-04-01T09:26:06,IMM-01,MD-B07,PA6-GF30,DAY,24.55,58.92,0.211,226.34,235.52,240.03,78.44,105.27,59.77,78.52,3.83,1.284,7.84,17.44,35.4,81.5,9.08,821,77.38,106.98,49.71,57.81,0
2026-04-01T09:26:48,IMM-02,MD-B07,ABS,DAY,24.03,20,0.047,203.35,209.56,213.93,63.6,95.46,55.39,90.6,3.66,1.329,8.08,18.92,36.14,76.4,8.4,823.1,69.68,88.44,49.92,41.74,0
2026-04-01T09:27:30,IMM-03,MD-B07,PA6-GF30,EVENING,23.02,47.63,0.225,228.43,238.56,241.57,79.26,100.18,60.14,76.23,4,1.132,7.82,18.97,36.65,90,9.23,789.5,84.23,95.49,45.57,46.78,0
2026-04-01T09:28:12,IMM-04,MD-B07,PA6-GF30,EVENING,14.27,47.1,0.174,225.59,232.05,233.91,65.74,98.3,57.11,71.89,3.5,1.295,6.93,18.95,35.79,80.9,10.13,844.2,71.7,101.23,47.29,46.42,0
2026-04-01T09:28:54,IMM-01,MD-C03,PA6-GF30,DAY,22.15,49.96,0.173,218.84,225.68,232.6,74.23,105.85,66.46,91.05,3.96,1.299,7.22,18.86,36.38,90.5,9.03,883.6,85.5,105.5,43.21,45.97,0
2026-04-01T09:29:36,IMM-02,MD-A12,PP-GF20,EVENING,21.87,49.21,0.136,218.48,224.88,226.95,65.39,87.88,52.09,74.28,4.2,1.322,6.38,16.86,31.95,76,8.09,801.6,58.63,84.23,43.92,39.92,0
2026-04-01T09:30:18,IMM-04,MD-B07,PP-GF20,EVENING,24.37,35.32,0.1,216.8,222.38,229.75,63.63,98.45,53.6,60.23,4.03,1.292,8.28,18.19,36.37,88.9,8.81,804.9,74.77,95.77,49.15,54.06,0
2026-04-01T09:31:00,IMM-03,MD-C03,ABS,DAY,20.2,48.65,0.091,212.47,220.23,226.5,63.9,88.27,50.93,66.38,3.44,1.283,8.35,22.43,38.58,97.7,7.64,832.9,64.97,94.64,52.09,49.12,0
2026-04-01T09:31:42,IMM-03,MD-B07,ABS,EVENING,20.52,49.6,0.074,221.55,229.03,234.36,70.32,92.5,50.56,77.7,3.43,1.278,8.87,19.01,36.8,82.7,7.8,807.4,72.59,90.06,50.4,41.69,0
2026-04-01T09:32:24,IMM-01,MD-B07,PP-GF20,NIGHT,18.48,58.32,0.133,212.16,219.23,224.5,71.69,88.66,54.08,82.59,5.16,1.299,6.93,17.03,34.8,85.1,9.75,818.5,60.13,80.06,46.48,46.56,1
2026-04-01T09:33:06,IMM-04,MD-A12,PP-GF20,DAY,21.84,52.62,0.107,210.21,220.91,227.68,71.5,100.65,56.08,74.51,4.18,1.12,7.01,19.71,36.31,82.7,9.52,822,79.66,90.49,55.49,41.05,0
2026-04-01T09:33:48,IMM-04,MD-A12,ABS,DAY,23.41,69.28,0.184,210.16,217.72,221.98,66.13,101.3,59,68.98,2.87,1.137,7.9,20.18,35.89,83,9,861.1,80.2,90.8,41.75,36.26,1
2026-04-01T09:34:30,IMM-03,MD-B07,PA6-GF30,EVENING,25.59,43.04,0.174,237.41,242.91,247.87,75.94,104.17,60.25,79.98,3.6,1.324,7.83,19.67,37.4,95.7,8.93,825.9,71.81,97.18,46.13,49.06,0
2026-04-01T09:35:12,IMM-04,MD-C03,PP-GF20,NIGHT,21.1,41.27,0.092,211.65,220.29,226.24,76.42,86.2,56.49,82.79,3.75,1.467,8.36,17.72,35.59,71.3,7.25,826.6,62.51,104.14,46.15,41.04,1
2026-04-01T09:35:54,IMM-04,MD-A12,ABS,DAY,29.48,39.6,0.185,207.56,219.71,223.09,72.54,86.4,53.51,73.35,3.02,0.977,7.05,20.86,37.7,81,7.62,772.3,63.2,53.43,47.37,44.48,0
2026-04-01T09:36:36,IMM-01,MD-A12,ABS,DAY,33.97,40.36,0.15,202.72,210.66,218.02,72.83,92.9,49.14,70.27,4.42,1.222,7.38,17.82,35.22,82,8.04,755.2,70.32,78.44,46.27,34.3,0
2026-04-01T09:37:18,IMM-01,MD-A12,PP-GF20,EVENING,23.07,41.69,0.055,227.92,234.18,240.15,65.08,88.17,51.7,76.93,4.97,0.868,6.85,17.49,33.36,77.9,8.89,840,67.52,64.44,46.81,43.56,0
2026-04-01T09:38:00,IMM-04,MD-B07,PP-GF20,DAY,29.12,57.89,0.095,217.71,223.44,227.71,66.69,90.43,48.94,67.02,3.58,1.272,7.81,18.41,36.97,69.2,7.33,757.4,66.77,79.1,47.54,48.41,0
2026-04-01T09:38:42,IMM-03,MD-C03,ABS,EVENING,27.95,42.89,0.069,215.48,221,224.36,63.88,97.79,59.65,67.73,3.34,1.16,8.34,18.33,37.26,88.7,8.23,843.4,78.6,78.62,41.91,40.56,0
2026-04-01T09:39:24,IMM-03,MD-A12,PP-GF20,EVENING,23.49,43.8,0.024,208.65,213.36,218.39,67.97,89.69,51.05,70.33,4.26,1.205,6.84,20.16,35.25,67.7,10.08,847.4,68.33,81.4,51.58,46.6,0
2026-04-01T09:40:06,IMM-03,MD-A12,ABS,DAY,29.16,35.57,0.077,213.99,222.63,228.93,70.46,96.58,53.4,70.39,4.06,1.197,7.78,17.26,34.28,66,8.59,821.1,72.4,86.61,44.61,42.02,0
2026-04-01T09:40:48,IMM-03,MD-A12,PP-GF20,EVENING,25.16,55.75,0.02,212.47,215.18,219.71,72.25,105.05,64.13,81.71,4.43,1.01,7.84,18.35,35.85,82.6,7.2,833.5,76.02,66.75,42.23,39.24,0
2026-04-01T09:41:30,IMM-03,MD-C03,PA6-GF30,DAY,19.49,49.92,0.112,224.12,231.08,236.2,73.02,103.78,56,70.72,1.5,1.274,7.17,21.83,38.6,89.2,9.32,816.8,84.21,108.89,50.27,51.33,0
2026-04-01T09:42:12,IMM-01,MD-C03,ABS,EVENING,30.99,28.54,0.082,217.17,228.77,234.73,71.34,82.02,46.66,81.89,3.9,1.242,8.3,21.96,39.73,81.7,9.93,849.5,64.63,70.93,44.82,37.23,0
2026-04-01T09:42:54,IMM-03,MD-B07,PP-GF20,DAY,22.59,46.27,0.108,210.26,221.39,230.11,70.28,89.9,55.31,70.48,3.22,1.218,6.89,17.97,35,90,8.27,862.3,65.05,78.03,44.73,42.51,0
2026-04-01T09:43:36,IMM-02,MD-A12,PP-GF20,DAY,26.95,36.19,0.148,203.83,212.73,220.15,66.91,101.37,57.69,83.23,3.75,1.555,7.52,19.02,36.73,78.7,9.39,802.2,74.94,114.11,43.86,43.29,0
2026-04-01T09:44:18,IMM-03,MD-C03,PA6-GF30,DAY,26.25,22.2,0.167,224.65,232.86,238.96,81.73,103.45,61.11,83.74,4.64,1.115,8.14,18.22,35.8,84.6,7.52,834.7,70.96,76.91,44.8,46.59,1
2026-04-01T09:45:00,IMM-03,MD-C03,ABS,DAY,30.48,31.12,0.038,202.12,206.18,210.46,73.53,97.24,57.35,71.35,5.01,1.312,7.71,20.89,37.29,81.3,6.99,859.6,71.35,89.75,44.23,38.95,0
2026-04-01T09:45:42,IMM-03,MD-B07,ABS,EVENING,23.94,22.35,0.129,223.71,232.57,238.6,65.76,98.28,54.72,76.31,3.87,1.12,6.99,19.1,37.31,69.8,7.79,825.4,80.28,88.77,43.76,35.82,0
2026-04-01T09:46:24,IMM-02,MD-C03,PA6-GF30,DAY,20.8,63.71,0.141,237.54,242.94,252.62,79.17,106.86,65.55,80.62,4.41,1.361,9.05,18.13,35.37,83.4,8.26,837,81.9,107.41,43.33,42.74,0
2026-04-01T09:47:06,IMM-01,MD-C03,ABS,NIGHT,29.78,21.21,0.143,218.49,225.56,232.61,66.03,90.81,56.96,83.83,5.39,1.249,8.67,20.49,38,91.9,8.51,882.2,70.92,89.01,45.51,39.25,1
2026-04-01T09:47:48,IMM-02,MD-A12,PA6-GF30,DAY,20.85,50.6,0.065,232.5,237.84,242.31,74.29,100.9,60.17,69.74,3.34,1.095,8.8,18.29,36.7,91,8.24,785.7,,88.57,50.04,53.8,0
2026-04-01T09:48:30,IMM-03,MD-A12,PP-GF20,EVENING,23.88,53.37,0.125,205.13,214.73,217.32,67.29,87.69,51.35,86.33,4.59,1.347,7.29,20.87,39,89.5,8.59,738.6,64.21,89.15,47.03,41.78,0
2026-04-01T09:49:12,IMM-04,MD-A12,PP-GF20,DAY,23.68,68.12,0.146,208.98,214.76,220.81,70.88,94.49,56.78,60.81,3.19,0.954,7.94,18.34,36.13,85.7,7.64,834.1,66.25,57.6,47.93,43.07,0
2026-04-01T09:49:54,IMM-03,MD-B07,ABS,DAY,26.45,52.99,0.02,215.27,221.22,224.93,71.15,96.59,58.4,61.73,4.09,1.143,6.82,16.46,32.88,82.7,7.1,815.8,69.26,80.23,47.17,42.67,0
2026-04-01T09:50:36,IMM-02,MD-A12,PA6-GF30,DAY,26.12,54.96,0.138,230.71,239.54,246.17,75.59,94.44,55.86,68.32,4.93,0.917,8.32,18.71,37.91,78.6,9.54,813.9,66.2,59.18,46.58,45.72,0
2026-04-01T09:51:18,IMM-03,MD-B07,PA6-GF30,NIGHT,23.16,45.82,0.224,231.34,237.41,239.52,77.68,98.86,56.94,82.41,4.32,1.292,8.36,19.07,36.23,80.1,11.61,804.7,69.82,89.73,45.38,44.18,1
2026-04-01T09:52:00,IMM-03,MD-C03,ABS,NIGHT,27.36,41.84,0.172,208.74,217.17,219.42,66,104.41,57.96,82.6,5.21,1.192,8.31,16.76,34.45,85.8,7.48,866.7,75.19,88.62,41.77,39.95,0
2026-04-01T09:52:42,IMM-01,MD-A12,PA6-GF30,DAY,26.15,44.04,0.174,232.19,245.45,248.72,72.46,104.3,65.61,71.78,4.61,1.227,8.12,18.23,35.63,89.5,7.67,805.5,80.07,97.84,41.47,48.9,0
2026-04-01T09:53:24,IMM-01,MD-A12,PP-GF20,NIGHT,23.74,64.56,,206.52,213.25,217.84,67.33,96.04,56.97,82.23,4,1.132,8.13,19.23,35.79,71.8,7.57,810.1,72.28,78.26,40.9,48.91,1
2026-04-01T09:54:06,IMM-01,MD-C03,PA6-GF30,DAY,26.73,45.17,0.138,226.63,234.59,238.84,80.69,104.38,63.57,72.72,3.71,1.408,7.91,19.66,36.34,93.2,8.88,846,82.48,117.69,44.1,50.24,1
2026-04-01T09:54:48,IMM-03,MD-B07,PP-GF20,EVENING,25.82,55.66,0.206,214.46,226.04,232.69,69,77.55,43.64,75.3,3.6,1.072,8.17,18.03,35.7,90.4,8.92,889.5,56.13,56.79,46.3,43.83,0
2026-04-01T09:55:30,IMM-04,MD-A12,PA6-GF30,EVENING,25.2,51.26,0.217,229.61,237.79,245.94,73.12,101.76,59.63,73.41,3.31,1.12,7.47,15.61,32.13,89.3,9.18,761.4,67.48,79.17,41.04,42.58,0
2026-04-01T09:56:12,IMM-01,MD-B07,PA6-GF30,DAY,25.71,57.09,0.125,230.63,239.22,244.26,75.41,113.06,66.03,77.65,4.17,1.159,8.73,17.73,35.97,82.4,9.56,807.6,88.54,104.28,48.87,49.73,1
2026-04-01T09:56:54,IMM-01,MD-C03,PA6-GF30,NIGHT,26.43,41.88,0.155,234.83,240.66,246.93,77.95,95.66,57.09,65.34,3.67,1.396,8.49,19.66,39.29,73.4,7.84,862.8,70.62,99.19,47.78,49.74,0
2026-04-01T09:57:36,IMM-02,MD-A12,PP-GF20,EVENING,22.28,,0.115,205.72,214.73,217.85,65.33,108.1,62.45,81.15,3.76,1.16,7.78,18.26,35.5,85.6,8.51,795.8,86.33,98.02,44.95,42.07,0
2026-04-01T09:58:18,IMM-01,MD-C03,PA6-GF30,DAY,24.62,51.74,0.222,236.48,245.44,246.85,75.69,114.34,67.42,82.08,5.47,1.131,8.05,19.26,37.32,70.3,9.58,881.9,90.93,99.04,43.17,45.56,1
2026-04-01T09:59:00,IMM-01,MD-A12,ABS,NIGHT,29.14,52.67,0.169,204.28,208.79,213.02,63.03,95.02,55.9,71,3.46,1.109,8.27,16.1,33.61,84.8,8.2,861,70.79,87.01,46.73,42.43,0
2026-04-01T09:59:42,IMM-03,MD-B07,PA6-GF30,EVENING,28.35,49.6,0.194,232,241.29,250.02,73.92,96.27,57.5,80.97,5.58,1.317,8.12,17.76,36.05,67.3,10.63,869,68.65,99.98,47.82,46.65,0
2026-04-01T10:00:24,IMM-01,MD-B07,PP-GF20,DAY,18.42,45.53,,206.05,213.38,217.74,69.81,101.87,60.47,74.11,3.96,1.32,8.56,20.43,37.66,81.7,9.06,878.1,84.81,112.62,44.82,34.29,0
2026-04-01T10:01:06,IMM-01,MD-B07,ABS,EVENING,20.77,47.19,0.047,213.26,220.28,226.19,66,94.06,50.82,76.41,4.68,1.353,7.87,15.98,33.98,74,8.33,803,67.71,95.93,48.46,42.15,0
2026-04-01T10:01:48,IMM-04,MD-A12,ABS,EVENING,24.15,31.88,0.202,204.4,218.39,222.24,65.15,98.86,48.83,68.13,3.23,1.148,8.61,19.68,38.23,91.2,8.09,800.2,82.44,104.63,47.22,44.74,1
2026-04-01T10:02:30,IMM-04,MD-C03,ABS,DAY,24.99,60.71,0.195,214.17,222.82,225.69,73.1,92.61,56.25,73.92,3.42,1.259,7.52,17.02,34.1,85.3,10.3,859.8,67.32,70.41,49.83,41.97,1
2026-04-01T10:03:12,IMM-03,MD-C03,PP-GF20,EVENING,23.24,44.9,0.039,220.15,227.9,237.4,68.28,94.04,47.74,66.24,3.76,1.339,8.34,16.24,34.23,91.5,7.81,899.5,76.22,104.83,46.76,40.37,0
2026-04-01T10:03:54,IMM-01,MD-A12,PP-GF20,EVENING,17.64,55.24,0.02,214.55,221.79,227.84,67.14,89.4,50.16,70.04,4.19,1.048,8.36,18,37.15,86.4,10.43,765.9,65.88,69.22,43.89,40.84,0
2026-04-01T10:04:36,IMM-01,MD-B07,PP-GF20,NIGHT,22.95,61.6,0.061,209.85,215.69,222.5,67.86,80.82,47.01,72.67,3.44,1.045,6.15,17.18,32.11,87.2,9.77,783.1,54.15,54.35,47.3,43.23,0
2026-04-01T10:05:18,IMM-04,MD-A12,PP-GF20,DAY,25.41,37.97,0.088,212.32,219.13,223.25,73.23,87.71,45.88,87.26,4.32,1.119,9.3,17.28,35.82,86,9.1,825.1,63.28,79.08,43.39,44.52,1
2026-04-01T10:06:00,IMM-04,MD-C03,ABS,EVENING,20.53,64.51,0.157,215.44,222.52,223.68,70.86,90.49,48.49,80.16,2.99,1.212,8.37,18.52,37.88,82.3,9.06,884.7,64.11,76.38,48.88,43.67,0
2026-04-01T10:06:42,IMM-04,MD-B07,PA6-GF30,EVENING,25.45,51.56,0.178,240.82,249.11,256.52,74.39,108.32,63.35,87.63,3.2,1.027,7.81,15.68,32.94,91.4,8.38,813.1,82.06,81.92,46.41,55.41,0
2026-04-01T10:07:24,IMM-03,MD-B07,PA6-GF30,NIGHT,24.94,35.38,0.162,232.55,238.57,244.39,79.4,101.4,60.79,61.18,5.03,1.279,7.32,17.95,34.2,77,6.95,811.3,80.9,100.16,49.68,51.76,0
2026-04-01T10:08:06,IMM-04,MD-B07,ABS,DAY,29.77,43.87,0.119,214.09,220.89,225.57,71.69,94.14,55.81,88.65,3.21,1.112,7.66,17.11,34.23,61.2,7.52,883.3,68.36,80.73,46.32,42.94,0
2026-04-01T10:08:48,IMM-04,MD-C03,PP-GF20,DAY,25.15,45.1,0.201,217.71,223.2,226.53,70.35,81.88,46.03,80.89,2.59,1.268,7.83,16.77,35.13,67.7,8.6,848.5,59.91,76.1,44.76,38.29,0
2026-04-01T10:09:30,IMM-04,MD-A12,PP-GF20,DAY,24.19,52.39,0.125,214.9,223.79,226.99,68.82,88.01,50.95,70.94,4.83,1.241,8.05,20.92,39.01,74.2,9.24,857.6,62.47,86.15,47.06,40.78,0
2026-04-01T10:10:12,IMM-01,MD-C03,PP-GF20,EVENING,23.55,33.38,0.1,214.23,223.43,231.3,69.57,103.21,60.83,62.37,3.44,1.386,8,17.19,34.04,80.7,8.91,801,85.51,122.35,43.2,47.69,0
2026-04-01T10:10:54,IMM-02,MD-C03,PP-GF20,EVENING,19.85,50.37,0.207,213.59,224.29,231.14,70.66,97.18,59.03,71.45,4.81,1.333,6.94,18.8,35.24,96.6,7.78,888.4,71.7,91.24,47.18,42.72,1
2026-04-01T10:11:36,IMM-02,MD-B07,PA6-GF30,DAY,29.3,48.81,0.138,245.32,257.61,262.65,72.4,99.91,56.9,68.69,3.11,1.162,8.13,14.56,32.27,72.9,8.57,781.9,73.11,85.44,42.15,54.12,0
2026-04-01T10:12:18,IMM-03,MD-A12,PA6-GF30,EVENING,22.68,52.47,0.222,223.81,231.35,233.81,79.87,96.17,56.08,76.23,4.73,1.097,7.5,18.57,35.98,86,6.82,832.9,74.16,81.63,48.08,44.96,1
2026-04-01T10:13:00,IMM-03,MD-B07,PP-GF20,DAY,26.83,37.66,0.11,207.72,216.17,224.51,71.47,92.83,51.19,58.69,4.11,1.226,8.6,19.1,37.83,92.2,10.35,822.1,67.75,84.67,46.36,43.25,0
2026-04-01T10:13:42,IMM-04,MD-C03,ABS,DAY,25.81,62.33,0.124,202.55,208.69,214.47,59.35,95.97,59.85,76.71,4.53,1.149,8.24,20.31,38.72,82.9,7.42,880.6,75.19,96,47.25,40.83,0
2026-04-01T10:14:24,IMM-03,MD-B07,PA6-GF30,NIGHT,26.41,48.88,0.176,229.64,242.08,250.98,74.35,101.99,59.88,73.69,4.17,1.183,8.77,17.6,36.49,83.2,9.32,838.8,79.06,88.61,44.57,46.68,0
2026-04-01T10:15:06,IMM-04,MD-A12,PP-GF20,DAY,24.45,61,0.207,204.29,212.37,216.07,66.83,94.25,56.21,75.01,4.62,1.214,8.07,17.79,35.84,82.5,7.46,868.5,80.83,89.28,46.92,46.29,1
2026-04-01T10:15:48,IMM-02,MD-C03,ABS,NIGHT,22.4,54.07,0.117,219.15,228.52,231.44,71.29,100.5,59.69,73.06,4.61,1.127,8.39,20.37,37.85,84.8,7.89,897.8,77.34,77.59,44.59,41.93,0
2026-04-01T10:16:30,IMM-01,MD-C03,PP-GF20,NIGHT,32.9,52.03,0.15,207.38,216.15,221.06,68.07,95.35,56.65,66.47,4.99,1.363,6.14,20.47,37.32,82.5,8.56,842.3,70.96,99.9,48.89,48.08,0
2026-04-01T10:17:12,IMM-04,MD-B07,ABS,NIGHT,21.39,45.06,0.172,216.57,223.58,228.16,67.5,95.64,60.4,71.96,5.04,1.199,8.57,16.65,34.7,79.9,9.8,818.3,73.46,87.52,48.94,45.07,0
2026-04-01T10:17:54,IMM-04,MD-A12,PP-GF20,NIGHT,19.6,47.32,0.137,225.56,236.47,238.1,69.76,87.21,55.63,77.21,4.16,1.309,6.68,16.73,33.51,82.2,7.56,812.1,56.26,76.31,43.62,36.38,1
2026-04-01T10:18:36,IMM-04,MD-A12,ABS,DAY,26.78,35.07,0.06,205.17,214.98,225.4,66.45,106.99,61.15,65.84,2.91,1.244,8.39,19.98,38.63,88.3,11.12,850.2,84.06,100.27,48.13,47.54,0
2026-04-01T10:19:18,IMM-04,MD-C03,PP-GF20,EVENING,27.53,41.7,0.102,210.76,224.58,229.22,70.85,96.46,57.99,85.13,4.26,1.393,7.13,20.06,36.95,80.9,7.57,840.7,74.71,96.32,49.22,35.55,0
2026-04-01T10:20:00,IMM-02,MD-B07,PP-GF20,DAY,22.03,63.21,0.123,210.47,215.35,219.17,65.92,97.5,53.52,64.08,4.62,1.236,7.38,17.08,35.27,87.9,7.45,772.7,79.11,89.9,43.65,39.79,0
2026-04-01T10:20:42,IMM-01,MD-C03,PP-GF20,DAY,23.19,60.58,0.127,214.77,220.55,224.67,73.47,104.24,60.46,84.56,2.65,1.249,8.62,20.93,38.77,88.3,8.3,808.4,75.72,92.07,41.61,47.41,0
2026-04-01T10:21:24,IMM-02,MD-A12,ABS,DAY,25.01,37.52,0.13,214.47,219.04,225.27,67.26,99.99,59.09,73.77,3.9,1.148,6.36,17.84,33.97,75.4,8.97,872.5,73.97,86.31,49.44,36.32,0
2026-04-01T10:22:06,IMM-02,MD-C03,ABS,DAY,27.09,49.03,0.154,209.94,218.12,225.27,64.84,97.72,57.11,67.08,3.93,1.119,7.79,18.37,35.74,86,9.98,881.4,78.78,90.86,41.39,52.1,0
2026-04-01T10:22:48,IMM-01,MD-A12,ABS,DAY,24.89,58.87,0.105,214.27,220.35,225.88,67.9,103.31,62.94,75.99,3.68,1.266,9.16,17.5,35.98,83.7,9.81,806.6,80.73,106,42.61,38.21,0
2026-04-01T10:23:30,IMM-01,MD-A12,PA6-GF30,NIGHT,21.27,38.17,0.164,233.9,242.61,248.44,68.6,102.83,57.08,80.91,4.61,1.289,7.74,18.84,36.41,95.1,7.81,740.5,75.41,90.76,42.17,50.1,0
2026-04-01T10:24:12,IMM-04,MD-C03,ABS,EVENING,24.06,47.65,0.043,212.88,217.25,223.03,70.57,79.79,52.84,81.36,2.74,1.302,6.89,16.49,34.27,70.2,9.93,835.5,57.32,76.92,41.67,46.01,1
2026-04-01T10:24:54,IMM-01,MD-A12,ABS,EVENING,24.97,53.19,0.171,211.32,222.25,229.13,66.66,87.13,49.06,70.51,3.82,1.278,7.12,19.35,35.73,84.4,9.04,832.5,67.27,75.22,40.79,42.45,1
2026-04-01T10:25:36,IMM-04,MD-B07,ABS,NIGHT,23.2,53.02,0.105,213.09,225.87,229.23,69.46,103.11,60.5,78.34,5.08,1.138,7.3,16.81,34.39,93.6,8.43,802.3,77.78,84.64,47.86,39.89,0
2026-04-01T10:26:18,IMM-03,MD-B07,ABS,EVENING,18.33,72.37,0.141,201.09,204.58,210.67,69.75,102.27,63.05,69.37,3.87,1.099,8.31,18.82,36.1,66.9,9.37,825.3,78.42,85.79,47.41,31.72,1
2026-04-01T10:27:00,IMM-02,MD-A12,PP-GF20,DAY,22.84,62.44,0.116,201.76,207.11,214.81,66.26,90.65,53.72,78.28,4.16,1.417,8.35,16.97,35.69,72.8,8.63,802,66.16,97.14,45.66,37.05,0
2026-04-01T10:27:42,IMM-01,MD-A12,PA6-GF30,DAY,22.56,52.13,0.217,230.3,235.58,241.55,79.26,95.08,58.84,75.44,4.28,1.044,7.54,17.74,36.17,70.5,8.09,860.4,74.24,78.33,41.12,56.1,0
2026-04-01T10:28:24,IMM-02,MD-A12,ABS,DAY,25.03,45.36,0.075,218.1,225.27,229.4,66.32,92.4,57.34,76.91,3.56,1.098,7.34,17.92,33.99,87.2,9.4,846.1,75.65,78.66,44.12,48.99,0
2026-04-01T10:29:06,IMM-02,MD-B07,PA6-GF30,EVENING,20.77,43.14,0.154,227.14,235.3,243.79,77.81,99.56,58.4,81.32,2.53,1.238,7.66,14.51,31.74,84.8,6.03,831.1,80.21,100.42,46.12,48.05,0
2026-04-01T10:29:48,IMM-01,MD-B07,PA6-GF30,EVENING,26.67,24.31,0.119,227.02,235.71,242.83,73.08,105.59,64.72,63.86,3.62,1.078,8.23,16.7,35.35,71.4,9.52,792.4,81.28,88.24,42.74,51.95,0
2026-04-01T10:30:30,IMM-04,MD-B07,ABS,EVENING,26.23,45.66,0.167,212.88,225.54,233.53,70.94,82.14,44.15,81.9,3.63,1.274,7.34,18.27,34.98,78.2,8.72,819.2,61.75,82.73,42.44,44.25,0
2026-04-01T10:31:12,IMM-01,MD-C03,ABS,EVENING,27.28,47.81,0.188,210.16,220.63,225.67,70.51,87.74,51.39,78.49,3.58,1.217,7.82,17.6,35.42,75.7,9.36,869.5,69.13,88.26,43.38,45.85,0
2026-04-01T10:31:54,IMM-03,MD-A12,PA6-GF30,DAY,24.83,50.78,0.162,232.26,239.86,243.51,79.88,104.66,56.69,67.99,3.49,1.278,7.59,18.79,36.47,80.1,9.43,813.7,79.63,107.27,45.47,45.91,0
2026-04-01T10:32:36,IMM-03,MD-A12,PP-GF20,DAY,18.64,70.53,0.12,209.34,217.94,219.8,67.98,94.42,54.46,67.75,4,1.322,7.35,17.07,33.73,82.6,7.81,791.2,70.42,103.57,49.62,41.83,0
2026-04-01T10:33:18,IMM-02,MD-C03,PA6-GF30,EVENING,21.63,27.62,0.14,228.08,235.87,237.29,69.07,105.73,58.12,76.7,3.61,1.204,7.91,20.15,38.17,82.9,9.4,835.4,77.04,95.71,46.42,53.29,1
2026-04-01T10:34:00,IMM-01,MD-C03,PP-GF20,NIGHT,23.21,62.24,0.083,206.64,209.61,215.34,65.31,95.75,58.75,62.94,4.15,1.228,7.88,17.94,35.13,83.5,9.58,837.5,77.13,94.28,43.64,46.39,0
2026-04-01T10:34:42,IMM-03,MD-A12,PA6-GF30,DAY,20.71,42.6,0.199,238.37,247.34,253.82,73.46,84.43,49.72,80.58,3.48,1.388,7.06,18.85,34.72,92.1,9.43,816.9,68.67,91.82,40.26,47.69,1
2026-04-01T10:35:24,IMM-04,MD-A12,ABS,DAY,25.48,36.35,0.02,214.92,218.15,223.31,69.09,101.61,62.84,67.84,5.23,1.24,7.5,18.68,34.61,83.6,6.59,786.6,74.95,101.3,53.66,41.45,0
2026-04-01T10:36:06,IMM-01,MD-A12,PP-GF20,EVENING,22.41,56.9,0.178,213.35,217.74,224.6,72.89,86.28,48.16,67.78,4.19,1.095,7.49,18.44,35.61,77.8,8.23,871.6,68.48,78.07,42.34,44.84,0
2026-04-01T10:36:48,IMM-03,MD-A12,ABS,NIGHT,23.53,42.96,0.135,207.15,216.24,224.87,63.12,94.18,57.78,60.42,3.39,1.197,8.26,19.89,36.25,77,8.33,830.7,68.5,84.88,48.14,42.61,0
2026-04-01T10:37:30,IMM-02,MD-B07,ABS,NIGHT,25.85,44.62,0.02,209.87,216.29,223.18,69.31,93.01,53,71.11,4.24,1.19,8.43,17.26,34.62,103.1,9.77,813.4,72.12,84.98,50.53,36.13,0
2026-04-01T10:38:12,IMM-02,MD-C03,ABS,EVENING,27.46,56.07,0.14,215.4,226.47,233.96,69.17,90.51,56.39,72.55,4.98,1.42,7.12,19.35,35.92,78.6,7.77,890.8,62.97,86.53,45.79,38.13,0
2026-04-01T10:38:54,IMM-03,MD-C03,PP-GF20,DAY,25.28,53.19,0.127,217.58,228.04,233.44,62.83,103.05,58.36,81.95,5.02,1.249,8.65,21.38,38.87,92.5,6.7,855.6,69.99,84.28,44.55,52.02,0
2026-04-01T10:39:36,IMM-01,MD-B07,PA6-GF30,DAY,20.71,52.73,0.177,225.63,231.65,236.86,76.79,96.69,56.72,66.31,3.99,1.098,8.11,19.17,37.05,81.7,7.72,894.9,74.01,91.45,47.8,59.25,0
2026-04-01T10:40:18,IMM-01,MD-A12,PA6-GF30,NIGHT,22.92,46.33,0.166,235.97,241.1,248.95,80.15,98.41,64.21,68.54,5.83,1.201,8.19,16.63,34.34,83.8,10.5,832.1,69.47,77.21,47.18,53.18,0
2026-04-01T10:41:00,IMM-01,MD-B07,ABS,DAY,18.83,45.08,0.15,205.88,212.83,219.2,67.27,92.29,57.49,63.61,2.12,1.317,6.06,16.91,33.23,80.9,7.14,833.7,69.78,99.85,49.38,42.27,1
2026-04-01T10:41:42,IMM-01,MD-B07,PA6-GF30,NIGHT,21.89,38.12,0.192,224.76,230.97,236.38,79.17,90.97,52.17,69.63,2.72,1.33,6.48,18.45,34.69,80.2,8.34,792.9,61.88,87.69,43.12,39.93,1
2026-04-01T10:42:24,IMM-01,MD-C03,PP-GF20,EVENING,28.82,42.09,0.076,216.27,223.74,226.71,63.34,99.03,57.67,69.01,4.66,1.272,7.19,18.16,33.9,77.7,10.95,876.4,72.97,93.77,45.93,43.28,0
2026-04-01T10:43:06,IMM-04,MD-B07,PP-GF20,EVENING,23.79,57.49,0.086,220.42,226.63,232.25,77.7,90.18,48.04,83.63,4.57,1.392,9.2,18.32,36.47,81.6,10.46,816.4,,93.64,48.83,40.31,0
2026-04-01T10:43:48,IMM-03,MD-B07,PP-GF20,EVENING,21.55,55.31,0.142,218.69,225.86,229.79,60.7,96.57,61.65,70.37,4.17,1.101,8.99,18.35,37.21,85.6,6.19,801.9,72.93,73.43,48.04,44.26,0
2026-04-01T10:44:30,IMM-04,MD-A12,ABS,DAY,30.91,37.49,0.152,213.66,223.04,227,66.19,95.98,49.63,79.79,4.27,1.237,7.86,20.57,37.56,80.3,8.73,832,74.4,84.56,49.37,44.51,0
2026-04-01T10:45:12,IMM-03,MD-B07,PP-GF20,EVENING,19.9,45.81,0.085,220.63,224.29,230.23,73.61,92.65,54.46,75.76,3.34,1.082,8.72,21.45,39.3,90.4,6.72,813.7,75.01,86.17,46.73,44.16,0
2026-04-01T10:45:54,IMM-04,MD-C03,ABS,DAY,20.84,27.63,0.155,203.83,211.67,213.88,65.81,110.62,63.17,90.37,3.3,1.303,7.8,17.72,35.66,78.5,8.09,871.4,72.72,90.93,47.37,29.86,0
2026-04-01T10:46:36,IMM-04,MD-B07,PA6-GF30,EVENING,25.22,51.67,0.139,230.29,242.03,249.25,71.89,99.86,58.64,78.29,3.23,1.159,8.42,19.21,37.5,78.1,7.9,786.6,78.68,93.53,43.92,53.04,0
2026-04-01T10:47:18,IMM-03,MD-A12,PA6-GF30,EVENING,26.3,61.52,0.205,236.61,245.05,248.19,80.72,108.86,63.8,71.37,4.21,1.316,7.69,19.46,36.49,79,9.08,843.1,82.96,108.74,46.15,44.02,1
2026-04-01T10:48:00,IMM-04,MD-B07,ABS,EVENING,26.29,57.87,0.119,206.53,213.87,219.64,69.69,93.35,54.27,82.99,4.21,0.994,7.41,18.94,35.45,71.7,7.98,834.3,66.51,61.21,49.14,47.92,0
2026-04-01T10:48:42,IMM-03,MD-B07,PP-GF20,EVENING,29.29,41.77,0.075,205.28,212.35,221.06,64.08,83.77,53.16,57.72,4.03,1.337,7.6,17.36,34.3,83.1,7.95,841.9,59.31,81.21,47.82,48.72,0
2026-04-01T10:49:24,IMM-02,MD-A12,PA6-GF30,DAY,31.27,58.23,0.213,223.58,232.1,238.55,69.79,102.7,57.24,67.37,4.82,1.2,8.08,20.18,39.04,78.9,8.19,773.3,80,97.95,45.92,52.75,0
2026-04-01T10:50:06,IMM-04,MD-C03,PA6-GF30,DAY,27.47,51.39,0.091,232.29,242.88,248.07,79.07,104.39,57.08,77.65,5.51,1.437,8.1,20.32,38.52,98.5,7.96,869.7,75.62,101.19,57.17,53.12,1
2026-04-01T10:50:48,IMM-04,MD-A12,PA6-GF30,DAY,28.19,45.72,0.112,236.08,240.86,245.65,72.44,115.36,67.22,69.54,3.46,1.335,7.88,16.52,33.87,103.1,7.87,863.7,81.96,101.67,44.6,54.84,0
2026-04-01T10:51:30,IMM-01,MD-C03,PP-GF20,DAY,24.9,43.02,0.133,199.41,209.5,219.83,64.17,101.24,61.27,87.26,4.04,1.306,7.01,19.55,35.83,86.5,10.08,859.3,75.14,94.6,44.7,48.76,0
2026-04-01T10:52:12,IMM-02,MD-A12,PA6-GF30,EVENING,27.64,48.93,0.234,232.5,239.3,241.76,82.66,91.65,46.61,63.65,3.6,1.084,7.77,20.72,37.35,74.1,7.69,830.3,78.18,85.56,47.7,51.23,0
2026-04-01T10:52:54,IMM-04,MD-B07,PA6-GF30,DAY,26.17,46.82,0.184,222.03,231.75,239.28,76.03,106.24,64.99,74.38,4.71,1.34,7.14,18.27,33.97,79,8.8,871.1,83.01,111.46,44.17,53.99,0
2026-04-01T10:53:36,IMM-03,MD-A12,PP-GF20,DAY,22.08,46.71,0.071,216.72,223.07,227.97,62.43,91.6,49.39,71.56,4.72,1.174,6.81,17.88,35.27,86.3,7.27,806.7,68.19,87.03,42.05,48.48,1
2026-04-01T10:54:18,IMM-02,MD-B07,ABS,EVENING,19.45,29.63,0.138,208.53,211.41,219.16,71.82,86.81,49.87,86.68,3.24,0.957,8.19,16.81,33.75,94.2,7.46,810.9,70.53,74.19,51.58,35.96,0
2026-04-01T10:55:00,IMM-04,MD-B07,ABS,DAY,19.07,37.48,0.124,206.68,212.9,216.35,63.83,84,51.76,79.68,3.93,1.131,7.4,17.22,34.13,76.7,9.51,861.8,59.01,66.88,40.33,39.2,0
2026-04-01T10:55:42,IMM-04,MD-B07,PA6-GF30,NIGHT,22.61,71.27,0.189,225.79,233.6,241.02,75.17,108.29,62.91,69.76,3.43,1.21,8.15,18.22,37.06,65.1,10.44,842.9,85.8,113.87,40.16,49.76,0
2026-04-01T10:56:24,IMM-01,MD-A12,PP-GF20,DAY,27.63,42.25,0.148,214.06,220.12,224.55,63.78,100.12,62.66,73.79,3.97,1.068,7.62,20.09,37.76,75.9,9.41,822.2,80.38,71,44.79,48.92,0
2026-04-01T10:57:06,IMM-02,MD-A12,PA6-GF30,NIGHT,28.5,48.87,0.129,226.78,232.04,239.01,84.49,100.7,50.27,65.77,5.13,1.106,8.3,15.66,34.2,91.2,10.84,867.6,70.11,89.05,48.53,46.43,0
2026-04-01T10:57:48,IMM-02,MD-C03,ABS,NIGHT,24.49,47.79,0.059,210.4,217.98,222,71.88,86.28,50.64,72.33,5.05,1.421,8.26,17.25,35.6,81.7,8.72,880.1,57.36,88.77,46.94,32.67,0
2026-04-01T10:58:30,IMM-01,MD-A12,PP-GF20,DAY,21.95,47.66,0.079,220.05,223.31,229.35,76.28,91.25,51.65,73.33,2.35,1.368,7.99,21,39.8,70.7,8.73,837.2,64.12,89.36,49.97,49.9,1
2026-04-01T10:59:12,IMM-01,MD-B07,ABS,EVENING,20.57,46,0.071,206.09,208.08,213.2,61.4,81.57,44.24,77.59,3.76,1.106,7.14,18.45,36.59,80.8,9.38,812.1,60.34,70.76,45.08,42.06,0
2026-04-01T10:59:54,IMM-04,MD-C03,PP-GF20,DAY,30.11,35.01,0.143,222.31,234.02,239.94,67.88,100.72,59.08,72.93,4.68,1.432,8.72,19.4,37.76,71.3,9.96,903.2,75.73,108.98,46.64,41.2,0
2026-04-01T11:00:36,IMM-02,MD-A12,PP-GF20,EVENING,27.13,57.08,0.206,209.37,220.72,226.03,70.7,105.49,63.77,75.79,2.96,1.246,8.69,19.35,38.23,73.5,7.21,840.5,76.61,103.7,47.77,42.71,0
2026-04-01T11:01:18,IMM-04,MD-C03,PA6-GF30,EVENING,28.22,37.14,0.159,234.69,239.48,246.81,74.31,108.3,63.92,70.61,4.89,1.437,6.16,20.01,36.56,89.6,9.49,831.7,85.87,121.94,51.32,53.05,0
2026-04-01T11:02:00,IMM-02,MD-A12,ABS,EVENING,30.46,41.34,0.088,209.82,219.02,228.16,68.09,96.42,54.08,73.13,3.49,1.16,7.36,18.12,36.28,94,9.28,833.4,74.12,85.44,44.21,48.16,0
2026-04-01T11:02:42,IMM-01,MD-A12,ABS,DAY,22.86,54.92,0.135,216.67,226.28,235.58,70.31,90.25,50.54,68.58,4.24,1.052,7.72,18.42,35.06,92.2,7.97,759.3,59.97,64.44,45.67,43.67,0
2026-04-01T11:03:24,IMM-03,MD-B07,ABS,EVENING,26.57,39.33,0.127,215.71,218.68,222.89,63.43,99.5,54.06,65.49,4.11,1.215,8.56,17.32,35.05,71.9,8.68,784.5,72.37,80.8,51.14,39.3,0
2026-04-01T11:04:06,IMM-03,MD-A12,PP-GF20,DAY,27.76,55.2,0.104,216.31,225.46,228.36,64.85,98.18,58.83,64.64,4.27,1.068,7.75,16.15,32.12,81.9,7.7,785.5,71.69,81.46,48.37,41.36,0
2026-04-01T11:04:48,IMM-02,MD-A12,PP-GF20,DAY,24.08,33.13,0.038,222.32,232.08,241.13,74.21,86.45,47.17,67.42,5.73,1.16,9.05,17.55,37.4,82.3,7.33,759.8,63.05,74.56,44.06,44.58,0
2026-04-01T11:05:30,IMM-03,MD-A12,PP-GF20,NIGHT,28.85,28.51,0.121,205.24,215.62,222.22,67.37,92.05,51.52,69.13,4.51,1.341,6.37,17.48,33.34,75.8,7.71,864.7,68.58,84.85,48.51,48.44,0
2026-04-01T11:06:12,IMM-04,MD-A12,PA6-GF30,NIGHT,29.72,61.33,0.186,227.27,237.56,241.64,81.16,105.89,63.75,67.44,3.93,1.028,7.58,21.82,39.63,88.8,9.37,821.5,86.64,91.28,47.56,45.62,1
2026-04-01T11:06:54,IMM-02,MD-A12,PA6-GF30,DAY,21.32,36.99,0.113,233.81,238.93,242.97,81.49,107.09,61,62.48,3.98,0.979,7.47,16.49,31.16,69.1,7.2,842.8,76.98,74.96,52.07,50.9,1
2026-04-01T11:07:36,IMM-03,MD-A12,PP-GF20,EVENING,24.16,38.33,0.081,219.2,228.45,236.24,67.75,93.77,50.76,77.35,3.52,0.895,6.4,17.22,31.94,83.4,7.84,839.5,64.8,50.04,45.24,46,0
2026-04-01T11:08:18,IMM-04,MD-C03,ABS,EVENING,23.33,24.97,0.115,211.17,221.36,221.54,73.72,90.66,52.47,66.95,3.04,1.162,8.15,20.49,37.26,83.7,6.97,888.1,68.27,70.57,44.97,46.25,0
2026-04-01T11:09:00,IMM-02,MD-B07,PP-GF20,EVENING,24.29,51.75,0.181,213.7,221.03,224.44,74.98,86.65,46.89,74.07,2.8,1.14,7.14,18.48,35.23,81.8,7.5,838.3,68.07,90.4,43.98,37.06,1
2026-04-01T11:09:42,IMM-04,MD-A12,PP-GF20,DAY,18.21,53.06,0.133,220.02,228.37,237.06,67.58,94.84,51.74,82.16,4.38,1.054,6.44,21.57,36.84,79.5,9.32,807,80.77,84.06,51.89,38.57,0
2026-04-01T11:10:24,IMM-01,MD-B07,ABS,DAY,26.85,35.88,0.077,201.45,210.87,215.58,74.02,80.95,44.16,76.37,3.84,1.274,7.98,19.3,35.99,79.7,6.85,803.8,54.84,74.15,41.48,43.95,0
2026-04-01T11:11:06,IMM-02,MD-B07,PA6-GF30,DAY,24.27,52.51,0.193,237.21,244.11,246.74,84.37,114.6,63.91,87.78,3.21,1.348,6.91,17.43,33.7,62.1,8.3,839.1,82.51,109.14,47.38,54.84,1
2026-04-01T11:11:48,IMM-02,MD-B07,ABS,DAY,26.24,67.95,0.067,215.07,222.31,225.28,72.45,93.28,50.24,78.55,4.15,1.399,8.59,20.25,38.79,89,7.36,836.1,67.12,101.78,44.6,44.72,0
2026-04-01T11:12:30,IMM-03,MD-A12,ABS,DAY,22.01,53.58,0.13,211.5,220.54,227.72,67.41,89.53,50.05,65.21,4.44,1.327,8.92,18.5,37.3,85.5,9.73,890.9,65.8,86.03,41.29,39.97,0
2026-04-01T11:13:12,IMM-04,MD-C03,ABS,EVENING,25.89,41.61,0.099,214.67,220.08,229.26,63.41,94.84,50.01,67.67,5.22,1.287,7.86,17.37,34.81,75.4,8.39,854.3,71.71,97.53,47.53,44.93,0
2026-04-01T11:13:54,IMM-03,MD-A12,PA6-GF30,DAY,24.05,46.07,0.063,230.89,237.34,241.99,80.54,99.81,59.81,74.31,4.61,1.118,7.61,19.75,37.07,99.1,9.08,761.4,76.34,84.53,46.26,58.46,0
2026-04-01T11:14:36,IMM-01,MD-A12,PA6-GF30,DAY,30.58,52.07,0.13,229.93,241.49,248.08,76.44,108.27,65.57,70.64,4.13,1.468,8.7,16.75,35.79,70.4,8.52,880.8,81.44,120.49,46.47,46.87,0
2026-04-01T11:15:18,IMM-02,MD-B07,PA6-GF30,DAY,26.3,51.91,0.184,235.24,246.17,252.92,79,105.26,64.69,77.99,4.44,1.223,7.48,19.75,37.11,90.6,6.66,805.3,74,96.42,44.36,53.11,1
2026-04-01T11:16:00,IMM-04,MD-A12,PP-GF20,DAY,22.14,41.61,0.121,216.46,225.54,233.61,63.38,104.18,56.19,77.44,3.92,1.172,9.6,19.72,39.15,76.9,8.72,815,76.38,96.51,47.43,45.64,0
2026-04-01T11:16:42,IMM-04,MD-A12,PP-GF20,DAY,19.31,,0.08,211.65,220.37,221.55,66.34,92.12,54.45,76.32,3.67,1.138,6.61,17.85,34.04,90.2,8.71,825.4,63.97,66.05,46.25,51.08,0
2026-04-01T11:17:24,IMM-04,MD-A12,PP-GF20,NIGHT,19.41,77.31,0.2,208.01,214.79,216.25,73.2,92.31,52.75,69.96,4.92,1.26,7.06,20.21,37.06,64.9,6.41,835.2,70.9,87,48.88,44.08,0
2026-04-01T11:18:06,IMM-02,MD-A12,ABS,DAY,23.54,47.44,0.086,213.55,226.74,231.07,69.35,94.82,54.85,79.84,4.05,1.168,7.88,17.1,37.07,80,8.27,801.2,76.48,87.03,44.77,48.51,0
2026-04-01T11:18:48,IMM-02,MD-B07,ABS,DAY,26.96,53.04,0.168,209.31,217.88,223.47,70.39,96.55,53.81,73.49,3.63,1.335,8,16.09,35.37,83.5,10.05,765.8,79.36,102.32,50.04,44.59,0
2026-04-01T11:19:30,IMM-02,MD-A12,PP-GF20,NIGHT,28.99,56.04,0.123,210.3,217.44,221.23,74.67,94.49,51.28,83.82,5.13,1.086,6.54,20.07,36.02,89.1,7.08,843.4,76.91,85.54,46.6,42.62,0
2026-04-01T11:20:12,IMM-01,MD-C03,ABS,EVENING,27.46,54.2,0.097,213.19,223.09,229.62,61.71,100.09,63.2,61.69,3.78,1.389,8.67,20.1,38.78,83.2,9.1,834.4,76,103.52,45.91,42.64,0
2026-04-01T11:20:54,IMM-02,MD-A12,ABS,DAY,30.17,68.44,0.108,210.57,217.71,219.74,70.18,86.65,52.53,59.2,3.71,1.27,8.98,18.68,38.47,77.4,9.48,791.8,62.81,68.94,46.89,43.27,0
2026-04-01T11:21:36,IMM-02,MD-A12,PP-GF20,DAY,25.1,57.16,0.129,214.5,223.21,229.99,69.81,107.72,60.92,80.39,4.71,0.908,7.79,19.23,36.63,91.6,8.49,801.3,80.67,75.69,43.8,48.29,0
2026-04-01T11:22:18,IMM-03,MD-C03,PP-GF20,EVENING,21.39,47.02,0.1,215.72,223.67,233.97,72.69,91.26,47.93,77.4,4.64,1.6,8,21.88,40.21,69.5,10.27,877.4,74.31,115.61,43.36,39.75,1
2026-04-01T11:23:00,IMM-03,MD-C03,PA6-GF30,DAY,25.63,72.4,0.226,231.46,236.8,241.29,75.07,94.97,54.95,64.24,3.85,1.39,7.37,21.96,38.32,64.7,11.23,884.9,74.9,95.36,51.94,47.68,1
2026-04-01T11:23:42,IMM-04,MD-C03,PP-GF20,NIGHT,22.1,51.78,0.074,211.02,218.82,223.49,71.43,92.72,53.33,79.47,4.51,1.237,5.92,19.16,34.47,83.1,11.01,900.8,72.45,85.45,56.66,45.36,0
2026-04-01T11:24:24,IMM-03,MD-B07,PA6-GF30,EVENING,24.91,49.86,,232.2,239.77,242.21,79.54,92.37,49.63,80.33,2.68,1.035,7.72,16.62,34.26,72.3,7.65,848.4,68.82,78.66,46.26,52,0
2026-04-01T11:25:06,IMM-02,MD-C03,PP-GF20,DAY,28.46,63,,227.53,231.15,234.1,68.51,92.18,57.1,78.37,2.55,1.266,7.32,17.49,35,83.3,6.15,807.3,69.79,101.39,54.07,41.44,0
2026-04-01T11:25:48,IMM-03,MD-B07,PP-GF20,EVENING,25.39,61.6,0.076,211.38,219.89,225.6,71.41,84.5,52.63,72.75,3.37,1.156,7.22,17.34,34.9,72.6,8.8,833.6,66.32,78.63,49.3,48.33,0
2026-04-01T11:26:30,IMM-03,MD-B07,ABS,EVENING,24.94,42.75,0.147,219.77,226.02,230.45,71.61,92.8,59.6,74.28,4.47,1.217,8.07,19.69,38.54,98.9,5.77,785.9,73.04,92.41,45.1,41.28,0
2026-04-01T11:27:12,IMM-03,MD-A12,PP-GF20,DAY,19.49,66.53,0.066,214.87,223.05,229.33,74.17,96.67,57.71,66.87,3.21,1.248,6.87,16.11,33.29,97.5,9.35,881.1,65.62,85.45,43.01,42.98,0
2026-04-01T11:27:54,IMM-04,MD-C03,PA6-GF30,EVENING,26.19,34.31,0.106,221.21,230.1,237.14,71.38,100.54,61.01,75.4,4.8,1.182,6.56,19.29,35.44,83.6,7.25,839.8,81.94,104.3,43.7,49.75,0
2026-04-01T11:28:36,IMM-03,MD-A12,PP-GF20,DAY,32.03,41.89,0.13,207.25,211.39,215.66,68.21,94.76,53.26,77.16,3.45,1.057,6.78,16.56,32.14,80.1,8.47,823.8,74.02,66.16,44.18,39.75,0
2026-04-01T11:29:18,IMM-02,MD-B07,PP-GF20,EVENING,24.85,63.87,0.171,212.93,220.82,228.24,59.38,95.91,53.93,71.32,5.14,1.175,7.95,15.56,33.71,95.6,7.21,800.4,69.05,85.48,50.36,40.02,0
2026-04-01T11:30:00,IMM-02,MD-C03,PP-GF20,NIGHT,28.53,30.42,0.134,214,221.07,226.61,61.86,96.47,56.01,74.45,3.04,1.311,6.18,19.88,35.91,66.7,8.71,871.7,78.01,107.29,41.17,46.25,0
2026-04-01T11:30:42,IMM-01,MD-C03,PP-GF20,DAY,25.51,55.43,0.047,212.68,219.87,227.2,73.83,104.29,65.52,80.51,2.5,1.237,9.03,19.59,39.34,71.6,9.14,814.2,87.17,107.24,44.4,42.41,0
2026-04-01T11:31:24,IMM-02,MD-A12,ABS,NIGHT,20.39,60.15,0.126,210.76,214.98,223.88,69.9,101.16,57.3,75.65,5.32,1.197,9.51,17.67,37.11,81.4,5.91,824.8,82.84,86.65,43.99,43.47,0
2026-04-01T11:32:06,IMM-01,MD-A12,PP-GF20,EVENING,25.33,61.15,0.146,214.68,223.83,232.25,64.65,90.81,51.23,75.87,4.56,1.268,8.07,15.96,33.59,83.3,5.92,821.6,71.98,87.61,42.52,49.69,0
2026-04-01T11:32:48,IMM-02,MD-C03,PP-GF20,DAY,17.24,42.62,0.151,208.95,216.3,222.73,70.59,100.44,56.59,73.99,3.16,1.073,7.04,17.77,34.27,78.6,7.28,869.8,72.58,81.38,38.77,41.31,0
2026-04-01T11:33:30,IMM-03,MD-B07,ABS,DAY,26.69,52.82,0.025,216.65,222.43,224.48,65.94,89.42,53.17,82.66,4.68,0.899,8.6,17.52,34.82,76.2,10.7,832.3,64.41,59.15,43.75,45.42,1
2026-04-01T11:34:12,IMM-02,MD-C03,PP-GF20,EVENING,31.81,,0.123,223.23,231.6,240.41,64.83,98.81,57.53,74.91,4.53,1.049,7.32,18.28,35.33,73.3,9.52,841,77.9,82.46,47.5,38,0
2026-04-01T11:34:54,IMM-03,MD-C03,PA6-GF30,DAY,19.59,42.52,0.205,224.38,235.53,238.43,77.94,106.05,65.29,78.98,4.6,1.114,8,15.01,32.41,71.1,8.32,887,83.92,89.52,46.19,54.16,0
2026-04-01T11:35:36,IMM-02,MD-B07,PP-GF20,NIGHT,19.78,49.19,0.145,219.59,228.83,236.95,77.6,89.75,51.05,63.56,3.69,0.939,7.12,18.35,35.72,87.3,8.81,833.1,61.78,61.19,44.79,41.01,0
2026-04-01T11:36:18,IMM-01,MD-A12,PP-GF20,DAY,18.64,46.37,0.182,211.1,216.98,219.7,76.07,92.36,54.44,81.66,5.18,1.13,7.48,18.22,35.77,80.8,9.5,836.5,71.88,79.74,45.23,44.26,0
2026-04-01T11:37:00,IMM-04,MD-C03,PA6-GF30,EVENING,26.65,49.22,0.06,238.56,248.2,253.28,78.82,108.44,63.34,87.75,3.72,1.215,8.06,20.83,37.46,87.7,9.44,886.2,78.65,91.33,43.81,49.34,1
2026-04-01T11:37:42,IMM-02,MD-C03,PA6-GF30,NIGHT,25.68,55.14,0.123,229.44,234.73,243.61,71.38,105.71,65.54,71.46,4.77,1.339,8.36,23.2,41.58,79.3,9.29,798.7,74.31,93.05,47.25,42.31,1
2026-04-01T11:38:24,IMM-03,MD-B07,PA6-GF30,NIGHT,27.42,40.34,0.201,219.79,228.19,231.42,74.94,97.39,56.26,68.4,3.8,0.924,6.18,19.46,35.21,78.8,9.27,805.1,75.91,77.08,44.12,46.52,0
2026-04-01T11:39:06,IMM-03,MD-A12,PA6-GF30,NIGHT,27.75,44.9,0.084,230.72,235.88,242.28,71.83,111.73,66.72,77.26,4.63,0.936,8.76,19.31,37.75,74.9,8.26,780.3,89.27,81.71,46.45,49.07,0
2026-04-01T11:39:48,IMM-01,MD-B07,ABS,DAY,23.03,82,0.07,204.65,212.7,217.91,64.14,103.54,64.47,77.42,4.25,1.32,7.61,20.25,38.72,89.6,9.01,870.1,86.89,114.3,43.05,41.92,0
2026-04-01T11:40:30,IMM-02,MD-A12,PP-GF20,DAY,19.36,43.42,0.144,211.84,215.8,218.54,67.28,97.49,57.25,77.57,3.76,0.969,7.29,18.19,36.21,82.7,8.53,818.1,76.28,61.95,41.64,37.27,0
2026-04-01T11:41:12,IMM-01,MD-A12,ABS,DAY,19.31,55.94,0.109,206.96,213.57,219.99,62.11,82.13,47.21,75.49,3.36,1.155,7.11,19.45,35.42,82.9,9.28,765.4,64.37,71.61,46.48,42.72,0
2026-04-01T11:41:54,IMM-04,MD-C03,ABS,EVENING,29.65,39.31,0.117,212.23,218.15,223.65,68.02,94.98,51.07,72.19,3.63,1.347,9.15,18.84,37.59,81.2,10.16,846.4,74.29,106.64,47.36,40.73,0
2026-04-01T11:42:36,IMM-01,MD-A12,ABS,DAY,24.64,46.72,0.112,202.03,208.48,216.63,69.85,87.8,51.61,78.72,3.22,1.181,8.61,18.06,36.69,88.8,8.77,789.9,69.03,79.82,50.68,50.37,0
2026-04-01T11:43:18,IMM-02,MD-A12,PA6-GF30,DAY,25.22,47.53,0.142,236.63,242.87,250.08,80.54,95.08,58.18,78.44,4.84,1.156,8.67,15.87,34.87,91,8.69,852.3,75.31,101.63,48.05,50.14,0
2026-04-01T11:44:00,IMM-02,MD-B07,PP-GF20,DAY,28.8,42.79,0.151,216.49,224.52,232.48,67.42,95.83,55.38,78.26,2.96,1.147,6.31,18.52,36.12,100.9,8.51,812.6,74.26,84.25,43.48,40.29,0
2026-04-01T11:44:42,IMM-01,MD-A12,PP-GF20,NIGHT,23.58,44.38,0.114,212.43,220.02,225.95,69,99.71,62.07,79.95,4.02,1.186,8.8,20.89,39.08,85,9.6,838.1,80.8,97.27,42.13,37.9,0
2026-04-01T11:45:24,IMM-04,MD-B07,PP-GF20,EVENING,27.16,47.16,0.069,204.22,213.5,218.44,72.93,89.04,49.73,70.65,3.9,1.141,8.7,18.45,36.03,83.8,9.51,808.5,60.58,76.26,46.28,42.81,1
2026-04-01T11:46:06,IMM-03,MD-B07,PP-GF20,EVENING,25.85,43.63,0.21,205.7,216.09,218.57,70.36,96.41,55.9,59.69,3.86,1.322,7.32,19.23,36.88,74,8.86,837.7,79.31,111.84,46.82,38.81,0
2026-04-01T11:46:48,IMM-04,MD-A12,ABS,NIGHT,30.83,30.75,0.172,209.13,220.38,229.37,68.48,99.17,61.83,88.69,3.75,1.097,8.75,17.68,35.85,94.8,6.95,794.4,69.4,80.79,49.27,50.4,0
2026-04-01T11:47:30,IMM-01,MD-B07,PP-GF20,DAY,23.73,40.11,0.088,216.2,224.59,231.99,65.34,92.35,49.63,79.89,3.34,1.088,8.05,16.84,33.05,80.7,7.15,796.7,72.23,84.03,47.14,48,0
2026-04-01T11:48:12,IMM-01,MD-A12,PA6-GF30,DAY,23.07,32.69,0.203,234.99,243.33,248.62,72.7,99.09,55.66,87.75,4.93,1.138,7.92,14.05,30.61,88.2,9.13,820.6,70.7,77.66,40.71,48.07,0
2026-04-01T11:48:54,IMM-04,MD-C03,PP-GF20,NIGHT,24.41,51.57,0.065,217.25,221.21,223.57,71.47,97.8,54.14,77.96,3.54,1.331,7.46,21.04,38.26,81.1,8.27,864.6,77.76,95.02,49.35,40.52,0
2026-04-01T11:49:36,IMM-03,MD-B07,ABS,EVENING,21.62,49.98,0.101,216.78,222.33,228.05,68.16,90.69,56.81,82.03,5.09,1.199,7.17,20.11,35.89,69,7.43,807.1,67.69,84.98,49.62,39.25,0
2026-04-01T11:50:18,IMM-02,MD-B07,PA6-GF30,EVENING,20.55,47.44,0.131,232.75,239.16,243.78,75.53,105.7,59.16,72.92,4.22,1.196,7.21,16.19,32.54,71.2,6.95,820.6,77.26,95.51,46.36,49.43,0
2026-04-01T11:51:00,IMM-04,MD-C03,PP-GF20,DAY,20.41,52.76,0.118,210.43,222.87,229.16,67.41,99.25,55.6,74.57,4.2,1.274,7.04,17.21,33.17,86.5,8.61,830,79.33,94.07,52.22,39.5,0
2026-04-01T11:51:42,IMM-03,MD-C03,PP-GF20,DAY,31.06,50.54,0.126,216.7,224.15,227.86,68.95,93.09,50.88,69.67,3.15,1.251,8.04,19.51,38.39,89.5,7.85,827.1,70.33,81.8,51.2,41.12,0
2026-04-01T11:52:24,IMM-03,MD-A12,PP-GF20,NIGHT,27.6,60.18,0.16,206.6,213.26,218.18,70.12,97.3,54.09,81.87,3.11,1.309,9.03,20.63,38.72,88.3,7.47,804.5,74.82,96.85,45.28,43.48,0
2026-04-01T11:53:06,IMM-01,MD-A12,PP-GF20,DAY,29.35,53.53,0.199,206.84,213.23,221.85,65.19,84.88,50.45,77.81,3.43,1.236,7.31,17.67,32.73,87.1,8.11,818.7,64.98,77.81,43.92,37.76,1
2026-04-01T11:53:48,IMM-02,MD-B07,PP-GF20,EVENING,30.25,43.6,0.111,211.76,220.02,227.53,74,105.22,62.64,72.13,3.22,1.128,8.38,12.75,31.41,81.7,8.58,884.7,85.24,99.12,42.89,45.76,0
2026-04-01T11:54:30,IMM-03,MD-A12,PP-GF20,NIGHT,18.07,35.94,0.134,214.12,222.58,230.56,72.52,98.65,59.26,68.25,5.18,1.035,8.97,17.53,36.38,88.1,8.56,825,83.21,76.81,49.4,40.31,0
2026-04-01T11:55:12,IMM-01,MD-A12,PP-GF20,EVENING,23.97,40.91,0.106,217.43,226.53,230.38,72.21,97.79,62.12,72.98,3.99,1.051,6.89,18.18,35.05,86,7.8,783.4,74.39,79.2,43.23,40.65,0
2026-04-01T11:55:54,IMM-04,MD-A12,ABS,DAY,28.42,29.23,0.066,210.89,220.84,225.28,65.11,89.93,49.63,75.33,3.79,1.34,7.82,17.06,35.25,74.5,8.36,831.2,61.21,77.11,45.81,41.47,0
2026-04-01T11:56:36,IMM-03,MD-A12,PA6-GF30,NIGHT,22.31,58.4,0.155,234.41,237.53,243.42,76.6,93.84,54.31,68.79,4.95,1.286,8.48,16.98,35.32,95.2,9.46,827.6,75.83,91.47,40.9,52.69,0
2026-04-01T11:57:18,IMM-03,MD-A12,PP-GF20,EVENING,26.62,46.16,0.164,219.42,225.11,230.74,68.32,95.15,58.69,75.6,2.98,1.32,6.42,18.29,33.38,81.7,8.82,848.2,72.59,97.04,47.76,42.2,1
2026-04-01T11:58:00,IMM-01,MD-C03,PP-GF20,EVENING,25.98,55.67,0.104,221.61,231.97,238.1,65.41,104.09,61.64,77.92,5.06,1.275,8.8,20.46,38.55,73.5,7.58,884.6,78.26,97.44,43.75,39.14,0
2026-04-01T11:58:42,IMM-04,MD-C03,PA6-GF30,DAY,20.91,47.02,0.101,232.97,241.79,245.94,80.49,96.29,53.9,72.7,3.82,1.266,7.67,17.85,35.62,76.9,9.43,862.5,79.64,105.77,48.78,48.13,0
2026-04-01T11:59:24,IMM-01,MD-C03,PP-GF20,EVENING,25.16,38.95,0.083,223.08,229.57,235.94,67.63,106.86,60.69,70.97,3.49,1.301,7.95,20.47,38.18,95.2,8.63,926.8,93.52,119.21,46.68,42.8,0
2026-04-01T12:00:06,IMM-02,MD-A12,PA6-GF30,EVENING,24.79,54.48,0.165,224.74,233.59,237.13,76.46,92.81,49.9,65.82,3.55,1.286,6.96,16.18,33.81,72.4,9.47,901.1,69.23,90.92,49.27,54.47,0
2026-04-01T12:00:48,IMM-04,MD-C03,PA6-GF30,DAY,16.71,50.53,0.121,231.33,241.2,244.35,76.26,107.08,64.58,59.95,3.35,1.417,8,18.56,37.21,107.5,7.27,851.6,85.32,119.6,40.73,45.52,0
2026-04-01T12:01:30,IMM-03,MD-C03,PP-GF20,EVENING,29.97,35.9,0.038,216.29,222.6,224.61,67.29,92.62,56.75,70.29,3.56,1.498,8.1,18.55,36.85,83.1,8.88,823.7,66.84,107.99,46.74,44.01,1
2026-04-01T12:02:12,IMM-04,MD-B07,ABS,EVENING,27.2,70.78,0.159,213.49,221.63,226.14,60.06,91.37,51.27,63.29,4.97,1.204,7.05,18.46,34.97,80.1,8.66,767.8,73.47,80.84,38.11,42.41,1
2026-04-01T12:02:54,IMM-04,MD-C03,ABS,EVENING,22.53,60.35,0.195,213.61,218,225.34,71.78,98.12,64.78,86.89,4.37,1.247,8.71,19.6,38.1,86.8,8.75,795.6,79.84,96.22,45.29,32.1,0
2026-04-01T12:03:36,IMM-04,MD-C03,PA6-GF30,EVENING,28.11,37.8,0.136,230.87,240.17,248.8,70.31,97.05,54.43,87.44,5.8,1.234,6.24,17.21,32.88,85.6,10.52,799.8,68.77,85.02,40.96,51.16,0
2026-04-01T12:04:18,IMM-01,MD-B07,PP-GF20,DAY,30.71,47.05,0.085,211.79,221.32,225.82,60.94,87.17,55.9,81.19,4.05,1.239,8.49,18.48,36.92,71.5,7.17,873.9,63.47,71.91,49.63,37.21,1
2026-04-01T12:05:00,IMM-03,MD-A12,PA6-GF30,EVENING,24.14,46.61,0.237,223.1,227.76,233.89,75.5,98.72,58.89,74.23,2.99,1.397,6.54,15.7,32.69,59.8,11.04,785.5,78.91,107.57,44.68,52.45,0
2026-04-01T12:05:42,IMM-02,MD-A12,PP-GF20,EVENING,22.97,41.31,0.155,209.51,217.66,220.99,72.01,92.06,50.61,61.15,3.84,1.303,7.99,20.15,38.12,68.7,8.83,810,65.26,91.37,45.18,50.49,0
2026-04-01T12:06:24,IMM-02,MD-A12,PP-GF20,EVENING,25.06,63.99,0.13,214.42,218.74,226.25,66.66,92.28,56.42,89.04,4.19,1.234,8.43,18.44,35.65,86.1,9.52,806.9,75.8,96.91,41.65,42.17,1
2026-04-01T12:07:06,IMM-04,MD-C03,PP-GF20,EVENING,20.44,54.05,0.09,223.58,231.58,234.8,67.37,99.49,54.58,74.27,4.25,1.379,7.79,20.11,37.51,91.5,8.58,850.7,76.04,106.56,46.18,36.26,0
2026-04-01T12:07:48,IMM-01,MD-B07,ABS,EVENING,29.17,59.18,0.02,218.43,227.14,234.33,69.71,97.06,60.5,77.72,5.43,1.263,8.37,18.86,36.79,87.2,10.06,820.4,81.65,121.97,51.17,48.36,0
2026-04-01T12:08:30,IMM-04,MD-A12,ABS,DAY,29.42,55,0.097,203.93,212.73,217.42,69.01,92.04,52.89,82.48,3.74,1.248,6.46,17.8,35.02,68.1,8.87,809.7,73.95,96.48,50.29,47.9,1
2026-04-01T12:09:12,IMM-03,MD-A12,PA6-GF30,EVENING,27.18,54.07,0.145,226.07,235.15,240.2,81.22,87.01,52.27,82.68,3.85,1.145,7.43,17.6,35.04,83.3,7.59,845.9,60.57,65.19,39.87,49.83,0
2026-04-01T12:09:54,IMM-02,MD-B07,PA6-GF30,NIGHT,23.75,37.42,0.166,233.36,238.39,246.73,78.47,101.1,62.83,67.44,3.17,1.007,7.69,18.19,36.36,77.1,8.64,849.4,81.02,72.42,45.91,52.47,0
2026-04-01T12:10:36,IMM-02,MD-A12,ABS,DAY,18.65,46.52,0.051,214.27,218.18,223.84,69.27,96.35,55.49,57.31,3.94,1.161,9.28,19.29,37.69,74.4,9.23,822.1,76.37,87.93,40.53,46.02,0
2026-04-01T12:11:18,IMM-04,MD-C03,ABS,DAY,26.73,35.47,0.02,213.97,225.04,231.95,70.48,94.52,52.61,87.32,4.4,1.299,7.07,20.45,37.14,90.7,8.17,861.3,72.13,94.49,53.52,41.4,0
2026-04-01T12:12:00,IMM-01,MD-A12,ABS,DAY,26.13,46.38,0.059,220.34,228.44,234.63,65.72,101.34,64.14,70.37,4.34,1.273,8.51,18.39,35.1,84.9,7.75,829.8,80.73,99.81,48.53,45.11,0
2026-04-01T12:12:42,IMM-04,MD-A12,PA6-GF30,DAY,28.35,50.83,0.184,234.1,239.28,244.52,70.42,100.54,59.81,76.24,3.36,1.51,5.87,19,34.97,84,8.94,822.9,80.89,115.46,47.81,51.45,0
2026-04-01T12:13:24,IMM-01,MD-A12,PP-GF20,NIGHT,24.08,35.94,0.161,216.05,221.47,227.26,75.23,106.55,61.89,66.17,4.64,0.965,7.91,18.48,35.67,83.4,7.13,766,82.12,80.35,44.42,39.32,0
2026-04-01T12:14:06,IMM-03,MD-C03,PP-GF20,EVENING,15.72,36.95,0.127,212.5,220.78,226.68,74.32,96.78,51.55,70.98,1.85,1.163,8.72,19.15,38.59,93,7.62,855,75.09,79.07,43.34,46.2,0
2026-04-01T12:14:48,IMM-01,MD-B07,PP-GF20,DAY,24.19,43.82,0.08,216.81,228.18,234.77,69.12,99.29,56.84,69.18,2.3,1.129,9.44,17.69,37.05,90.9,8.65,751.5,75.59,82.4,42.32,43.32,0
2026-04-01T12:15:30,IMM-01,MD-B07,ABS,EVENING,28.13,28.02,0.15,213.65,220.95,225.03,72.07,84.7,55.09,71.13,3.77,1.237,8.2,17.76,35.75,83.2,10.27,767.2,58.37,81.87,43.84,44.23,0
2026-04-01T12:16:12,IMM-04,MD-B07,ABS,EVENING,22.15,60.78,0.125,209.65,219.44,224.63,66.92,90.2,54.34,81.36,3.82,1.252,8.64,19.04,38.33,87,8.79,813.9,68.34,82.4,46.06,45.77,0
2026-04-01T12:16:54,IMM-02,MD-C03,ABS,NIGHT,24.99,56.76,0.108,219.57,225.45,229.91,69.78,89.78,52.41,73.92,3.78,1.514,7.15,17.76,35.16,102.8,8.74,846.3,70.62,105.84,45.62,43.36,0
2026-04-01T12:17:36,IMM-02,MD-A12,PP-GF20,EVENING,18.29,32.61,0.171,203.67,209.57,213.11,63.79,93.88,52.48,75.4,4.94,1.234,8.04,18.06,35.2,85.9,9.06,838.8,74.22,93.2,47.31,41.4,0
2026-04-01T12:18:18,IMM-03,MD-B07,ABS,DAY,22.1,42.13,0.084,216.7,223.72,227.55,68.06,90.58,55.35,89.07,3.77,1.316,8.98,17.56,36.28,86.3,8.15,814,82.15,107.89,45.26,41.41,1
2026-04-01T12:19:00,IMM-04,MD-A12,PP-GF20,EVENING,26.87,56.16,0.122,218.93,228.99,231.5,66.51,104.12,62.35,82.78,4.57,1.243,9.03,16.07,35.08,89.3,8.89,827.5,82.86,103.93,48.04,47.76,0
2026-04-01T12:19:42,IMM-01,MD-B07,PA6-GF30,DAY,19.07,32.81,0.227,231.37,235.38,241.29,78.02,100.18,54.38,76.28,4.75,1.134,7.3,17.36,32.69,88.2,8.32,816.3,71.33,77.12,42.78,52.99,0
2026-04-01T12:20:24,IMM-01,MD-A12,PP-GF20,DAY,24.81,51.84,0.163,210.78,211.65,217.99,68,85.33,51.51,77.39,3.43,1.038,8,15.85,34.35,65.3,7.9,821.2,58.81,57.88,43.34,47.13,1
2026-04-01T12:21:06,IMM-01,MD-B07,PP-GF20,DAY,26.51,51.12,0.132,216.86,219.78,225.22,65.61,103.24,61.85,82.59,4.31,1.518,7.13,19.81,35.65,83.6,8.97,835.6,73.31,108.78,44.79,38.84,0
2026-04-01T12:21:48,IMM-02,MD-A12,ABS,EVENING,25.08,62.51,0.053,221.39,225.26,229.54,67.79,81.87,48.38,84.32,4.77,1.137,6.99,14.62,30.82,77.7,7.27,810.2,68.48,78.44,43.4,41.22,1
2026-04-01T12:22:30,IMM-03,MD-B07,ABS,DAY,28.25,47.02,0.05,211.3,216.23,221.42,59.04,88.9,51.6,81.94,4.29,1.257,7.42,18.44,36.29,68.5,9.19,802.7,68.78,80.1,45.39,39.71,0
2026-04-01T12:23:12,IMM-02,MD-B07,PP-GF20,NIGHT,24.19,,0.088,218.47,228.48,232.01,66.62,92.79,53.51,65.02,3.23,1.195,7.73,17.72,35.15,92.2,8.72,782.2,73.55,92.76,46.3,40.56,0
2026-04-01T12:23:54,IMM-01,MD-C03,PP-GF20,EVENING,26.77,48.65,0.113,207.26,210.86,213.48,65.86,102.68,58.01,78.14,4.45,1.428,8.01,18.38,35.87,82.8,6.6,849.6,,106.6,43.3,44.62,1
2026-04-01T12:24:36,IMM-03,MD-A12,PA6-GF30,EVENING,30.31,36.02,0.215,229.89,236.02,243.44,74.46,95.99,53.16,72.71,3.21,1.093,7.81,18.51,36.48,84.3,8.02,823.1,74.62,76.33,51.13,53.67,0
2026-04-01T12:25:18,IMM-03,MD-A12,ABS,DAY,27.63,60.29,0.078,200.99,212.24,221.2,69.46,90.46,48.44,70.87,3.69,1.162,8.17,17.84,36.77,95.7,6.07,746.4,72.55,83.26,43.22,46.8,0
2026-04-01T12:26:00,IMM-01,MD-A12,PA6-GF30,DAY,24.18,44.43,0.13,225.3,234.99,242.17,80.92,108.95,56.86,80.94,4.25,1.15,7.45,17.84,34.9,75.8,9.65,793.9,80.73,89.14,48.77,47.25,0
2026-04-01T12:26:42,IMM-03,MD-C03,PP-GF20,NIGHT,24.62,39.94,0.139,216.75,218.79,223.05,65.09,99.98,57.77,68.04,4.1,1.37,7.65,21.43,38.3,76.7,8.15,880,84.52,123,45.45,42.16,1
2026-04-01T12:27:24,IMM-03,MD-A12,ABS,DAY,25.8,56.83,0.068,215.29,219.67,226.8,72.28,97.07,60.23,78.59,3.55,1.149,8,16.89,33.81,82.5,9.12,825.1,82.79,99.32,40.67,39.72,0
2026-04-01T12:28:06,IMM-03,MD-B07,PA6-GF30,EVENING,23.87,50.56,0.106,231.07,240.62,246.2,73.08,99.87,59.82,74.59,4.48,1.225,7.61,17.09,33.47,92.5,10.29,891.1,81.41,94.36,42.23,45.97,0
2026-04-01T12:28:48,IMM-03,MD-B07,PP-GF20,NIGHT,24.63,36.34,0.168,213.91,221.91,225.67,72.65,96.58,57.46,68.53,4.33,0.935,9.42,18.4,34.84,83.1,8.7,842.9,77.11,69.17,47.99,41.22,0
2026-04-01T12:29:30,IMM-04,MD-A12,PP-GF20,EVENING,23.52,37.18,0.077,216.18,225.85,228.55,63.81,95.3,54.39,78.83,3.41,1.099,9.31,21.54,40.58,85.4,7.95,786.1,70.03,75.63,44.67,44.96,0
2026-04-01T12:30:12,IMM-04,MD-B07,PA6-GF30,DAY,21.68,49.58,0.164,230.07,238.08,242.66,76.12,102.22,61.13,71.5,4.4,1.294,7.12,16.65,32.81,67.4,7.51,798.6,78.95,90.38,44.53,43.79,0
2026-04-01T12:30:54,IMM-04,MD-A12,ABS,DAY,23.72,39.8,0.041,208.49,216.52,218.95,71.89,92.98,52.63,82.69,3.31,1.094,8.79,19.44,37.49,89.9,6.95,871.1,66.92,74.93,40.77,49.39,0
2026-04-01T12:31:36,IMM-01,MD-B07,PP-GF20,NIGHT,21.69,42.84,0.117,208.04,211.03,214.38,69.79,87.17,48.65,82.86,4.78,1.309,8.01,19.8,36.9,87.3,8.18,792.9,67.31,84.83,48.62,45.27,0
2026-04-01T12:32:18,IMM-03,MD-C03,ABS,DAY,29.17,51.93,0.2,212.76,223.91,226.51,78.94,98.76,53.7,78.31,3.75,1.363,8.06,19.28,37.74,86.8,9.22,783.1,73.34,97.73,44.22,45.91,0
2026-04-01T12:33:00,IMM-02,MD-C03,PP-GF20,NIGHT,19.86,44.84,0.108,214.21,218.18,225.89,73.3,97.01,57.77,83.86,4.7,1.375,8.55,19.11,36.77,85.9,8.63,846.9,76.39,113.96,44.54,38.9,0
2026-04-01T12:33:42,IMM-03,MD-B07,PP-GF20,DAY,33.62,28.64,0.114,219.58,227.71,231.9,69.73,97.59,53.33,58.47,4.55,1.129,7.64,16.45,33.98,85,5.91,866.1,77.36,83.12,43.89,42.84,0
2026-04-01T12:34:24,IMM-01,MD-A12,PP-GF20,EVENING,20.36,35.4,0.121,221.5,226.61,230.2,71.03,94.98,52.12,66.21,3.75,1.142,7.77,17.56,34.91,85.3,6.84,857.2,69.39,84.52,44.84,46.01,0
2026-04-01T12:35:06,IMM-04,MD-A12,PP-GF20,EVENING,20.57,70.51,0.183,209.77,217.64,227.44,64.47,88.84,52.45,72.8,4.31,1.161,6.48,15.47,31.67,70.1,8.93,854,68.07,70.42,49.64,44.81,0
2026-04-01T12:35:48,IMM-01,MD-A12,PP-GF20,EVENING,26.63,53.16,0.075,213.91,224.7,229.45,67.95,91.72,50.7,82.05,3.79,1.225,8.67,19.8,37.54,84.4,9.03,844.9,66.77,75.3,49.97,45.17,1
2026-04-01T12:36:30,IMM-01,MD-C03,PP-GF20,NIGHT,14.91,30.7,0.123,218.98,228.52,234.73,72.73,101.09,58.27,76.67,4.72,1.173,8.11,24.24,41.23,79.2,9.84,911.8,79.8,89.95,43.51,50.95,0
2026-04-01T12:37:12,IMM-02,MD-A12,PP-GF20,EVENING,24.86,56.01,0.134,218.33,225.49,230.48,67.34,92.61,59.01,71.44,3.4,1.111,6.84,18.13,34.59,83.1,7.48,768.4,77.37,90.14,43.46,42.96,0
2026-04-01T12:37:54,IMM-04,MD-B07,PA6-GF30,DAY,19.8,54.26,0.145,228.89,238.17,244.19,79.03,100.65,61.62,72.33,4.04,1.139,8.01,17.72,36.28,78.9,8.92,809.7,76.83,84.33,54.15,43.96,0
2026-04-01T12:38:36,IMM-03,MD-B07,ABS,EVENING,23.19,51.34,0.035,212.93,218.71,226.83,71.18,95.24,55.33,71.38,4.05,1.297,8.59,19.94,39.1,84.9,8.21,822.6,71.79,92.91,45.95,43.59,0
2026-04-01T12:39:18,IMM-01,MD-B07,PP-GF20,DAY,27.01,52.97,0.179,209.49,218.03,221.02,70.54,99.17,59.77,71.37,4.89,1.101,6.89,20.42,35.63,73.6,7.87,798.3,72.88,83.71,41.09,38.43,1
2026-04-01T12:40:00,IMM-04,MD-B07,ABS,EVENING,34.31,58.57,0.115,214.95,222.72,227.89,74.15,94.65,54.26,75.53,5.1,1.205,6.6,17.49,33.59,89.5,8.44,829.9,62.94,74.3,50.6,44.16,0
2026-04-01T12:40:42,IMM-02,MD-A12,PP-GF20,NIGHT,27.11,48.01,0.138,213.5,218.61,224.97,69.94,72.05,42.39,72.14,3.76,1.099,8.39,19.15,36.15,89.6,8.77,832.6,55.53,58.32,46.45,40.73,0
2026-04-01T12:41:24,IMM-04,MD-A12,PA6-GF30,DAY,31.23,58.66,0.159,223.47,235.72,239.25,77.24,111.08,68.27,79.46,4.19,1.252,7.12,17.61,34.91,89.1,7.82,776.2,90.54,114.94,51.95,55.94,0
2026-04-01T12:42:06,IMM-04,MD-A12,PP-GF20,NIGHT,25.1,44.08,0.109,209.88,216.52,219.71,66.61,84.19,46.19,82.23,3.83,1.087,8.31,17.92,36.2,96.7,9.84,855.2,59.41,64.97,48.73,45.66,0
2026-04-01T12:42:48,IMM-03,MD-B07,PA6-GF30,EVENING,26.63,45.7,0.163,235.31,240.03,246.62,76.41,101.39,61.29,62.24,4.85,1.302,6.98,22.36,38.36,81.8,8.81,898,82.25,104.49,46.97,50.14,0
2026-04-01T12:43:30,IMM-01,MD-C03,PP-GF20,DAY,26.8,35.85,0.184,210.41,216.66,220.37,69.76,102.52,58.4,65.55,3.86,1.194,7.8,20.52,37.87,88,9.89,884.7,79.87,91.22,45.41,40,0
2026-04-01T12:44:12,IMM-02,MD-A12,PP-GF20,DAY,29.28,49.69,0.124,207.49,210.3,214.1,65,95.33,57.08,76.61,3.35,0.966,7.74,17.61,35.19,86.9,10.92,774.6,69.25,72.29,40.91,45.92,0
2026-04-01T12:44:54,IMM-02,MD-B07,PP-GF20,EVENING,23.27,47.6,0.133,215.61,226.28,229.71,65.26,82.07,50.96,67.78,4.8,1.164,8.26,16.8,33.68,86.3,9.28,833.7,58.05,68.71,48.88,44.67,0
2026-04-01T12:45:36,IMM-04,MD-A12,PP-GF20,NIGHT,22.36,49.78,0.214,197.33,203.72,207,68.91,90.12,48.21,71.48,3.69,1.193,8.55,18.75,35.91,82.1,8.86,800.3,71.25,87.6,53.58,44.06,1
2026-04-01T12:46:18,IMM-01,MD-A12,ABS,DAY,24.13,43.8,0.067,213.02,221.57,226.72,63.4,101.31,60.21,66.34,3.08,1.099,7.84,18.52,36.39,99.4,8.08,870.7,76.18,76.42,44.05,43.59,1
2026-04-01T12:47:00,IMM-01,MD-A12,PP-GF20,DAY,33.42,46.62,0.102,216.29,225.22,229.94,68.76,94.53,51.79,73.51,3.74,1.226,6.98,18.26,35.31,91.6,8.07,828.9,63.88,76.3,43.51,42.74,0
2026-04-01T12:47:42,IMM-03,MD-B07,PP-GF20,DAY,25.12,44.85,0.101,216.14,219.97,225.24,67.37,85.28,51.11,73.01,4.12,1.164,7.88,21.12,37.85,91.8,8.34,794,62.06,76.45,53.88,38.31,0
2026-04-01T12:48:24,IMM-02,MD-C03,PP-GF20,EVENING,22.68,30.9,0.157,222.02,231.08,239.48,68.73,94.29,56.66,59.02,2.8,1.403,8.21,17.62,35.26,77.9,8.77,851.7,74.6,109.51,44.19,45.62,0
2026-04-01T12:49:06,IMM-02,MD-A12,PP-GF20,EVENING,21.82,56.66,0.143,212.8,217.85,224.92,64.4,93.34,52.69,73.38,2.65,1.284,8.13,16.09,34.22,86.6,8.73,824.8,67.38,82.08,47.35,43.99,1
2026-04-01T12:49:48,IMM-03,MD-A12,ABS,NIGHT,25.96,41.18,0.099,214.19,222.78,230.29,73.78,104.71,59.62,58.57,4.5,1.088,6.5,18.21,33.48,83,7.31,820.8,86.29,93.05,48.16,37.79,0
2026-04-01T12:50:30,IMM-01,MD-B07,PA6-GF30,DAY,21.77,55.41,0.117,223.03,226.03,231.75,76.9,104.54,61.21,82.54,3.86,1.174,6.99,19.07,36.11,94.3,10.74,758.8,82.62,95.03,44.83,52.61,0
2026-04-01T12:51:12,IMM-02,MD-A12,ABS,EVENING,22.03,21.72,0.092,204.83,212.42,219.21,71.7,102.02,62.06,77.48,4.4,1.224,7.29,18.84,35.92,72,8.31,822.9,76.54,93.29,41.48,35.95,0
2026-04-01T12:51:54,IMM-04,MD-C03,PP-GF20,NIGHT,25.05,65.34,0.145,210.34,217.99,222.42,71.04,84.72,47.76,72.92,4.11,1.292,6.29,19.51,35.61,94.1,9.97,901.2,66.33,83.63,51.3,42.67,1
2026-04-01T12:52:36,IMM-02,MD-C03,ABS,EVENING,23.92,38.72,0.153,224.71,230.19,236.5,73.08,98.72,58.44,76.88,3.78,1.328,7.74,16.57,33.46,92.4,7.39,840,77.8,96.25,49.66,37.42,0
2026-04-01T12:53:18,IMM-01,MD-C03,PP-GF20,EVENING,27.18,44.67,0.117,205.23,216.21,223.87,69.61,87.23,50.13,74.46,4.5,1.377,8.57,19.88,37.64,86.8,6.76,851.1,70.48,100.17,47.77,39.98,0
2026-04-01T12:54:00,IMM-01,MD-C03,PP-GF20,DAY,28.47,37.42,0.107,204.98,215.32,222.16,69.2,91.19,50.81,70.24,4.27,1.383,8.01,20.93,39.47,79.4,8.17,848.8,72.74,94.31,44.58,39.66,0
2026-04-01T12:54:42,IMM-01,MD-A12,ABS,EVENING,30.66,44.41,0.108,210.34,220.65,230.14,70.23,93.46,55.94,72.2,5.74,1.175,7.32,18.81,35.81,89.1,8.64,822.4,65.93,78.71,43.86,44.67,0
2026-04-01T12:55:24,IMM-03,MD-A12,ABS,DAY,24.63,43.62,0.095,206.85,215.8,219.94,67.93,96.17,57.88,70.19,3.99,1.263,7.62,17.37,33.86,65.5,7.69,836.7,73.74,93.84,40.85,48.26,0
2026-04-01T12:56:06,IMM-04,MD-B07,PA6-GF30,DAY,24.05,50.06,0.216,226.13,234.71,239.37,76.94,93.36,57.89,73.46,3.33,1.257,7.14,13.25,30.38,75,9.03,769.5,71.87,90.99,53.41,47.88,1
2026-04-01T12:56:48,IMM-02,MD-B07,PP-GF20,NIGHT,28.82,63.01,0.125,216.84,224.81,230.64,71.02,92.22,56.15,73.12,3.37,1.168,7.98,19.76,37.11,76.3,7.72,809.6,69.55,80.54,44.02,41.58,0
2026-04-01T12:57:30,IMM-04,MD-A12,PP-GF20,EVENING,25.09,61.35,0.13,215.89,223.41,229.2,73.6,94.89,53.52,62.47,2.33,1.267,8.45,15.13,32.77,93.3,7.34,812.8,74.45,90.6,45.53,43.84,0
2026-04-01T12:58:12,IMM-03,MD-B07,PP-GF20,NIGHT,28.26,35.56,0.084,224.28,231.76,237.13,68.92,91.88,50.42,86.68,2.7,1.269,7.45,19.63,37,80.4,9.28,844.7,63.45,80.7,48.23,47.22,0
2026-04-01T12:58:54,IMM-03,MD-B07,PP-GF20,EVENING,22.38,39.76,0.059,212,221.68,226.45,69.19,104.67,63.39,67.45,4.71,1.201,8.39,19.29,36.5,81.5,8.53,845.7,80.6,95.67,45.94,47.07,0
2026-04-01T12:59:36,IMM-02,MD-C03,PP-GF20,EVENING,25.89,41.33,0.138,206.92,210.17,217.88,62.73,111.41,63.3,66.27,4.11,1.41,7.76,15.94,33.66,79.1,7.83,910.6,87.43,128.25,44.13,37.2,1
2026-04-01T13:00:18,IMM-03,MD-C03,PP-GF20,EVENING,23.59,43.95,0.139,211.79,219.85,222.69,65.27,101.19,54.91,86.6,3.36,1.325,7.57,19.22,35.86,88.8,7.88,791.1,78.97,103.03,43.33,40.18,0
2026-04-01T13:01:00,IMM-01,MD-B07,ABS,NIGHT,21.79,40.26,0.148,204.32,212.28,221.07,68.76,79.3,52.65,68.53,4.36,1.078,8.04,18.59,36,90,8.09,821.8,53.64,53.08,45.92,46.34,0
2026-04-01T13:01:42,IMM-04,MD-B07,ABS,EVENING,19.12,36.88,0.117,213.93,222.81,226.25,67.89,101.21,55.91,82.52,3.19,1.268,8.08,18.31,35.24,75.3,7.56,769.9,75.13,93.35,46.4,40.91,0
2026-04-01T13:02:24,IMM-01,MD-B07,PA6-GF30,DAY,27.61,27.59,0.198,227.14,234.73,241.86,75.33,98.68,57.76,79.87,4.1,1.224,8.52,18.32,36.21,84.3,8.24,824.3,75.25,90.42,44.03,57.94,0
2026-04-01T13:03:06,IMM-01,MD-B07,ABS,DAY,26.98,34.63,0.049,200.89,209.53,211.22,67.69,89.47,50.96,72.89,3.95,1.375,7.6,18.34,35.82,87.9,7.38,807.5,71.98,95.3,42.93,49.3,0
2026-04-01T13:03:48,IMM-03,MD-B07,PP-GF20,EVENING,24.21,52.11,0.118,210.48,219.8,229.01,72.26,113.53,59.97,77.96,4.63,1.218,7.14,14.74,31.17,83.5,10.02,766.7,,120.54,47.69,43.8,0
2026-04-01T13:04:30,IMM-01,MD-A12,PA6-GF30,DAY,24.58,58.22,0.129,227.75,237.45,246.79,74.55,102.46,57.8,69.4,4.44,1.284,6.83,18.81,35.59,88.7,8.67,768.4,73.12,90.54,41.61,48.85,0
2026-04-01T13:05:12,IMM-04,MD-B07,PA6-GF30,EVENING,23.08,44.68,0.17,237.51,248.61,255.87,72.79,92.01,49.94,74.3,4.31,1.148,7.28,15.33,31.8,75.9,7.12,846.2,73.2,90.21,46.41,50.09,0
2026-04-01T13:05:54,IMM-02,MD-A12,PP-GF20,EVENING,27.31,32.84,0.06,213.08,223.09,227.82,69.69,105.55,62.82,72.31,3.66,0.987,8.72,17.36,35.72,94.7,9.79,788.1,80.65,77.26,44.63,47.86,0
2026-04-01T13:06:36,IMM-01,MD-C03,ABS,EVENING,19.95,41.64,0.07,210.23,216.15,222.25,66.63,89.53,54.33,87.87,3.77,1.125,6.93,18.28,34.54,70.5,9.19,836,67.13,80.46,44.39,37.67,0
2026-04-01T13:07:18,IMM-03,MD-A12,PA6-GF30,EVENING,21.29,61.06,0.106,226.12,234.32,240.37,73.7,109.41,62.68,70.89,4.46,1.08,8.68,15.51,34.21,90.8,8.61,856.5,88.97,98.79,51.39,45.35,0
2026-04-01T13:08:00,IMM-01,MD-A12,PP-GF20,DAY,20.88,46.21,0.097,200.88,209.49,214.45,67.43,91.85,57.53,72.04,3.79,1.114,7.03,19.45,35.79,84.7,9.76,806.5,78.08,87.15,43.29,45.82,1
2026-04-01T13:08:42,IMM-01,MD-C03,ABS,EVENING,24.21,48.12,0.107,209.88,217.34,227.55,72.93,94.96,52.16,70.65,3.9,1.431,7.21,19.47,37.47,92.4,8,893.8,76.27,113.48,50.27,43.29,0
2026-04-01T13:09:24,IMM-02,MD-A12,PP-GF20,NIGHT,20.81,44.06,0.159,214.22,226.17,230.19,73.27,94.43,51.12,69.89,3.05,1.325,7.6,17.88,34.97,87.7,9.41,805.7,63.92,81.62,47,43.64,0
2026-04-01T13:10:06,IMM-04,MD-C03,PP-GF20,DAY,26.68,42.61,0.185,213.25,223.06,226.59,67.62,104.95,56.68,78.77,5.12,1.229,8.75,19.15,38.8,74.2,9.42,858.7,79.55,88.87,49.64,34.24,0
2026-04-01T13:10:48,IMM-03,MD-B07,PA6-GF30,NIGHT,22.32,39.09,0.188,227.29,236.48,241.69,75.26,108.97,63.24,70.66,2.42,1.249,8.24,18.04,36.33,75.3,5.53,852,83.42,104.02,45.19,47.8,0
2026-04-01T13:11:30,IMM-04,MD-A12,PA6-GF30,EVENING,21.2,51.92,0.132,229.76,234.06,238.54,78.31,107.2,64.34,81.11,4.69,1.428,7.27,17.02,33.95,84.1,10.55,878.7,80.87,117.8,48.95,52.1,0
2026-04-01T13:12:12,IMM-01,MD-A12,ABS,EVENING,19.88,38.95,0.07,212.03,218.58,220.67,68.53,103.84,60.97,73.64,3.56,1.292,7.34,16.25,34.91,101.3,9.91,849.1,85.06,103.26,41.85,39.51,0
2026-04-01T13:12:54,IMM-01,MD-B07,ABS,DAY,34.09,32.3,0.212,205.21,213.37,217.71,68.01,90.35,50.84,71.53,4.13,1.296,7.78,17.79,35.38,94.1,9.45,819,70.94,88.82,42.19,36.32,0
2026-04-01T13:13:36,IMM-04,MD-A12,PA6-GF30,EVENING,30.56,39.74,0.183,226.59,229.5,236.77,75.03,101.15,59.36,69.32,2.96,1.101,7.06,17.97,34.18,82.8,7.35,834.6,78.79,84.49,41.52,47.04,0
2026-04-01T13:14:18,IMM-03,MD-B07,PA6-GF30,EVENING,28.96,63.26,0.181,223.08,225.97,232.4,74.74,89.12,51.26,81.48,3.97,0.999,7.47,17.92,35.01,81.6,9.51,812.6,71.29,65.99,46.77,51.77,1
2026-04-01T13:15:00,IMM-01,MD-C03,ABS,DAY,24.48,61.35,0.107,214.55,221.54,225.71,74.57,100.9,59.18,76.32,3.55,1.427,6.96,19.51,36.35,89.7,8.64,867.3,77.54,107.88,45.09,43.72,1
2026-04-01T13:15:42,IMM-02,MD-A12,ABS,EVENING,26.38,63.71,0.096,223.77,227.77,230.99,67.34,105.76,54.52,64.74,4.88,1.291,7.95,16.06,34.78,92.4,9.81,814.3,76.49,94.6,44.38,37.23,0
2026-04-01T13:16:24,IMM-03,MD-A12,PP-GF20,EVENING,35.03,44.05,0.133,219.08,222.15,229.04,67.52,82.39,43.05,76.9,3.35,0.993,7.55,16.59,33.49,75.4,7.26,833.7,68.23,67.97,48.17,40.96,0
2026-04-01T13:17:06,IMM-03,MD-C03,ABS,DAY,21.08,53.05,0.14,217.71,228.48,235.57,70.07,96.4,53.87,73.93,5.17,1.248,8.65,20.02,38.63,68.9,10.97,846.6,68.73,95.69,46.67,46.28,0
2026-04-01T13:17:48,IMM-03,MD-B07,PP-GF20,DAY,22.02,53.43,0.055,207.9,211.99,215.84,67.76,85,47.49,67.22,2.97,1.334,8,18.76,36.3,70.1,10.25,837.7,62.27,81.27,49.79,37.87,0
2026-04-01T13:18:30,IMM-03,MD-A12,PP-GF20,DAY,22.95,64.8,0.116,222.74,229.75,231.95,74.52,90.75,46.25,87.87,4.64,1.254,6.67,19.66,36.76,88.8,7.04,773.5,77.74,99.14,46.48,44.91,1
2026-04-01T13:19:12,IMM-03,MD-B07,PP-GF20,EVENING,21.98,43.3,0.137,208.07,215.18,220.27,67.52,87.38,50.33,77.22,5.08,1.178,8.26,16.85,35.03,89.9,6.11,872.9,72.71,91.35,42.55,43.51,0
2026-04-01T13:19:54,IMM-01,MD-B07,PP-GF20,NIGHT,24.16,44.53,0.125,219.54,229.3,234.3,67.1,92.44,51.88,72.69,3.93,1.27,7.4,16.94,34.17,74,8.67,861.3,71.92,88.89,48.05,40.62,0
2026-04-01T13:20:36,IMM-03,MD-A12,ABS,NIGHT,31.11,46.95,0.148,217.4,224.56,225.62,65.47,99.23,64.91,63.32,2.63,1.033,8.35,20.28,36.84,73,9.13,776.7,76.25,81.18,44.51,43.2,0
2026-04-01T13:21:18,IMM-01,MD-B07,PA6-GF30,EVENING,24.85,74.73,0.189,241.91,249.62,254.97,80.18,100.01,55.58,83.85,4.2,1.357,7.93,18.14,36.68,74.5,8.82,800.9,78.62,106.45,45.78,54.85,0
2026-04-01T13:22:00,IMM-01,MD-C03,ABS,DAY,26.41,25.85,0.094,212.02,219.95,224.71,66,85.75,51.1,70.65,3.89,1.413,8.76,19.73,37.69,82.2,8.02,868.5,71.19,102.55,40.38,36.91,0
2026-04-01T13:22:42,IMM-01,MD-B07,ABS,EVENING,24.36,30.91,0.163,209.44,215.78,221.98,67.54,92.57,53.12,65.39,4.8,1.055,7.33,17.66,35.5,80.4,7.53,853.9,76.15,79.66,46.65,46.79,0
2026-04-01T13:23:24,IMM-02,MD-B07,ABS,EVENING,18.04,32.68,0.095,207.84,215.45,218.92,67.3,82.63,49.58,68.55,2.85,1.153,8.24,16.5,35.29,84.3,7.05,831.8,67.37,77.44,42.63,46.62,0
2026-04-01T13:24:06,IMM-02,MD-A12,ABS,DAY,18.35,59.5,0.043,214.54,218.66,225.81,63.57,103.51,56.47,73.27,4.31,1.116,7.73,19.29,35.75,89.3,9.45,816,77.22,82.15,46.13,42.85,0
2026-04-01T13:24:48,IMM-02,MD-C03,PP-GF20,NIGHT,19.64,43.15,0.146,210.42,220.46,225.65,70.88,98.19,51.18,65.33,4.24,1.14,8.63,20.73,39.69,74.6,7.22,875.8,73.74,86.79,50.67,39.84,0
2026-04-01T13:25:30,IMM-03,MD-B07,ABS,DAY,24.05,50.86,0.137,216.61,225.52,231.71,63.61,107.94,65.19,73.64,4.76,1.17,8,18.24,37.37,93.2,8.17,839.2,78.71,92.7,47.64,36.14,0
2026-04-01T13:26:12,IMM-04,MD-B07,PP-GF20,EVENING,25.78,60.16,0.11,213.97,217.64,224.45,55.9,90.82,48.07,65.95,4.26,1.105,8.21,19.33,37.37,76.1,7.48,816.8,68.14,75.41,45.01,45.39,0
2026-04-01T13:26:54,IMM-03,MD-A12,PA6-GF30,DAY,25.29,61.77,0.165,234.59,238.41,243.09,74.96,99.09,60.05,76.38,5.34,1.345,7.83,19.69,36.18,96.4,8.05,764.3,80.16,107.83,45.96,54.47,0
2026-04-01T13:27:36,IMM-02,MD-B07,PP-GF20,EVENING,23.41,63.58,0.09,203.53,212.93,219.17,67.66,105.38,60.46,71.95,4.12,1.16,7.76,16.18,35.71,89.3,11.17,791.5,82.06,86.7,45.37,44.1,0
2026-04-01T13:28:18,IMM-02,MD-B07,PP-GF20,DAY,22.21,64.72,0.098,215.57,222.24,227.98,65.02,97.52,57.85,68.7,4.04,1.124,8.18,17.8,35.21,72.1,8.85,817.1,72.74,87.72,45.74,44.22,0
2026-04-01T13:29:00,IMM-01,MD-A12,ABS,EVENING,27.8,48.87,0.122,196.79,204.5,211.13,71.5,101.13,57.4,88.82,5.24,1.296,8.38,17.8,35.92,71.3,8.43,791.6,81.91,103.55,40.33,42.1,0
2026-04-01T13:29:42,IMM-01,MD-C03,ABS,NIGHT,29.59,34.14,0.058,212.95,225.04,228.63,74.74,107.3,59.93,71.61,3.31,1.365,7.3,17.57,36.11,73.2,8.65,848.6,86.07,113.04,49.74,42.56,0
2026-04-01T13:30:24,IMM-01,MD-B07,ABS,NIGHT,28.79,40.49,0.095,212.12,215.92,221.68,65.03,102.34,58.08,73.71,3.61,1.204,7.36,17.07,34.3,84.9,9.3,873.4,77.96,90,47.76,43.55,1
2026-04-01T13:31:06,IMM-02,MD-A12,ABS,DAY,29.04,41.43,0.175,203.07,209.98,213.51,68.44,100.65,58.84,79.94,3.96,1.117,6.85,17.76,33.58,75.9,9.91,779.7,74.36,78.12,34.68,47.13,0
2026-04-01T13:31:48,IMM-04,MD-C03,ABS,DAY,17.95,46.09,0.123,212.47,222.22,225.62,66.25,101.47,59.63,76.98,4.61,1.164,7.86,18.7,34.77,85.9,7.24,859,77.85,87.68,50.36,39.03,0
2026-04-01T13:32:30,IMM-01,MD-A12,PP-GF20,EVENING,27.6,48.15,0.139,213.92,223.7,225.24,66.99,99.11,58.55,75.17,5.54,1.177,7.83,21.9,39.63,83.5,8.73,852.2,70.85,76.96,48.01,46.97,0
2026-04-01T13:33:12,IMM-01,MD-B07,PP-GF20,DAY,25.24,,0.12,202.58,210.24,215.43,72.76,106.76,59.69,88.95,4.67,1.158,8.33,18.16,36.1,75.6,8.58,806.3,85.2,89.4,49.06,34.84,0
2026-04-01T13:33:54,IMM-01,MD-B07,PP-GF20,EVENING,18.33,36.57,0.185,219.27,225.58,231.94,69.27,85.13,48.07,75.13,5.03,0.996,7.38,18.13,35.26,76.3,7.39,839.3,63.9,60.37,49.23,45.09,1
2026-04-01T13:34:36,IMM-03,MD-A12,ABS,EVENING,26.41,55.97,0.108,212.59,218.51,224.31,68.24,100.73,55.88,75.58,4.06,1.275,6.74,20.46,37.28,77.1,8.53,816.9,72.25,101.18,42.86,41.92,0
2026-04-01T13:35:18,IMM-04,MD-A12,PA6-GF30,DAY,26.33,63.75,0.121,236.6,245.23,251.04,77.01,97.35,53.56,79.65,4.38,1.238,7.63,18.88,35.59,82.5,7.56,857.7,71.13,97.28,45.97,54.87,0
2026-04-01T13:36:00,IMM-01,MD-A12,PP-GF20,EVENING,27.91,38.66,0.037,211.17,219.97,225.65,77.41,89.41,51.56,76.63,2.84,1.207,7.92,19.38,36.18,88,7.95,792.4,70.08,80.09,43.38,46.37,0
2026-04-01T13:36:42,IMM-02,MD-A12,PA6-GF30,DAY,23.57,55.79,0.149,230.15,236.26,242.21,72.46,93.42,56.78,85.16,4.24,1.451,7.38,17.19,34.11,96.4,10.24,856,64.27,94.03,46.02,43.82,0
2026-04-01T13:37:24,IMM-01,MD-A12,PP-GF20,DAY,28.95,64.43,0.125,210.91,219.92,223.9,74.24,99.25,56.38,75.03,3.66,1.295,8.35,19.25,38.38,87.2,8.95,811,76.17,97.15,47.88,47.47,0
2026-04-01T13:38:06,IMM-03,MD-B07,ABS,EVENING,22.54,52.21,0.145,201.26,209.57,212.98,72.53,97.07,58.07,81.49,3.83,1.2,8.92,20.04,38.09,83.3,7.09,863.5,76.18,86.77,43.71,44.92,0
2026-04-01T13:38:48,IMM-04,MD-C03,PP-GF20,DAY,21.89,42.64,0.101,214.83,220.04,223.33,65.75,100.53,56.92,77.47,4.34,1.513,6.71,19.71,36.27,82.2,7.23,838.6,77.22,127.39,44.31,39.26,0
2026-04-01T13:39:30,IMM-02,MD-A12,PP-GF20,NIGHT,20.45,37.66,0.128,219.86,229.34,233.25,65.77,106.19,61.54,67.5,3.82,1.148,8.04,16.39,34.26,74.9,7.94,815.8,77.23,80.21,48.01,42.16,0
2026-04-01T13:40:12,IMM-04,MD-A12,ABS,DAY,27.86,74.82,0.078,202.54,211.51,214.94,66.53,108.81,69.46,76.07,4.49,1.286,6.93,18.17,34.02,74.1,8.82,801.9,83.26,115.89,47.23,43.86,0
2026-04-01T13:40:54,IMM-04,MD-A12,PA6-GF30,DAY,26.43,44.08,0.161,231.84,240.89,244.38,80.54,112.24,61.19,69.23,4.75,1.15,6.15,17.16,31.57,90.2,8.02,803.1,83.85,87.67,49.27,53.79,0
2026-04-01T13:41:36,IMM-01,MD-C03,PP-GF20,EVENING,25.28,32.91,0.176,205.92,213.04,218.57,67.98,91.95,55.15,74.49,3.72,1.376,8.72,21.24,40.49,78.1,10.48,883.7,72.3,92.49,43.87,42.97,0
2026-04-01T13:42:18,IMM-02,MD-A12,ABS,DAY,17.62,60.93,0.095,214.04,223.25,228.23,71.16,96.5,54.23,76.27,3.75,1.277,7.77,19.67,37.35,87,7.81,868.1,72.04,96.18,43.57,43.3,0
2026-04-01T13:43:00,IMM-02,MD-C03,ABS,DAY,20.36,57.6,0.15,210.19,218.89,224.65,61.34,99.69,54.97,76.56,4.03,1.241,7.28,19.55,35.68,85.8,9.83,887.5,68.5,79.37,45.3,47.92,0
2026-04-01T13:43:42,IMM-02,MD-A12,PP-GF20,DAY,23.03,35.58,0.127,214.4,223.06,230.23,65.42,97.49,56.94,80.99,4.69,1.005,8.37,19.82,37.63,66.4,8.63,859.3,81.04,78.29,44.28,34.46,0
2026-04-01T13:44:24,IMM-02,MD-B07,ABS,EVENING,21.18,67.78,0.196,222.54,226.39,231.99,73.59,94.24,50.92,77.53,3.87,1.075,8.05,17.6,36.06,82.7,7.98,836.6,74.89,66.17,41.22,44.78,0
2026-04-01T13:45:06,IMM-02,MD-A12,PP-GF20,EVENING,23.9,44.03,0.069,207.65,216.73,222.05,68.44,92.21,55.05,79.25,4.45,1.206,7.29,18.17,36.18,86.8,8.31,824.1,64.36,72.07,46.61,45.78,0
2026-04-01T13:45:48,IMM-02,MD-C03,PP-GF20,NIGHT,26.79,56.97,0.094,221.66,227.12,236.56,68.84,103.86,58.17,72.17,5.38,1.407,7.2,20.06,37.08,84,9.7,895.7,76.61,105.63,44.63,42.29,0
2026-04-01T13:46:30,IMM-02,MD-A12,ABS,EVENING,27.51,61.57,0.109,218.59,229.64,233.69,67.15,101.74,62.23,69.92,3.84,1.378,7.92,18.6,35.92,71.4,8.8,817.3,73.01,105.6,47.33,47.78,0
2026-04-01T13:47:12,IMM-02,MD-A12,PP-GF20,DAY,26.58,36.63,0.103,211.66,213.48,220.22,70.26,99.45,54.33,71.4,6,1.12,7.71,18.37,35.92,87.3,9.64,823.1,74.27,90.65,50.03,43.33,0
2026-04-01T13:47:54,IMM-02,MD-A12,PA6-GF30,EVENING,23.93,44.63,0.269,235.24,243.04,244.48,74.04,84.68,53.34,68.59,3.06,1.16,6.95,19.77,36.25,97.2,10.15,889.7,72.86,74.31,46.4,52.33,1
2026-04-01T13:48:36,IMM-01,MD-A12,ABS,DAY,21.39,,0.083,209.12,221.24,230.09,69.32,76.42,44.98,80.88,3.77,1.112,6.45,18.64,34.26,86.9,9.85,890,60.83,66.82,49.45,42.39,0
2026-04-01T13:49:18,IMM-01,MD-B07,PP-GF20,NIGHT,23.48,66.64,0.118,204.97,213.57,214.87,71.35,83.19,46.28,82.41,2.38,1.288,7.47,18.66,36.46,79,7.64,809.5,63.7,73.29,42.42,44.05,0
2026-04-01T13:50:00,IMM-02,MD-B07,PP-GF20,DAY,26.18,54.43,0.086,208.2,215.94,222.61,64.57,97.88,59.02,82.8,3.83,1.27,7.03,19.76,36.32,67.3,8.77,802.2,70.53,98.76,43.67,42.83,0
2026-04-01T13:50:42,IMM-01,MD-C03,ABS,NIGHT,24.72,46.51,0.104,207.11,215.5,219.97,73.61,97.27,50.18,77.75,4.59,1.272,7.7,20.24,37.35,87.5,8.22,825.3,76.66,98.31,45.48,42.64,0
2026-04-01T13:51:24,IMM-02,MD-A12,PP-GF20,EVENING,26.01,51.35,0.172,217.86,228.25,233.38,74.52,100.19,60.58,64.37,3.55,1.339,6.69,19.01,35.18,80.5,8.84,869.5,74.73,112.96,44.9,42.36,0
2026-04-01T13:52:06,IMM-01,MD-A12,ABS,NIGHT,16.25,59.91,0.118,209.46,219.71,224.25,68.11,99.97,60.26,70.27,4.52,1.136,6.9,18.44,33.57,84,8.33,776.4,74.58,79.5,45.59,41.72,0
2026-04-01T13:52:48,IMM-02,MD-C03,PP-GF20,DAY,25.66,64.44,0.118,219.07,229.14,234.59,66.02,100.91,62.6,58.91,4.21,1.182,9.24,21.25,40.43,89.1,9.17,875,,83.37,45.41,43.63,0
2026-04-01T13:53:30,IMM-02,MD-B07,ABS,DAY,26.03,66.42,0.124,211.57,219.77,227.93,74.86,88.62,52.93,64.37,5.59,1.243,8.13,17.04,35.36,72.6,10.83,793.5,66.79,85.17,45.92,41.05,0
2026-04-01T13:54:12,IMM-01,MD-A12,ABS,DAY,20.61,46.44,0.135,212.72,217.14,224.41,69.74,98.53,62.52,72.55,3.51,1.196,7.87,15.65,32.87,82.1,7.06,796.6,76.79,93.36,43.98,47.4,0
2026-04-01T13:54:54,IMM-01,MD-C03,PA6-GF30,EVENING,22.24,32.26,0.153,233.26,241.77,244.56,80.86,102.22,57.29,58.95,3.78,1.181,5.93,20.28,36.02,74.5,10.77,844.6,78.55,92.58,42.6,53.13,0
2026-04-01T13:55:36,IMM-01,MD-B07,ABS,DAY,22.13,45.53,0.19,207.16,217.14,222.44,64.43,97.08,58.4,66.28,4.82,1.299,7.83,16.43,33.57,80,7.45,817,76.62,100.8,41.76,50.16,0
2026-04-01T13:56:18,IMM-01,MD-C03,PA6-GF30,NIGHT,19.74,63.78,0.244,237.75,248.53,253.42,72.09,93.55,49.08,80.5,3.85,1.349,8.51,17.83,36.43,88.4,6.79,847.5,80.12,113.27,46.04,48.22,1
2026-04-01T13:57:00,IMM-03,MD-C03,PP-GF20,DAY,24.24,48.5,0.097,227.73,239.24,242.6,66.99,96.77,46.58,71.34,4.32,1.269,7.5,20.77,38.71,90.2,8.08,822.8,79.04,93.3,45.49,38.86,0
2026-04-01T13:57:42,IMM-02,MD-B07,PP-GF20,DAY,25.77,61.59,0.177,210.14,217.99,223.63,75.61,89.94,54.01,82.18,2.71,1.196,7.97,19.24,37.03,59.3,7.82,823.5,62.07,70.41,40.85,49.85,1
2026-04-01T13:58:24,IMM-03,MD-C03,PP-GF20,DAY,22.21,51.14,0.135,211.01,216.44,223.37,67.04,97.79,57.28,68.81,3.38,1.276,8.05,19.92,37.57,84.9,8.87,878.7,72.7,89.77,45.42,42.11,0
2026-04-01T13:59:06,IMM-02,MD-B07,PP-GF20,EVENING,24.46,39.58,0.106,214.86,223.31,229.6,68.02,89.25,48.38,70.11,3.91,1.062,8.04,19.36,37.59,82.1,8.42,787.1,66.73,61.15,48.65,41.41,0
2026-04-01T13:59:48,IMM-03,MD-A12,ABS,DAY,21.46,52.2,,207.59,214.11,219.11,76.37,87.27,48.18,73.55,3.86,1.308,7.82,17.34,34.13,81.8,9.37,755,62.77,90.22,39.32,46.54,1
2026-04-01T14:00:30,IMM-02,MD-B07,PP-GF20,NIGHT,27.56,40.44,0.131,219.08,227.2,232.86,69.27,107.93,57.42,67.44,4.18,1.075,7.36,17.86,34.44,78,8.49,810.6,82.92,81.95,50.61,46.27,0
2026-04-01T14:01:12,IMM-04,MD-B07,PA6-GF30,EVENING,21.94,49.65,0.144,219.29,226.44,231.85,78.32,100.1,52.4,71.18,4.45,1.29,7.05,18.65,35.42,84.7,9.28,808.9,75.31,95.16,46.88,49.06,0
2026-04-01T14:01:54,IMM-04,MD-B07,PA6-GF30,EVENING,25.13,54.33,0.224,239.93,248.26,253.17,81.41,90.3,50.74,81.02,4.32,1.269,9.33,18.31,37.28,74.7,11.08,857.7,70.65,87.79,42.97,49.91,0
2026-04-01T14:02:36,IMM-04,MD-B07,ABS,EVENING,25.26,52.95,0.133,208.06,217.4,222.32,68.93,91.29,58.23,71.36,3.92,1.118,7.91,19.8,38.16,95.1,8.17,845.4,66.97,75.98,40.64,31.64,0
2026-04-01T14:03:18,IMM-01,MD-B07,PP-GF20,NIGHT,22.81,37.8,0.132,222.83,233.36,239.76,70.76,103,60.34,71.31,2.63,1.117,8.09,18.14,35.8,87.4,7.66,825.6,83.08,94.08,44.89,45.4,0
2026-04-01T14:04:00,IMM-04,MD-C03,PA6-GF30,EVENING,16.31,28.44,0.028,221.93,227.53,229.49,74.56,104.49,62.9,70.76,3.51,1.386,8.03,19.07,37.31,77.2,8.81,832.4,75.38,113.06,43.93,46.48,1
2026-04-01T14:04:42,IMM-04,MD-B07,PP-GF20,EVENING,29.93,58.84,0.044,221.5,223.37,230.5,69.86,95.88,55.4,68.83,2.68,0.869,7.08,17.41,34.2,80,7.84,799.4,76.1,63.2,47.03,48.6,0
2026-04-01T14:05:24,IMM-04,MD-C03,ABS,DAY,30.69,49.28,0.147,209.65,218.67,226.03,68.77,84.73,50.01,62.84,4.23,1.408,7.34,21.34,38.38,84.6,8.57,838.8,65.42,90.54,50.69,43.79,0
2026-04-01T14:06:06,IMM-03,MD-A12,PP-GF20,DAY,22.41,46.16,0.122,203.73,212.13,217.62,70.22,93.8,53.66,70.32,4.8,1.246,8.19,19.52,36.25,81.7,9.53,803.1,,85.08,41.01,38.62,0
2026-04-01T14:06:48,IMM-02,MD-B07,ABS,EVENING,23.79,35.62,0.114,218.57,223.23,225.78,71.77,94.95,53.62,76.67,3.41,1.359,7.15,18.95,35.81,88.4,6.68,788,70.39,103.02,41.08,40.75,0
2026-04-01T14:07:30,IMM-02,MD-C03,PP-GF20,DAY,21.87,67.13,0.077,215.73,227.89,233.9,67.43,94.79,55.6,66.22,4.34,1.286,8.08,19.14,36.25,95.2,8.77,841.6,68.65,91.05,47.39,40.32,0
2026-04-01T14:08:12,IMM-02,MD-C03,PA6-GF30,EVENING,25.36,49.43,0.155,227.02,234.11,241.6,83.43,106.29,56.48,68.77,3.52,1.321,8.72,22.8,40.8,77.7,11.45,867.8,89.37,113.58,45.89,46.47,0
2026-04-01T14:08:54,IMM-04,MD-A12,ABS,DAY,21.79,58.77,0.042,215.3,222.3,232.02,66.65,108.44,62.7,88.2,2.84,1.157,8.2,19.18,38.25,79.2,9.1,820.7,76.53,91.55,51.11,40.91,0
2026-04-01T14:09:36,IMM-02,MD-A12,PP-GF20,DAY,26.83,52.96,0.092,201.86,212.91,214.12,61.71,104.77,57.67,52.73,3.4,0.961,6.75,18.69,34.11,96.5,8.11,821,81.06,78.96,40.89,41.85,0
2026-04-01T14:10:18,IMM-01,MD-C03,PP-GF20,EVENING,18.53,45.66,0.169,216.15,224.12,228.18,73.62,90.09,49.25,80.72,3.92,1.523,8.11,20.04,38.81,74.4,9.83,881.4,65.48,96.35,40.7,48.13,0
2026-04-01T14:11:00,IMM-03,MD-C03,PA6-GF30,NIGHT,21.32,73.33,0.201,232.47,238.09,242.36,81.42,88,48.49,81.16,3.08,1.036,6.46,18.68,33.9,94.9,9.27,825.9,61.35,63.91,42.6,50.87,0
2026-04-01T14:11:42,IMM-01,MD-A12,PA6-GF30,DAY,31.21,46.6,0.184,241.06,251.1,255.35,71.91,118.36,75.13,66.74,4.69,1.13,8.14,18.27,36.68,86.7,7.48,808.7,92.29,110.79,46.16,53.29,0
2026-04-01T14:12:24,IMM-04,MD-A12,ABS,EVENING,25.29,34.51,0.118,214.01,223.04,229.91,71.35,106.88,55.92,72.64,5.13,1.253,7.52,17.45,36.41,70.4,7.6,806.7,89.29,105.08,42.71,40.74,1
2026-04-01T14:13:06,IMM-03,MD-B07,PP-GF20,DAY,22.78,38.18,0.115,220.69,228.09,232.97,71.99,94.28,48.11,80.44,3.68,1.26,8.8,19.09,37.72,74.3,6.32,814,62.07,81.18,44.27,47.29,0
2026-04-01T14:13:48,IMM-02,MD-B07,PP-GF20,DAY,27.51,56.24,0.043,213.9,220.84,225.71,63.86,106.58,59.42,68.9,3.72,1.059,7.06,21.49,38.02,94.1,8.56,851.7,79.81,82.32,44.35,44.5,1
2026-04-01T14:14:30,IMM-02,MD-A12,PP-GF20,DAY,30.63,60.72,0.137,209.81,218.86,227.08,70,95.4,53.84,71.23,3.29,1.23,8.51,15.25,32.42,81.6,6.02,841,69.35,81.07,42.45,41.94,0
2026-04-01T14:15:12,IMM-03,MD-C03,PA6-GF30,DAY,25.14,53.73,0.193,230.11,240.26,246.87,78.27,103.4,61.56,63.94,3.56,1.305,7.55,19.71,36.8,69.7,10.58,811.8,79.17,100.7,45.17,42.57,0
2026-04-01T14:15:54,IMM-04,MD-A12,ABS,EVENING,27.18,42.19,0.113,211.23,215.41,220.1,66.34,103.77,57.51,62.65,4.53,1.281,7.16,19.29,35.15,87.2,8.69,814.1,84.88,111.76,53.49,55.3,1
2026-04-01T14:16:36,IMM-01,MD-A12,PA6-GF30,DAY,30.06,34.43,,236.46,245.39,248.86,71.97,101.49,58.18,81.21,3.94,1.196,9.26,21.11,40.83,86,8.01,870.9,79.67,87.82,41.66,51.73,0
2026-04-01T14:17:18,IMM-01,MD-B07,PP-GF20,DAY,21.1,64.56,0.165,219.68,227.01,232.8,73.91,103.11,50.4,70.82,3.94,1.045,8.87,18.22,36.49,89.6,7.58,837.8,76.02,75.65,42.14,42.88,0
2026-04-01T14:18:00,IMM-04,MD-C03,PA6-GF30,DAY,31.69,56.43,0.129,229.6,235.31,241.95,79.49,123.35,76.67,85.79,3.58,1.229,7.59,19.59,36.97,89.5,9.03,858.9,96.96,114.31,45.65,54.46,0
2026-04-01T14:18:42,IMM-01,MD-C03,PP-GF20,DAY,23.97,52.01,0.118,212.28,224.35,227.88,71.23,97.27,53.67,70.26,3.06,1.065,7.92,18.22,35.51,82.6,9.39,860.2,66.11,67,41.84,38.14,0
2026-04-01T14:19:24,IMM-04,MD-A12,ABS,DAY,26.32,21.14,0.088,202.17,213.28,217.87,69.03,97.32,58.08,74.72,4.57,0.99,8.75,20.5,38.65,86,10.34,840,75.87,75.68,48.2,40.3,1
2026-04-01T14:20:06,IMM-01,MD-C03,PP-GF20,NIGHT,27.62,47.14,0.036,212.7,221.54,225.84,65.87,102.51,59.66,72.62,4.29,1.124,7.4,18.35,35.53,96.4,7.49,822.6,78.27,88.85,50.18,40.17,0
2026-04-01T14:20:48,IMM-01,MD-A12,PA6-GF30,EVENING,26.06,51.42,0.244,224.87,229.82,236.26,74.04,105.88,57.03,70.32,3.76,1.291,7.59,18.4,34.81,89.4,9.33,881.5,84.19,104.88,46.26,44.49,1
2026-04-01T14:21:30,IMM-01,MD-A12,ABS,EVENING,19.43,31.9,0.11,206.5,212.55,221.48,70.17,86.75,53.03,64.38,3.85,1.221,6.3,17.05,32.88,86.5,7.51,853,75.42,91.33,44.67,39.54,0
2026-04-01T14:22:12,IMM-03,MD-A12,ABS,DAY,26.19,58.37,0.105,209.07,217.65,221.39,63.16,102.42,63.44,72.21,4.34,1.016,6.39,16.67,32.16,85,9.74,808.1,73.32,77.44,46.66,47.6,0
2026-04-01T14:22:54,IMM-01,MD-B07,PP-GF20,EVENING,27.58,45.47,0.103,216.38,224.09,228.85,71.2,97.19,57.09,72.21,4.38,1.178,7.16,18.67,36.56,78,8.91,825.6,80.66,97.12,47.37,41.8,0
2026-04-01T14:23:36,IMM-03,MD-B07,PP-GF20,DAY,22.4,70.22,0.182,217.57,225.32,231.89,66.8,96.51,56.8,49.61,3.96,1.09,8.27,16.17,34.67,76.4,8.49,798.9,67.93,69.62,39.49,38.88,0
2026-04-01T14:24:18,IMM-01,MD-B07,ABS,EVENING,24.4,44.73,0.132,215.01,222.52,225.52,66.67,98.5,56.13,71.5,3.46,1.34,7.06,17.22,33.65,90.4,8.61,826,72.55,98.84,43.69,42.75,0
2026-04-01T14:25:00,IMM-01,MD-C03,PA6-GF30,NIGHT,27.02,34.92,0.164,234,243.31,246.84,82.15,100.44,56.34,65.04,3.19,1.323,7.81,22.84,41.95,86.8,7.76,896.6,75.45,94.38,50.16,54.19,0
2026-04-01T14:25:42,IMM-02,MD-B07,ABS,DAY,24.63,49.11,0.183,207.42,214.22,220.24,68,97.35,55.78,77.35,3.96,1.253,8.57,18.16,36.87,91.5,9.47,756.2,79.15,101.46,46.17,50.98,0
2026-04-01T14:26:24,IMM-04,MD-B07,ABS,EVENING,25.11,52.39,0.143,211.48,217.37,222.66,68.48,94.68,50.15,71.85,3.58,1.099,7.26,17.94,35.73,79,9.56,795.2,69.14,70.44,43.49,44.89,0
2026-04-01T14:27:06,IMM-01,MD-B07,PA6-GF30,DAY,23.81,58.23,0.116,225.74,228.8,234.97,73.77,109.72,65.32,73.76,6.19,1.164,7.52,17.96,34.75,95.1,8.8,810,80.58,89.39,48.02,46.93,1
2026-04-01T14:27:48,IMM-02,MD-A12,PP-GF20,DAY,19.79,70.66,0.154,212.86,220.01,226.86,68.7,97.07,59.91,84.43,3.81,1.32,6.67,15.97,33.16,66.1,8.61,809.2,77.51,93.87,49.75,43.87,0
2026-04-01T14:28:30,IMM-01,MD-B07,PA6-GF30,EVENING,21.11,66.48,0.219,222.08,229.48,235.43,76.91,88.11,52.36,77.96,3.78,1.134,6.49,17.33,33.9,96.6,7.32,850.3,65.61,71.28,44.37,47.47,1
2026-04-01T14:29:12,IMM-01,MD-B07,PP-GF20,DAY,16.96,47.64,0.091,216.96,225.07,230.47,71.69,117.64,66.03,68.31,3.52,1.329,7.45,19.8,37.24,90.2,9.63,832.1,92.18,120.99,44.38,42.67,0
2026-04-01T14:29:54,IMM-03,MD-B07,PA6-GF30,NIGHT,22.49,58.75,0.125,230.01,236.56,240.45,83.66,106.75,63.66,69.54,4.27,1.186,7.42,19.67,37.23,73.3,8.07,865.8,81.84,91.85,47.69,52.66,1
2026-04-01T14:30:36,IMM-04,MD-C03,ABS,DAY,21.98,22.5,0.124,209.99,217.81,221.85,63.78,92.24,56.08,77.62,3.21,1.334,7.76,19.03,36.34,83.5,7.94,828.2,70.37,79.48,44.82,42.82,1
2026-04-01T14:31:18,IMM-03,MD-B07,PA6-GF30,NIGHT,22.96,53.33,0.069,232.93,237.68,238.58,74.11,92.96,54.54,71.26,3.4,1.145,8.29,18.93,36.53,78.4,7.5,865.6,71.55,85.26,48.55,54.19,0
2026-04-01T14:32:00,IMM-01,MD-C03,ABS,DAY,38.01,70.92,0.061,215.42,220.49,227.06,69.54,107.44,63.74,71.57,4.17,1.223,7.21,18.23,33.5,84.4,9.31,858.2,82.57,102.66,38.04,47.23,0
2026-04-01T14:32:42,IMM-02,MD-A12,ABS,NIGHT,26.18,56.68,0.087,203.4,209.32,214.48,69.42,91.16,53.19,61.66,4.83,1.193,6.45,18.97,34.84,83.7,6.57,842.5,71.66,77.97,47.54,44.55,0
2026-04-01T14:33:24,IMM-03,MD-B07,ABS,DAY,25.61,38.91,0.213,213.02,220.32,226.7,67.46,93.02,52.08,65.88,4.71,1.06,7.29,14.22,30.99,86.2,8.86,850.6,76.67,73.5,47.65,40.3,0
2026-04-01T14:34:06,IMM-01,MD-C03,PP-GF20,DAY,23.29,46.59,0.152,217.47,222.5,229.79,70.72,97.17,66.36,68.15,5.08,1.053,8.83,21.33,39.92,75.6,7.34,898,76.14,73.33,46,44.97,0
2026-04-01T14:34:48,IMM-02,MD-B07,PA6-GF30,EVENING,25.01,44.62,0.07,237.04,243.7,251.93,76.4,98.27,50.16,66,5.25,1.144,7.35,18.3,35.33,85,6.92,868.6,75.63,85.5,50.31,57.99,0
2026-04-01T14:35:30,IMM-03,MD-B07,ABS,NIGHT,23.35,43.95,0.177,219.57,227.4,235.55,65.92,104.73,59.19,77.52,4.93,1.236,8.53,18.06,36.04,84,8.31,816.9,87.78,113.97,48.88,39.8,0
2026-04-01T14:36:12,IMM-04,MD-C03,PA6-GF30,EVENING,22.4,56.82,0.195,229.99,237.68,239.88,78.57,88.51,50.92,69.65,4.82,1.332,6.09,19.88,36.02,78,8.18,830.7,72.99,97.25,44.67,53.71,1
2026-04-01T14:36:54,IMM-03,MD-A12,PA6-GF30,DAY,24.21,35.16,0.207,224.72,228.47,233.66,73.18,101.3,55.77,61.85,5.3,1.298,7.9,17.68,34.63,79,7.84,814.7,84.29,108.43,47.59,54.24,0
2026-04-01T14:37:36,IMM-01,MD-B07,PA6-GF30,DAY,26.49,44.47,0.181,237.08,243.67,249.64,75.59,104.8,62.43,74.85,3.03,1.208,8.6,18,36.91,80.1,9.41,768.7,87.07,114.29,44.3,46.51,0
2026-04-01T14:38:18,IMM-03,MD-B07,PA6-GF30,DAY,27.88,63.96,0.133,234.67,239.38,245.03,78.04,99.21,58.29,73.78,3.56,1.281,8.43,16.37,35.65,87.2,6.94,849.1,80.24,106.72,51.12,49.09,0
2026-04-01T14:39:00,IMM-02,MD-C03,PP-GF20,NIGHT,28.37,38.07,0.084,208.63,211.89,216.86,67.94,90.24,55.77,69.51,3.78,1.232,8.15,18.44,36.53,93.5,6.13,872.6,69.04,75.92,42.77,45.23,0
2026-04-01T14:39:42,IMM-03,MD-B07,PA6-GF30,EVENING,20.94,40.8,0.144,230.45,235.6,240.23,70.97,108.09,61.54,64.53,3.71,1.117,7.13,16.6,32.41,89,8.26,830,77.01,77.28,42.51,47.71,0
2026-04-01T14:40:24,IMM-03,MD-C03,ABS,DAY,18.6,52.96,0.13,220.12,229.33,233.34,65.81,94.19,52.87,83.42,4.5,1.159,7.73,18.18,35.96,75.9,7.91,863,72.4,87.51,44.62,45.06,0
2026-04-01T14:41:06,IMM-03,MD-B07,PP-GF20,DAY,24.6,29.68,0.199,216.85,222.83,230.35,67.07,96.63,50.74,81.3,3.95,1.195,7.51,18.92,36.54,82.3,8.44,823.8,65.78,78.71,42.79,45.08,0
2026-04-01T14:41:48,IMM-04,MD-B07,PA6-GF30,DAY,29.32,44.03,0.118,234.2,237.96,240.84,75.21,109.54,67.92,75.86,5.41,1.197,6.73,20.16,36.11,88.6,7.73,892.5,82.23,108.22,45.25,52.09,0
2026-04-01T14:42:30,IMM-04,MD-B07,PA6-GF30,DAY,20.71,63,0.174,237.18,246.93,251.42,78.9,101.78,60.04,59.49,4.02,1.314,8.24,20.17,38.4,74.3,10.35,798.7,72.36,98.69,47.28,54.29,1
2026-04-01T14:43:12,IMM-02,MD-B07,PP-GF20,DAY,27.93,48.16,0.084,210.22,220.54,220.98,75.29,90.27,47.88,75.89,4.87,1.323,7.45,18.22,34.07,93.8,8.48,865.1,72.75,96.2,48.58,46.88,0
2026-04-01T14:43:54,IMM-03,MD-B07,ABS,EVENING,27.17,30.27,0.071,212.42,223.1,227.87,69.38,95.79,53.62,66.03,3.3,1.096,8.74,17.6,36.25,76.1,7.82,812.6,75.96,73.98,44.61,40.72,0
2026-04-01T14:44:36,IMM-04,MD-A12,PP-GF20,DAY,22.49,20.7,0.101,213.38,225.39,228.35,73.57,92.38,55.59,71.25,4.72,1.215,8.04,18.56,35.66,89.5,9.34,847.9,69.94,84.77,44.13,41.87,0
2026-04-01T14:45:18,IMM-04,MD-B07,PP-GF20,DAY,25.52,38.28,0.047,216.13,223.65,226.49,66,92.72,50.53,67.74,1.88,1.127,7.79,22.65,40.39,92.7,8.61,861.9,70.17,93.48,47.84,52.29,0
2026-04-01T14:46:00,IMM-01,MD-B07,PP-GF20,DAY,25.5,51.41,0.134,215.85,222.95,228.07,66.36,89.32,49.71,70.26,2.96,1.16,7.31,20.29,37.89,85.8,7.01,842.8,62.99,64.91,43.14,43.86,0
2026-04-01T14:46:42,IMM-01,MD-B07,ABS,EVENING,20.87,57.39,0.104,210.06,216.93,224.34,78.06,90.08,47.65,68.1,4.06,1.251,7.57,20.9,38.47,82.7,9.44,802.3,64.52,86.65,48.16,41.21,0
2026-04-01T14:47:24,IMM-02,MD-B07,PP-GF20,DAY,33.16,66.92,0.093,216.52,224.18,227.86,67.66,84.16,45.62,71.09,4.38,1.057,7.76,16.66,32.35,87.2,9.24,773.2,64.27,60.34,38.91,46.56,0
2026-04-01T14:48:06,IMM-02,MD-C03,PP-GF20,NIGHT,26.22,52.67,0.061,217.43,225.31,230.14,65.48,97.71,55.19,77.72,4.9,1.247,7.84,16.91,34.4,83.5,8.82,894.5,79.96,100.25,45.4,36.36,1
2026-04-01T14:48:48,IMM-01,MD-A12,PA6-GF30,NIGHT,26.3,61.64,0.166,235.52,247.33,256.24,82.87,100.16,58.71,64.11,3.82,1.168,7.47,20.25,38.12,86.1,8.05,769.8,79.22,95.39,51.65,47.8,0
2026-04-01T14:49:30,IMM-02,MD-A12,PA6-GF30,EVENING,23.23,43.4,0.201,230.35,233.14,238.59,76.92,107,61.4,61.74,3.68,0.975,9.58,19.68,38.76,78.3,9.24,843.4,81.33,79.53,43.13,43.65,0
2026-04-01T14:50:12,IMM-04,MD-A12,PA6-GF30,NIGHT,27.51,33.28,0.177,235.57,239.96,245.03,75.06,100.54,59.6,84.16,4.08,1.283,7.59,21.58,39.88,79.5,8.93,821,75.46,103.35,44.15,57.19,0
2026-04-01T14:50:54,IMM-02,MD-A12,PP-GF20,DAY,28.61,45.92,0.115,208.96,216.33,225.32,69.43,82.37,47.73,70.14,3.89,1.232,7.92,17,34.27,81.4,9.68,817,64.06,80.08,49.34,48.4,0
2026-04-01T14:51:36,IMM-02,MD-B07,PA6-GF30,DAY,30.26,34.85,0.097,228.42,235.8,241.13,68.88,97.76,59.74,71.85,3.86,0.954,9.27,16.98,36.91,89.5,9.46,827.2,75.99,71.57,49.34,48.74,0
2026-04-01T14:52:18,IMM-02,MD-C03,ABS,DAY,20.19,47.31,0.245,217.73,222.46,232.53,73.41,102.42,55.61,77.16,3.75,1.262,7.93,21.89,40.17,83.2,7.31,857.6,77.79,98.39,44.84,43.05,0
2026-04-01T14:53:00,IMM-01,MD-A12,ABS,DAY,24.79,42.92,0.05,203.83,211.09,217.01,72.65,94.03,56.15,73.09,4.15,1.287,7.24,17.83,34.49,79,9.91,863.7,75.43,82.19,44.9,44.62,0
2026-04-01T14:53:42,IMM-04,MD-C03,ABS,DAY,28.92,51.59,0.192,214.98,226.71,233.36,72.1,91.36,50.34,67.37,2.98,1.011,8.11,17.32,34.8,74.2,11.63,873.7,73.63,71.75,44.78,44.26,0
2026-04-01T14:54:24,IMM-02,MD-B07,PP-GF20,NIGHT,21.58,36.96,0.068,213.12,219.65,220.44,68.65,98.04,51.53,78.51,4.31,1.153,8.79,15.97,35.28,79.1,9.96,886.1,73.07,80.96,45.17,49.67,0
2026-04-01T14:55:06,IMM-02,MD-C03,PP-GF20,NIGHT,19.09,44.12,0.174,210.51,214.44,220.22,70.08,108.2,66.06,65.32,4.75,1.242,7.54,16.51,32.44,77.9,7.82,802.7,82.26,95.42,45.87,44.58,0
2026-04-01T14:55:48,IMM-02,MD-C03,PA6-GF30,DAY,28,53.53,0.229,221.9,225.73,231.46,77.07,112.53,64.07,69.42,3.76,1.179,7.69,16.04,33.42,74.7,10.53,907.7,88.37,111.89,46.91,43.91,0
2026-04-01T14:56:30,IMM-04,MD-B07,PP-GF20,DAY,30.44,43.81,0.089,222.59,232.39,238.94,64.17,97.86,58.36,74.32,4.58,1.109,7.33,17.47,34.06,73.6,10.77,896.4,68.42,83.78,44.95,37.81,0
2026-04-01T14:57:12,IMM-03,MD-A12,PA6-GF30,EVENING,22.56,50.64,0.178,234.1,242.21,246.03,79.09,112.05,64.33,84.25,3.48,1.106,7.68,17.81,34.59,79,8.8,759.8,81.25,86.97,37.34,52.02,1
2026-04-01T14:57:54,IMM-02,MD-A12,ABS,DAY,16.76,43.61,0.158,207.06,213.38,222.45,68.6,95.21,58.43,88.12,3.96,1.184,7.16,16.41,33.27,89.4,7.64,850.7,67.95,85.36,44.24,38.89,0
2026-04-01T14:58:36,IMM-04,MD-A12,PP-GF20,NIGHT,25.85,44.41,0.12,221.97,229.81,235.21,66.28,86.24,50.7,74.03,4.94,1.273,8.26,17.75,35.73,92.1,9.27,830.4,70.57,88.17,49.69,40.46,1
2026-04-01T14:59:18,IMM-04,MD-A12,PP-GF20,DAY,23.2,36.73,0.087,214.16,220.58,223.88,70.59,81.96,45.71,77.47,4.21,1.259,8.05,16.48,33.83,85.2,9.33,802.7,66.24,76.57,45.28,36.84,1
2026-04-01T15:00:00,IMM-04,MD-A12,PA6-GF30,DAY,25.99,48.64,0.279,234.68,239.49,246.36,76.8,100.13,59.43,71.54,4.62,1.151,7.77,18.04,35.33,83.3,7.25,837.7,77.72,90.25,52.52,52.56,1
2026-04-01T15:00:42,IMM-04,MD-A12,ABS,EVENING,23.69,57.34,0.142,217.76,229.03,229.83,70.75,89.08,47.93,69.05,3.4,0.984,7.33,19.55,34.97,77,6.93,859.4,65.76,65.52,45.37,40.36,0
2026-04-01T15:01:24,IMM-02,MD-C03,ABS,DAY,21.99,48.42,0.117,202.21,207.64,217.35,68.29,100.64,61.4,58.5,4.92,1.294,7.44,20.36,38.31,87.1,8.96,905.4,77.16,100.16,50.03,39.76,0
2026-04-01T15:02:06,IMM-01,MD-C03,PP-GF20,NIGHT,32.02,53.13,0.121,209.23,216.99,217.91,64.38,87.1,43.21,65.8,2.13,1.293,8.27,20.56,38.67,86.9,7.07,866.6,64.57,90.83,43.47,39.23,1
2026-04-01T15:02:48,IMM-02,MD-A12,ABS,DAY,34.95,42.22,0.106,211.54,217.34,218.62,67.13,91.7,49.28,77.05,3.97,1.337,9.47,19.72,37.79,77.1,8.09,806.7,72.51,91.1,46.17,35.14,0
2026-04-01T15:03:30,IMM-02,MD-C03,PA6-GF30,EVENING,23.87,51.23,0.213,235.88,244.02,250.17,75.07,101.71,66.91,64.76,2.81,1.428,7.82,17.23,34.36,73,7.59,878.2,81.58,116.8,43.4,51.15,0
2026-04-01T15:04:12,IMM-04,MD-A12,ABS,NIGHT,28.31,72.34,0.15,212.24,218.62,225.11,67.19,95.86,57.17,77.23,4.73,1.213,7.69,20.05,35.9,81.3,9.7,865,78.97,96.9,50.41,38.58,0
2026-04-01T15:04:54,IMM-04,MD-A12,PP-GF20,DAY,20.79,42.11,0.138,212.31,222.65,227.29,71.22,101.79,58.05,68.62,3.65,0.992,7.75,16.68,34.41,86.5,9.36,772.8,75.94,82.98,45.43,47.54,0
2026-04-01T15:05:36,IMM-01,MD-C03,ABS,EVENING,25.51,42.53,0.16,209.5,220.39,222.3,72.35,93.22,54.08,65.38,3.48,1.171,7.67,19.26,37.16,71.6,6.64,862.1,74.35,82.55,42.94,34.11,0
2026-04-01T15:06:18,IMM-04,MD-A12,PP-GF20,EVENING,22.04,45.31,0.1,219.64,227.52,231.01,71.7,94.71,56.04,85.47,5.27,0.921,8.03,14.96,32.56,84.7,8.31,835.7,78.95,74.5,46.49,44.39,0
2026-04-01T15:07:00,IMM-01,MD-A12,ABS,NIGHT,24.24,49.09,0.164,212.6,221.64,226.99,65.59,101.59,61.28,80.8,3.63,1.063,7.77,16.15,32.56,69.5,8.98,826.8,79.52,82.55,45.45,40,0
2026-04-01T15:07:42,IMM-02,MD-C03,PP-GF20,DAY,29.1,42.83,0.165,217.14,222.9,227.85,73.08,95.39,50.19,75.12,4.21,1.463,8.16,19.57,36.75,57.5,8.25,826.1,70.25,98.6,45.51,47.34,0
2026-04-01T15:08:24,IMM-04,MD-A12,PP-GF20,EVENING,27.39,22.01,0.149,205.24,208.15,212.57,69.73,96.98,57.77,76.77,4.37,1.195,8.44,18.34,36.6,84,6.26,841.2,68.36,74.61,46.22,46.44,0
2026-04-01T15:09:06,IMM-04,MD-B07,PP-GF20,DAY,27.46,33.58,0.156,211.63,220.55,226.52,66.88,98.84,54.19,75.16,3.51,1.252,8.84,19.54,38.76,71.3,9.76,764.3,79.33,87.47,53.08,44.84,1
2026-04-01T15:09:48,IMM-03,MD-A12,ABS,DAY,27.1,32.98,0.042,214.31,222.62,224.19,72.03,85.32,45,83.77,4.46,1.313,7.35,19.15,36.24,93,7.9,841.2,66.26,83.89,45.57,48.96,0
2026-04-01T15:10:30,IMM-02,MD-B07,PA6-GF30,EVENING,23.59,49.29,0.178,225.6,233.68,238.56,72.71,111.14,59.91,70.86,4.02,1.066,8.34,18.99,37.42,68.9,8.39,808.8,85.3,98.51,47.61,51.36,1
2026-04-01T15:11:12,IMM-02,MD-B07,PP-GF20,DAY,31.95,37.57,0.193,220.83,224.1,230.68,64.3,87.83,52.9,68.58,3.14,1.23,8.07,16.77,34.7,80.9,9.7,863.2,64.96,77.27,43.69,44.47,0
2026-04-01T15:11:54,IMM-02,MD-C03,ABS,DAY,32.39,51.5,0.146,199.23,203.85,208.29,76.13,97.68,58.67,72.43,4.47,0.985,6.71,18.85,35.36,84.7,8.09,821.1,78.44,87.54,46.04,45.68,1
2026-04-01T15:12:36,IMM-04,MD-A12,PA6-GF30,NIGHT,25.26,46.44,0.255,235.1,239.29,243.22,78.51,108.76,62.28,75.35,4.89,1.343,7.87,16.73,35.02,91.9,7.84,744.2,76.03,99.52,51.1,46.57,1
2026-04-01T15:13:18,IMM-01,MD-B07,PA6-GF30,EVENING,21.52,36.2,0.186,244.55,249.33,253.01,76.49,111.49,55.21,83.63,3.06,1.101,7.92,16.52,33.44,81.3,7.91,804.6,84.33,91.34,41.09,51.32,1
2026-04-01T15:14:00,IMM-02,MD-B07,PA6-GF30,EVENING,12.14,44.72,0.142,223.7,231.93,239.84,75.77,101.9,62.12,68.05,5,1.042,7.97,18.58,36.21,73.1,6.31,785.8,82.88,92.59,49.8,49.37,0
2026-04-01T15:14:42,IMM-01,MD-C03,PP-GF20,DAY,21.72,50.11,0.04,214.42,222.48,226.63,66.09,98.44,53.34,72.27,3.79,1.266,7.44,21.86,38.94,74.4,10.59,905.3,66.58,84.2,47.08,37.14,0
2026-04-01T15:15:24,IMM-01,MD-B07,ABS,DAY,20.69,51.3,0.075,213.28,223.89,230.41,72.35,96.21,56.63,65.81,3.51,1.228,7.19,18.3,35.7,76.6,8.63,847.9,69.11,87.85,47.21,43.36,1
2026-04-01T15:16:06,IMM-04,MD-C03,PP-GF20,EVENING,21.98,44.91,0.099,205.43,213.82,217.28,72.89,98.83,55.96,83.97,3.26,1.293,8.05,21.75,39.2,99.2,10.96,864.3,75.34,100.67,47.17,51.29,0
2026-04-01T15:16:48,IMM-02,MD-A12,PA6-GF30,EVENING,28.55,45.69,0.156,231.76,237.3,242.62,75.79,115.63,63.42,76.36,4.45,1.099,6.33,18.53,35.27,84.3,9.07,821.4,87.7,92.29,47.28,44.94,1
2026-04-01T15:17:30,IMM-03,MD-B07,PP-GF20,NIGHT,28.94,56.18,0.217,211.9,218.08,220.77,67.75,96.12,59.19,72.56,5.33,1.131,8.19,16.61,34.06,62.7,8.48,823.8,77.81,89.36,41.68,37.89,0
2026-04-01T15:18:12,IMM-04,MD-B07,PA6-GF30,EVENING,25.11,46.36,0.185,230.31,231.38,238.34,76.1,96.86,57.33,66.41,4.96,1.332,7.13,17.87,33.82,75.6,9.85,876,65.53,79.67,49.41,49.3,1
2026-04-01T15:18:54,IMM-04,MD-C03,PA6-GF30,NIGHT,23.41,36.14,0.178,235.74,246.31,253.11,73.92,103.13,58.21,79.08,4.01,1.366,8.3,18.47,37.31,79.8,8.54,885.8,77.67,104.22,46.77,42.73,1
2026-04-01T15:19:36,IMM-04,MD-B07,PP-GF20,EVENING,21.93,46.1,0.142,210.13,216.83,220.09,74.7,101.66,57.51,80.34,4.85,1.239,7.54,17.35,34.74,84.3,7.51,842,77.82,94.85,47.85,39.42,0
2026-04-01T15:20:18,IMM-02,MD-A12,ABS,EVENING,22.16,49.74,0.048,208.83,214.47,217.74,70.35,101.66,61.82,79.5,4.32,1.147,7.51,16.5,33.45,90.2,7.64,846.4,76.33,75.59,45.01,47.38,0
2026-04-01T15:21:00,IMM-04,MD-C03,PP-GF20,DAY,26.17,59.93,0.148,219.46,226.88,235.76,71.99,91.78,56.41,80.39,3.66,1.279,7.47,18.79,36.85,74.1,9.36,926.3,68.55,77.38,46.57,45.09,0
2026-04-01T15:21:42,IMM-03,MD-A12,ABS,EVENING,25.28,36.21,0.09,207.87,211.01,220.06,81.67,91.99,56.2,76.83,4.91,1.338,5.34,18.08,33.34,83.4,7.7,792.9,68.1,99.92,47.33,41.14,0
2026-04-01T15:22:24,IMM-01,MD-C03,ABS,DAY,26.22,65.36,0.097,205.19,212.03,215.47,62.85,88.27,50.17,74.71,4.07,1.117,7.91,18.27,36.28,80.3,8.14,820.3,69.57,79.81,48.3,40.17,0
2026-04-01T15:23:06,IMM-02,MD-B07,PP-GF20,NIGHT,17.9,42.32,0.102,213.44,220.14,221.37,69.34,106.7,66.22,63.01,5.24,1.199,7.05,18.32,35.6,81,9.18,826.7,71.84,76.63,46.22,39.03,1
2026-04-01T15:23:48,IMM-03,MD-B07,PP-GF20,DAY,22.59,57.8,0.122,210.49,215.92,222.32,64.43,90.71,48.67,68.03,4.17,1.296,7.66,19.09,35.99,86.4,10.41,783.7,65.96,92.36,43.54,50.43,0
2026-04-01T15:24:30,IMM-02,MD-B07,PA6-GF30,NIGHT,28.78,,0.176,217.82,226.13,232.67,77.04,94,49.86,76.47,4.54,1.416,7.37,18.42,36.16,67.1,6.78,822.4,76,118.23,50.17,42.08,1
2026-04-01T15:25:12,IMM-02,MD-A12,ABS,EVENING,21.64,34.44,0.135,212.49,219.52,227.7,71.92,94.24,49.26,67.81,4.22,1.235,8.09,17.93,35.78,85.8,7.72,830.7,74.38,97.46,42.4,42.38,0
2026-04-01T15:25:54,IMM-03,MD-A12,PP-GF20,EVENING,18.53,51.68,0.188,203.67,208.52,215.57,69.46,96.6,58.76,74.22,3.25,1.238,6.89,21.21,38.28,78.4,8.77,860.2,78.74,100.47,44.45,46.84,0
2026-04-01T15:26:36,IMM-04,MD-B07,PA6-GF30,NIGHT,27.98,44.4,0.2,224.61,232.2,236.95,72.55,100.1,62.96,74.08,2.9,1.306,7.26,17.36,35.47,93.3,10.25,804.3,75.38,89.71,48.17,49.15,1
2026-04-01T15:27:18,IMM-03,MD-B07,ABS,NIGHT,20.39,39.12,0.06,212.93,220.92,226.86,69.42,92.4,55.3,76.02,3.29,1.123,9.02,18.23,37.43,83,11.22,830.6,71.32,79.03,45.65,41.18,0
2026-04-01T15:28:00,IMM-04,MD-C03,PA6-GF30,DAY,27.53,37.48,0.174,228.69,240.65,245.27,78.33,100.07,57.87,73.43,4.86,1.45,8,22.57,40.29,96.9,9.22,903.8,73.33,106.13,42.92,54.61,0
2026-04-01T15:28:42,IMM-01,MD-C03,PA6-GF30,EVENING,23.35,56.31,0.111,231.73,238.2,242.78,74,110.98,64.97,71.57,4.66,1.358,8.09,21.12,39.88,85.6,5.61,831.6,85.18,113.6,47.73,49.34,1
2026-04-01T15:29:24,IMM-01,MD-B07,PP-GF20,DAY,25.93,45.57,0.09,216.42,224.2,230.06,68.76,99.56,52.95,68.5,3.18,1.258,7.31,20.48,36.54,78.6,7.48,857.9,78.2,94.19,47.66,36.31,0
2026-04-01T15:30:06,IMM-04,MD-A12,ABS,DAY,36.33,50.97,0.155,206.96,211.66,218.99,73.47,92.06,54.86,64.82,2.56,1.262,8.21,19.44,37.68,95.6,6.44,819.3,74.47,96.04,43.77,42.23,0
2026-04-01T15:30:48,IMM-03,MD-A12,PP-GF20,EVENING,20.42,52.93,0.148,208.87,218.62,223.31,67.79,82.71,46.59,76.67,4.25,1.2,8.46,17.17,35.34,89.1,6.5,815.7,59.04,72.82,45.4,43.09,0
2026-04-01T15:31:30,IMM-01,MD-B07,PP-GF20,EVENING,18.46,42.34,0.135,216.7,225.78,229.47,66.63,97.79,58.89,81.06,3.79,1.184,8.76,16.75,35.42,77.7,7.51,794,68.09,77.38,43.98,39.91,0
2026-04-01T15:32:12,IMM-04,MD-B07,ABS,DAY,29.45,67.74,0.074,204.92,210.05,218.46,77.04,84.46,51.02,67.74,3.93,1.053,7.82,17.37,35.15,79.4,7.91,859.4,68.2,62.59,45.19,39.83,1
2026-04-01T15:32:54,IMM-01,MD-B07,PP-GF20,DAY,24.01,53.06,0.115,201.34,207.32,213.87,69.29,103.31,54.65,70.41,3.19,1.198,8.71,14.14,32.02,79.6,9.04,788.6,77.75,89.72,43.36,43.94,0
2026-04-01T15:33:36,IMM-02,MD-B07,PP-GF20,DAY,26.01,53.81,0.148,210.8,218.62,224.71,63.47,100.46,62.34,60.33,3.58,1.265,7.08,18.16,35.56,68.8,6.72,803.1,75.05,92.6,44.13,42.49,0
2026-04-01T15:34:18,IMM-04,MD-B07,ABS,DAY,28.19,43.95,0.086,215.49,223.96,229.25,73.93,79.83,46.96,82.49,3.11,1.071,8.45,15.41,34.03,71.3,9.07,819.3,60.8,67.11,50.47,46.37,0
2026-04-01T15:35:00,IMM-04,MD-A12,ABS,EVENING,25.96,49.97,0.122,209.39,215.2,221.93,69.45,98.7,53.59,71.04,3.38,1.174,8.15,19.72,37.76,83.2,8.34,820.2,73.48,95.43,45.93,48.14,0
2026-04-01T15:35:42,IMM-04,MD-A12,PA6-GF30,NIGHT,32.1,46.32,0.11,229.04,233.87,240.83,73.79,99.29,61.17,72.55,3.49,1.239,6.75,17.61,34.48,79.5,8.35,805.7,77.92,89.81,44.47,51.32,0
2026-04-01T15:36:24,IMM-04,MD-A12,ABS,NIGHT,21.57,69.69,0.145,212.99,216.94,220.66,71.07,93.72,57.18,73.1,2.97,0.876,8.03,20.28,38.35,72.7,8.05,834.9,71.23,69.16,52.63,43.04,1
2026-04-01T15:37:06,IMM-01,MD-B07,PP-GF20,DAY,22.15,57.45,0.172,211.21,219.59,226.78,71.47,103.97,66.64,65.26,3.91,1.157,6.92,19.04,35.3,86.2,8.66,821.8,79.94,97.01,42.07,42.15,0
2026-04-01T15:37:48,IMM-01,MD-C03,PP-GF20,EVENING,28.05,53.94,0.121,214.96,222.56,227.97,71,102.67,61.63,65.47,3.98,1.262,6.35,21.41,37.9,72,9.86,855.4,75.3,95.52,45.12,39.12,0
2026-04-01T15:38:30,IMM-02,MD-B07,PP-GF20,DAY,26.25,78.08,0.162,215.07,223.4,229.93,69.76,102.64,57.38,86.88,5.61,0.858,8.04,17.07,34.98,82.5,7.07,792.2,72.19,60.76,47.77,43.2,0
2026-04-01T15:39:12,IMM-01,MD-B07,PP-GF20,EVENING,28.65,38.49,0.09,212.78,218.34,221.33,71.16,86.96,49.49,84.27,3.36,1.151,6.3,17.97,34.77,82.9,7.41,867.6,63.02,64.47,41.66,38.66,0
2026-04-01T15:39:54,IMM-04,MD-A12,PA6-GF30,DAY,23.27,73.84,0.179,236.32,244.26,249.78,77.34,111.57,59.65,63.46,3.55,1.403,7.23,20.4,35.38,77.4,7.52,847.8,83.82,120.81,45.13,50.96,1
2026-04-01T15:40:36,IMM-01,MD-B07,PP-GF20,EVENING,28.44,54.37,0.12,213.85,223.58,230.32,67.66,86.89,52.38,82.11,4.14,1.102,6.46,18.86,34.36,81.8,8.59,846.9,65.41,65.11,44.32,44.94,1
2026-04-01T15:41:18,IMM-02,MD-A12,PP-GF20,DAY,20.85,75.59,0.156,204.45,214.85,218.26,59.88,95.94,55.28,62.88,4.84,1.138,8.62,17.09,34.52,89.5,8.94,839.9,69.56,82.81,37.43,50.64,0
2026-04-01T15:42:00,IMM-03,MD-A12,PP-GF20,EVENING,26.38,38.9,0.175,217.2,226.89,227.16,69.55,96.59,55.29,72.2,3.23,1.34,8.93,20.3,38.71,83.5,9.25,798,69.33,86.2,50.4,42.07,0
2026-04-01T15:42:42,IMM-04,MD-C03,PA6-GF30,DAY,30.46,45.02,0.116,237.68,245.82,252,73.69,100.53,62.41,83.89,4.53,1.318,7.88,21.36,38.88,82.6,9.52,837.8,73.42,103.76,41.1,60.36,0
2026-04-01T15:43:24,IMM-02,MD-B07,PP-GF20,EVENING,28.17,54.33,0.156,213.42,223.47,222.99,65.25,108.79,64.36,70.21,2.62,1.28,7.65,18.11,36.49,79.3,9.08,786.6,80.72,102.81,40.61,36.47,0
2026-04-01T15:44:06,IMM-04,MD-A12,ABS,DAY,26.46,57.96,0.135,216.18,220.67,222.17,66.02,102.75,60.97,77.05,3.14,1.177,7.71,18.87,35.44,73.8,7.5,832.5,79.85,99.23,46.61,38.79,1
2026-04-01T15:44:48,IMM-03,MD-A12,PA6-GF30,EVENING,23.87,49.83,0.189,232.06,240.49,245.17,78.75,97.85,56.24,74.42,4.06,1.084,7.83,18.89,37.19,87.6,6.56,853.7,76.11,86.57,44.3,48.63,0
2026-04-01T15:45:30,IMM-01,MD-C03,ABS,DAY,25.01,57,0.086,212.66,221.31,230.13,72.42,89.23,51.42,75.48,4.34,1.189,6.05,19.95,33.82,67.1,9.9,855.5,72.41,86.3,43.43,44.04,0
2026-04-01T15:46:12,IMM-02,MD-A12,ABS,EVENING,29.04,44.93,0.12,210.18,221.18,224.08,75.3,104.33,57.67,73.95,3.57,1.008,8.32,19.14,36.5,75.2,5.3,829.8,79.36,77.5,45.76,35.81,0
2026-04-01T15:46:54,IMM-01,MD-A12,PA6-GF30,DAY,27.89,60.8,0.209,236.67,241.93,247.17,76.45,97.62,56.78,85,3.09,1.134,9.13,18.26,36.22,91.2,8.62,843.4,72.15,95.26,39.7,48.98,0
2026-04-01T15:47:36,IMM-04,MD-A12,ABS,DAY,32.15,69.86,0.12,202.14,208.78,215.2,65.34,95.72,59.46,75.36,4.04,1.11,7.51,21.05,38.29,80.9,7.77,799.1,70.91,74.6,46.17,40.49,0
2026-04-01T15:48:18,IMM-04,MD-B07,ABS,EVENING,26.25,41.5,0.153,215.12,224.5,228.26,69.48,97.7,56.79,68.42,3.25,1.197,8.27,17.29,35.33,82.1,7.68,838.7,73.29,91.13,48.03,32.89,0
2026-04-01T15:49:00,IMM-04,MD-C03,PA6-GF30,DAY,23.86,27.25,0.173,240.7,249.49,256.81,70.93,100.45,58.54,78.74,3.8,1.313,10.14,20.07,39.77,86.7,11.67,845,73.64,97.35,44.06,47.22,1
2026-04-01T15:49:42,IMM-04,MD-A12,PP-GF20,EVENING,26.66,26.84,0.151,213.13,220.69,228.91,67.64,79.38,46.23,63.05,3.75,1.374,7.7,16.82,33.82,81.2,8.78,799.5,65.26,91.63,47.84,49.56,0
2026-04-01T15:50:24,IMM-01,MD-B07,PA6-GF30,DAY,16.69,29.84,0.154,232.08,240.53,248.97,75.55,95.17,60.95,73.22,2.45,1.214,7.44,19.64,37.28,98.6,9.85,826.9,66.59,86.59,46.43,50.39,0
2026-04-01T15:51:06,IMM-01,MD-B07,PA6-GF30,DAY,25.01,53,0.14,235.67,243.76,249.55,74.85,88.18,52.04,82.86,4.18,1.211,8.27,18.55,35.71,87,8.55,834.4,68.49,77.14,44.87,47.7,0
2026-04-01T15:51:48,IMM-04,MD-C03,PA6-GF30,EVENING,23.22,42.83,0.199,222.54,227.64,230.49,72.86,110.57,62.96,72.31,3.47,1.401,7.79,16.69,35.52,75.4,9.84,837.2,77.86,109.24,47.37,54.31,1
2026-04-01T15:52:30,IMM-04,MD-B07,PA6-GF30,NIGHT,25.47,29.18,0.149,226.56,233.33,239.46,70.64,100.4,56.96,85.32,3.74,1.168,8.1,18.08,35.37,78,7.02,844.5,71.66,80.17,41.52,57.66,0
2026-04-01T15:53:12,IMM-04,MD-A12,PP-GF20,EVENING,22.38,38.41,0.163,207.63,212.56,218.29,72.22,101.77,59.85,62.86,5.08,1.031,8.18,15.07,32.32,90.8,10.41,805.4,79.13,83.18,48.5,49.65,0
2026-04-01T15:53:54,IMM-03,MD-B07,ABS,DAY,25.11,30.65,0.077,217.49,227.15,228.98,68.79,96.13,49.14,72.39,4.14,1.104,8.68,20.97,38.45,78.1,10.11,823.2,75.28,71.83,49.29,43.98,0
2026-04-01T15:54:36,IMM-03,MD-B07,ABS,DAY,23.55,41.14,,206.96,215.43,223.25,67.28,93.79,50.84,87.8,2.62,1.2,7.33,15.26,32.3,82,8.63,799.3,67.17,85.68,42.59,42.93,0
2026-04-01T15:55:18,IMM-04,MD-B07,PP-GF20,EVENING,22.34,60.56,0.084,209.48,218.5,224.41,67.83,105.31,59.39,72.69,4.45,1.207,8.3,17.04,34.27,90.4,8.52,876.1,80.11,91.44,46.37,45.36,0
2026-04-01T15:56:00,IMM-02,MD-B07,PP-GF20,EVENING,26.95,48.79,0.144,210.22,216.83,222.67,65.94,97.69,60.38,78.68,3.86,1.143,8.17,16.7,34.61,81.6,7.7,870.4,68.81,76.56,44.83,37.81,0
2026-04-01T15:56:42,IMM-03,MD-A12,PP-GF20,DAY,23.06,51.76,0.067,218,222.32,230.85,64.32,85.45,47.3,65.71,2.95,1.014,7.9,19.01,37.02,72.5,8.67,835.5,74.66,69.97,49.71,44.02,1
2026-04-01T15:57:24,IMM-04,MD-B07,ABS,EVENING,24.53,36.91,0.078,216.09,222.93,228.33,68.24,93.14,55.53,65.6,3.88,1.173,8.15,17.05,35.58,90.5,7.79,843.9,68.53,77.61,48.22,41.03,0
2026-04-01T15:58:06,IMM-04,MD-A12,ABS,EVENING,24.21,43.5,0.102,212.23,223.3,230.89,70.08,96.8,52.67,67.82,2.69,1.142,6.3,18.29,35.37,90,8.09,857.1,75.78,81,50.85,52.21,0
2026-04-01T15:58:48,IMM-03,MD-C03,PA6-GF30,DAY,24.18,65.98,0.123,234.83,243.85,250.54,78.87,96.64,58.06,75.08,3.12,1.447,7.92,18.97,35.57,85,9.27,831.2,69.59,104.19,45.84,48.88,0
2026-04-01T15:59:30,IMM-01,MD-A12,PP-GF20,EVENING,28.85,45.57,0.16,222.87,231.92,239.17,68.28,83.58,43.86,61.89,3.34,1.088,8.05,18.35,35.01,70.9,8.82,841.7,65.57,82.11,45.61,42.06,0
2026-04-01T16:00:12,IMM-04,MD-C03,ABS,DAY,24.21,46.88,0.154,207.26,215.19,219.12,70.16,90.98,54.51,77.03,4.26,1.233,7.13,22.27,39.44,82.2,7.55,926.3,71.25,91.54,43.42,42.61,0
2026-04-01T16:00:54,IMM-02,MD-A12,PA6-GF30,DAY,29.32,43.34,0.149,228.46,238.52,247.4,75.92,97.81,54.91,73.23,2.22,1.122,8.29,19.37,37.79,86.4,9.89,777.4,69.06,86.03,45.87,45.25,0
2026-04-01T16:01:36,IMM-01,MD-A12,PP-GF20,NIGHT,25.35,53,0.103,215.95,223.67,227.3,65.46,93.89,51.83,64.98,5.36,1.339,7.2,19.83,36.66,73.8,8.96,855.6,72.21,98.5,46,43.02,0
2026-04-01T16:02:18,IMM-02,MD-B07,PP-GF20,EVENING,20.5,64.54,,213.82,221.75,225.79,63.99,92.37,51.17,81.93,2.51,1.16,7.79,16.93,34.35,78.5,5.9,826.9,63.88,67.82,52.49,46.82,0
2026-04-01T16:03:00,IMM-01,MD-B07,PA6-GF30,DAY,25.28,49.05,,235.2,241.63,246.51,79.31,96.66,60.64,65.34,4.79,1.292,7.18,19.11,36.16,84.1,6.88,831,75.85,106.65,41.28,53.15,0
2026-04-01T16:03:42,IMM-03,MD-B07,PP-GF20,NIGHT,20.98,58.75,0.119,222.11,229.7,233.92,68.37,103.33,58.98,81.7,4.32,1.103,7.66,19.24,36.41,92.5,7.21,812.4,82.37,84.3,48.27,46.04,0
2026-04-01T16:04:24,IMM-03,MD-A12,PP-GF20,EVENING,25.86,43.64,0.126,201.75,207.63,214.16,68.64,87.34,52.57,69.75,3.97,1.461,7.55,17.59,37.03,82.2,9.54,889,69.14,107.55,38.17,42.7,0
2026-04-01T16:05:06,IMM-02,MD-B07,ABS,DAY,25.85,58.72,0.16,213.73,221.8,226.29,71.41,96.82,60.86,77.26,5.25,1.271,9.09,16.08,34.44,76.8,7.82,814.1,77.36,103.22,47.79,46.84,1
2026-04-01T16:05:48,IMM-04,MD-A12,PP-GF20,DAY,23.14,64.43,0.194,208.78,210.79,214.85,69.95,89.19,51.35,70.9,2.92,1.241,7.58,18.36,35.33,84.9,9.89,889.7,67,83.84,46.36,35.04,0
2026-04-01T16:06:30,IMM-03,MD-A12,ABS,EVENING,18.09,66.64,0.13,209.74,214.25,221.82,65.16,91.67,53.64,76.36,5.14,0.95,8.68,19.29,37.41,64.2,9.41,791,64.29,55.81,40.65,38.49,1
2026-04-01T16:07:12,IMM-03,MD-A12,PA6-GF30,EVENING,25.08,44.12,0.227,228.37,237.79,240.86,70.2,106.16,63.7,66.02,4.84,1.258,8.03,16.26,34.01,92.7,9.09,804.4,85.26,108.75,51.57,51.22,0
2026-04-01T16:07:54,IMM-03,MD-A12,PP-GF20,EVENING,22.29,43.33,0.151,207.18,212.25,218.45,67.35,94.54,58.56,76.29,3.83,1.121,8.14,17.19,35.35,88.9,11.27,855.3,64.2,82.88,47.74,39.61,0
2026-04-01T16:08:36,IMM-04,MD-A12,PP-GF20,DAY,27.24,53.25,0.122,214.98,222.86,227.9,65.99,95.12,52.31,84.99,2.81,1.061,6.48,18.39,34.54,70.1,7.69,794.9,73.15,80.54,44.58,40.09,0
2026-04-01T16:09:18,IMM-02,MD-A12,PA6-GF30,EVENING,25.99,46.17,0.149,230.65,239.4,245.06,73.75,90.76,60.33,70.56,4.49,1.251,6.91,20.06,36.51,81.2,8.9,880.7,53.49,65.09,47.64,51.98,0
2026-04-01T16:10:00,IMM-03,MD-A12,PP-GF20,DAY,25.79,56.75,0.106,219.38,224.57,227.73,67.85,91.85,57.3,60.22,4.06,1.364,8.63,19.8,38.1,88.3,11.36,795.4,71.02,101.18,42.37,40.97,1
2026-04-01T16:10:42,IMM-03,MD-B07,PP-GF20,EVENING,24.11,58.58,0.116,229.16,239.62,246.27,63.28,91.44,56.01,69.75,3.96,1.108,7.67,19.79,37.36,82.1,8.91,801.4,70.15,76.17,46.88,46.62,0
2026-04-01T16:11:24,IMM-04,MD-A12,PP-GF20,EVENING,24.02,26.71,0.12,217.99,228.06,231.27,73.48,95.17,58.57,88.53,5.33,1.022,9.74,19.25,38.5,94.2,9.43,801.4,72.6,78.05,48.68,44.95,0
2026-04-01T16:12:06,IMM-03,MD-C03,ABS,DAY,29.02,58.09,0.133,215.59,226.28,231.78,70.88,116.42,62.99,77.01,3.84,1.184,8.44,18.95,38.3,105.5,9.75,831.2,80.75,105.31,45.52,48.09,0
2026-04-01T16:12:48,IMM-01,MD-A12,PP-GF20,DAY,28.27,46.25,0.111,213.14,223.94,227.43,64.7,98.84,56.18,70.66,5.15,1.335,6.66,16,32.68,80.1,8.12,833.9,78.33,100.06,48.77,42.81,0
2026-04-01T16:13:30,IMM-03,MD-B07,ABS,EVENING,25.16,49.39,0.206,214.6,223.56,228.25,68.56,91.23,51.66,65.56,3.58,1.429,8.89,19.53,37.81,89.7,9.98,781.3,62.42,86.77,44.62,42.92,1
2026-04-01T16:14:12,IMM-04,MD-A12,ABS,NIGHT,29.94,28.66,0.185,210.99,218.13,221.29,67.52,101.05,58.62,83.89,5.31,1.245,7.05,16.64,33.36,92.6,7.48,827.4,73.27,85.05,52.47,38.21,0
2026-04-01T16:14:54,IMM-04,MD-B07,PP-GF20,DAY,26.26,36.7,0.155,220.99,228.91,234.64,66.96,87.05,50.55,82.91,3.62,1.239,8.94,19.53,38.27,79.5,11.8,830.1,71.81,88.89,48.33,37.09,1
2026-04-01T16:15:36,IMM-01,MD-A12,ABS,EVENING,23.6,52.54,0.238,208.27,213.73,219.35,67.82,90.12,49.53,70.67,3.5,1.276,8.43,17.4,36.34,85.2,7.83,841.7,60.83,78.41,42.29,50.31,0
2026-04-01T16:16:18,IMM-02,MD-B07,ABS,NIGHT,22.72,53.13,0.181,209.74,212.42,218.62,66.08,102.08,61.68,73.73,1.93,1.184,8.48,21.18,39.78,81.5,8.37,773.1,71.18,91.31,47.34,43.01,1
2026-04-01T16:17:00,IMM-03,MD-B07,PA6-GF30,NIGHT,25.81,58.43,0.053,238.69,244.48,250.52,79.34,92.51,56.27,66.3,4.25,1.089,8.91,21.22,39.72,84,6.61,837.5,71.94,82.1,45.81,61.45,1
2026-04-01T16:17:42,IMM-02,MD-A12,ABS,DAY,27.12,59.65,0.104,215.46,227.32,232.35,72.72,91,56.2,74.24,4.02,1.006,6.87,16.66,32.17,82.3,8.23,812.1,74.43,79.6,42.21,44.56,0
2026-04-01T16:18:24,IMM-04,MD-A12,ABS,DAY,17.09,49.75,0.105,216.58,220.64,225.55,69.64,99.29,53.58,80.15,2.77,0.949,8.3,15.62,32.95,71.3,7.8,788.3,75.66,77.47,45.29,45.33,0
2026-04-01T16:19:06,IMM-01,MD-B07,PP-GF20,DAY,26.24,53.63,0.099,226.23,236.9,241.78,72.88,94.5,57.2,64.54,3.6,1.393,8.39,18.2,36.11,81.9,9,836,74.66,100.58,43.8,40.39,1
2026-04-01T16:19:48,IMM-01,MD-C03,PA6-GF30,EVENING,24.58,37.12,0.076,229.19,239.05,245.74,76.85,104.01,61.57,78.63,3.23,1.248,7.85,17,34.87,89.5,8.12,834.2,79.61,107.98,45.45,53.39,0
2026-04-01T16:20:30,IMM-01,MD-A12,PP-GF20,EVENING,25.71,34.35,0.021,215.03,223.19,228.83,67.31,94.19,49.96,70.04,3.49,1.153,8.57,17.33,35.43,90.9,9.8,831.7,75.17,79.47,44.14,47.13,0
2026-04-01T16:21:12,IMM-03,MD-C03,PA6-GF30,EVENING,23.5,51.6,0.12,221.95,229.74,238.2,70.93,105.24,62.44,86.34,4.2,1.112,7.63,20.38,36.91,83.9,10.16,882.8,83.94,86.13,45.09,51.96,0
2026-04-01T16:21:54,IMM-04,MD-A12,PA6-GF30,DAY,25.6,54.78,0.276,230.91,235.36,241.04,67,101.41,62.02,73.11,4.53,1.205,7.99,16.73,34.13,82.5,8.13,807.9,78.68,90.04,41.69,49.89,1
2026-04-01T16:22:36,IMM-03,MD-A12,PA6-GF30,DAY,16.52,55.66,0.185,233.65,245.33,246.99,73.1,107.15,57.19,60.45,3.09,1.185,7.26,16.24,33.02,72.1,9.11,783,89.98,106.24,45.49,46.82,0
2026-04-01T16:23:18,IMM-01,MD-A12,PA6-GF30,DAY,22.66,51.34,0.145,218.56,228.65,237.26,72.03,95.93,58.41,72.07,4.51,1.072,6.77,18.86,35.92,89.6,8.56,821.3,72.69,76.06,39.95,50.55,0
2026-04-01T16:24:00,IMM-02,MD-A12,PA6-GF30,DAY,19.2,61.45,0.14,235.82,241.84,250.24,72.15,104.48,56.74,69.96,3.93,1.209,6.52,17.76,34.35,89.4,10.8,842.2,78.64,102.92,46.46,57.47,0
2026-04-01T16:24:42,IMM-01,MD-B07,PP-GF20,DAY,26.44,59.16,0.109,208.74,216.36,223.18,70.06,97.62,56.71,77.37,4.06,1.141,8.61,17.54,34.66,93,10.1,849,68.85,77.14,45.99,47.14,0
2026-04-01T16:25:24,IMM-02,MD-B07,PA6-GF30,DAY,27.45,60.37,0.182,230.23,243.16,246.04,77.29,98.43,55.43,71.5,4.01,1.239,7.76,19.5,35.95,94.2,6.49,844.3,72.54,90.76,43.61,40.6,1
2026-04-01T16:26:06,IMM-01,MD-C03,PP-GF20,EVENING,29.98,43.23,0.132,216.12,222.95,229.06,74.19,91.21,57.24,80.53,4.16,1.064,7.91,20.91,37.07,84.9,8.56,860.9,67.17,78.65,41.99,37.63,0
2026-04-01T16:26:48,IMM-01,MD-B07,PA6-GF30,DAY,21.09,47.91,0.11,231.2,236.29,243.68,73.94,99.6,58.78,62.43,4.75,1.052,6.58,18.32,34.51,88.5,7.18,836.8,81.89,84.78,48.08,46.88,0
2026-04-01T16:27:30,IMM-02,MD-A12,PA6-GF30,EVENING,34.87,62.76,0.034,234.41,243.04,247.26,71.39,106.02,57.75,66.59,3.53,1.219,7.54,19.28,36.98,85.6,7.76,843.3,84.12,98.38,50.79,45.67,0
2026-04-01T16:28:12,IMM-04,MD-A12,PP-GF20,DAY,26.05,46.58,0.062,219.62,222.76,230.75,68.36,98.54,53.97,82.84,4.78,1.119,7.71,20.55,37.3,96.2,10.05,798.1,76.44,81.21,48.22,45.86,0
2026-04-01T16:28:54,IMM-01,MD-A12,PP-GF20,NIGHT,24.56,49.19,0.08,214.53,220.12,226.81,73.5,86.73,51.72,73.77,3.68,1.166,8.65,15.81,34.34,67,8.51,815.9,67.78,82.82,48.15,47.48,0
2026-04-01T16:29:36,IMM-03,MD-B07,PP-GF20,NIGHT,25.29,40.99,0.103,202.1,209.15,215.51,72.9,92.21,52.43,67.75,5.38,0.995,7.63,17.99,33.61,82.8,8.06,852.7,71.39,77.33,49.93,45.98,0
2026-04-01T16:30:18,IMM-03,MD-C03,PA6-GF30,EVENING,22.55,51.53,0.095,239.63,248.72,256.65,73.93,101.69,62.89,68.38,3.15,0.956,6.97,19.77,36.48,92,9.62,821.7,77.16,79.23,43.48,45.98,0
2026-04-01T16:31:00,IMM-02,MD-A12,PA6-GF30,EVENING,26.81,51.86,0.222,233.07,242.09,248.04,73.13,104.73,62.67,68.93,3.51,1.315,8.55,17.38,35.6,77.3,8.89,810.9,82.56,109.98,42.73,46.05,0
2026-04-01T16:31:42,IMM-02,MD-A12,PA6-GF30,DAY,24.16,35.33,0.183,228.12,236.9,242.75,76.75,107.44,62.64,65.9,4.05,1.381,7.77,17.61,35.99,77.6,8.38,815.7,82.13,119.98,46.14,48.87,0
2026-04-01T16:32:24,IMM-03,MD-B07,PA6-GF30,NIGHT,29.63,46.84,0.156,227.06,232.7,238.46,75.97,101.38,58.14,67.74,4.34,1.156,6.7,18.11,34.61,92.8,9.97,798.9,66.58,72.02,44.3,48.19,0
2026-04-01T16:33:06,IMM-03,MD-B07,PP-GF20,DAY,22.93,39.94,0.082,206.28,215.1,217.69,58.62,104.56,61.79,72.8,3.47,1.275,7.06,19.58,36.8,80.7,7.46,801.9,85.32,106.23,46.09,37.35,0
2026-04-01T16:33:48,IMM-02,MD-A12,PA6-GF30,EVENING,20.25,55.49,0.137,238.81,247.39,254.33,74.84,103.51,63.37,70.22,4.33,1.124,7.56,19.28,36.76,97.4,7.94,891.5,74.38,86.06,44.35,53.18,0
2026-04-01T16:34:30,IMM-02,MD-A12,PP-GF20,NIGHT,22.4,45.38,0.092,211.32,221.4,226.06,67.83,100.92,59.18,60.95,3.93,1.089,7.45,18.19,34.37,94,8.75,843.8,69.88,81.43,52.05,44.31,0
2026-04-01T16:35:12,IMM-01,MD-A12,PA6-GF30,DAY,19.86,44.12,0.239,226.47,234.07,236.82,79.57,100.37,59.89,84.63,2.8,1.249,8.2,20.36,38.13,91.2,7.17,802.6,77.02,101.42,39.5,56.55,0
2026-04-01T16:35:54,IMM-04,MD-A12,ABS,DAY,17.9,53.75,0.118,198.04,208.64,217.13,67.79,86.33,52.66,85.82,4.38,1.11,8.35,17.55,34.41,80,9.48,807.4,61.06,71.97,46.7,49.77,0
2026-04-01T16:36:36,IMM-03,MD-A12,PP-GF20,EVENING,18.47,51.29,0.122,211.11,219.73,223.5,71.96,100.21,63.7,69.78,2.81,1.321,6.93,16.69,33.39,81.1,9.37,863.3,78.49,96.73,50.67,49.43,0
2026-04-01T16:37:18,IMM-03,MD-C03,PP-GF20,NIGHT,22.96,42.26,0.129,221.93,227.9,238.13,65.36,95.4,53.37,70.73,3.18,1.351,6.35,19.41,35.27,76.1,8.85,892.4,78.66,105.81,46.77,38.25,0
2026-04-01T16:38:00,IMM-01,MD-C03,ABS,EVENING,24.03,66.35,0.078,216.38,224.8,232.01,65.41,95.65,51.13,70.78,4.18,1.518,6.23,20.79,36.42,87.3,8.95,857.4,75.7,109.32,44.77,41.36,0
2026-04-01T16:38:42,IMM-02,MD-A12,ABS,DAY,21.36,34.84,0.045,212.32,219.86,228.89,69.92,95.42,56.96,81.14,3.33,1.054,8.5,19.41,36.66,74.2,7.9,831.4,73.17,84.68,41.3,41.57,0
2026-04-01T16:39:24,IMM-03,MD-B07,PP-GF20,NIGHT,25.38,49.07,0.146,205.72,215.34,220.22,62.66,104.01,56.64,72.52,4.46,1.254,7.36,18.48,35.78,91.8,9.75,808.1,80.55,99.07,40.06,39.22,0
2026-04-01T16:40:06,IMM-01,MD-A12,PA6-GF30,NIGHT,22.44,59.49,0.133,233.21,241.34,249.66,78.05,94.3,55.94,69.33,4.12,1.197,8.32,17.74,35.77,89.2,8.54,837.9,68.01,83.84,44.3,46.58,0
2026-04-01T16:40:48,IMM-02,MD-B07,PP-GF20,EVENING,32.01,56.43,0.113,211.37,220.97,226.34,64.23,100.92,57.53,64.07,4.34,1.125,8.26,17.72,35.71,77.4,8.12,813.3,71.2,85.22,46.2,38.52,0
2026-04-01T16:41:30,IMM-04,MD-A12,PA6-GF30,NIGHT,24.47,66.21,0.205,241.89,245.02,251.23,80.68,109.76,66.21,72.89,3.05,1.12,8.55,21.59,39.47,72.6,8.17,801.9,75.69,87.91,42.04,50.24,1
2026-04-01T16:42:12,IMM-01,MD-B07,PA6-GF30,EVENING,19.77,46.43,0.251,225.82,233.91,239.85,74.86,96.78,56.75,66.5,2.87,1.006,8.52,16.78,34.16,75.2,6.8,799.1,70.42,74.32,46.06,46.68,0
2026-04-01T16:42:54,IMM-02,MD-A12,PA6-GF30,DAY,23.17,54.1,0.107,231.3,242.8,247.88,82.06,100.01,51.44,61.8,1.5,1.235,7.68,20.03,35.82,76.8,9.21,811.2,76.03,84.48,44.06,48.91,0
2026-04-01T16:43:36,IMM-03,MD-C03,ABS,EVENING,25.27,38.61,0.12,218.49,223.87,233.46,67.69,102.91,54.61,77.78,4.38,1.252,8.57,17.44,36.64,66.9,10.44,859.6,73.73,93.92,39.67,50.58,0
2026-04-01T16:44:18,IMM-04,MD-B07,PP-GF20,NIGHT,21.55,40.83,0.112,210.15,212.76,218.02,67.09,73.38,37.72,72.88,4.68,1.27,8.57,18.98,37.34,87.9,7.08,860.1,58.76,69.1,47.72,42.23,1
2026-04-01T16:45:00,IMM-02,MD-B07,ABS,EVENING,21.6,38.68,0.127,211.17,220.75,227.17,72.31,88.66,51.9,70.03,3.53,1.166,8.49,19.31,36.88,83.8,6.64,804,74.41,82.04,45.3,42.76,0
2026-04-01T16:45:42,IMM-02,MD-B07,PA6-GF30,DAY,31.47,48.07,0.212,228.6,236.46,242.72,77.71,99.92,52.41,72.13,4.74,1.171,8.99,17.42,34.84,89.9,9.9,809,75.02,101.08,47.79,52.19,0
2026-04-01T16:46:24,IMM-03,MD-C03,PP-GF20,EVENING,23.86,70.87,0.151,207.21,217.43,223.04,61.99,89.88,56.23,76.57,5.36,1.306,6.38,19.8,35.16,77.4,8.58,894.9,66.99,94.47,43.36,37.92,0
2026-04-01T16:47:06,IMM-01,MD-C03,ABS,DAY,23.37,57.26,0.162,210.86,217.76,223.97,64.29,101.68,59.54,73.03,3.29,1.449,8.2,17.7,34.98,85,8.09,862.5,78.34,110.84,45.89,46.98,0
2026-04-01T16:47:48,IMM-02,MD-A12,PP-GF20,DAY,23.84,73.71,0.099,213.01,216.81,221.93,69.9,94.27,54.15,67.91,4.69,1.226,7.46,18.81,36.05,93.7,8.63,844.4,70.62,96.39,50.53,40.17,1
2026-04-01T16:48:30,IMM-03,MD-C03,PP-GF20,EVENING,22.46,65.23,0.161,222.83,227.23,231.44,67.73,93.92,56.89,65.51,3.71,1.021,9.35,18.71,37.04,80.9,8.19,857.9,75.02,73.73,46.24,40.85,1
2026-04-01T16:49:12,IMM-04,MD-C03,ABS,EVENING,22.58,48.61,0.082,211.81,222.91,227.16,66.85,88.71,52.51,71.97,2.07,1.289,7.35,19.48,36.43,81.4,8.21,853.2,69.47,85.16,45.82,51.42,1
2026-04-01T16:49:54,IMM-02,MD-C03,PA6-GF30,DAY,20.22,47.81,0.083,227.87,238.7,242.57,73.3,103.88,60.79,73.87,3.85,1.33,7.73,20.1,37.44,93.5,8.43,813.1,80.97,97.58,40.84,47.77,0
2026-04-01T16:50:36,IMM-01,MD-B07,PA6-GF30,NIGHT,28.85,30.93,0.174,222.16,227.06,234.33,84.5,109.64,66.94,65.49,3.53,1.231,8.22,17.8,34.43,79,10.59,840,87.57,101.01,43.38,48.16,0
2026-04-01T16:51:18,IMM-04,MD-C03,PP-GF20,EVENING,22.31,67.95,0.086,213.89,223.02,228.84,69.42,91.96,50.29,69.25,4.1,1.275,8.13,20.02,36.85,79.2,6.98,820.8,69.61,84.06,48.09,44.25,0
2026-04-01T16:52:00,IMM-01,MD-B07,PP-GF20,DAY,27.88,67.52,0.13,207.22,215.14,221.54,67.92,104.38,61.5,78.66,5.38,1.24,7.39,16.83,33.68,84.1,7.29,777.4,78.2,101.13,47.05,42.34,0
2026-04-01T16:52:42,IMM-03,MD-B07,PA6-GF30,DAY,19.96,36.99,0.272,214.03,224.85,229.06,81.56,95.03,54.94,75.72,3.67,1.291,6.56,21.53,37.32,93,7.78,863.5,68.06,89.8,48.45,52.06,1
2026-04-01T16:53:24,IMM-02,MD-C03,ABS,NIGHT,26.65,44.53,0.172,203.56,208.94,211.77,67.41,100.61,57.17,76.97,4.53,1.16,7.28,20.22,35.94,95.3,9.87,817.3,82.87,99.93,46.57,39.96,0
2026-04-01T16:54:06,IMM-03,MD-B07,PP-GF20,NIGHT,20.84,42.81,0.134,214.79,223.54,229.28,71.59,108.57,61.8,70.35,5.14,1.282,8.23,18.42,37.04,75.8,10.08,856.7,78.23,109.88,46.22,37.67,0
2026-04-01T16:54:48,IMM-01,MD-A12,ABS,EVENING,23.37,43.73,0.135,215.62,225.95,231.3,67.74,98.15,60.84,72.72,3.11,1.263,8.58,20.58,39.96,92.7,7.83,791.1,83.49,106.78,46.35,47.32,0
2026-04-01T16:55:30,IMM-01,MD-A12,ABS,DAY,22.16,45.36,0.094,205.89,217.17,221.65,71.15,93.45,56.4,80.93,4.5,1.319,7.78,17.08,35.09,87.9,9.2,823.5,68.51,87.71,44.26,39.98,0
2026-04-01T16:56:12,IMM-02,MD-A12,PA6-GF30,NIGHT,22.1,57.67,0.163,224.51,233.95,242.07,76.03,96.95,56.78,69.65,5.02,1.215,7.53,17.9,35.89,83.9,7.28,778.8,69.97,82.76,48.99,45.88,0
2026-04-01T16:56:54,IMM-03,MD-B07,PA6-GF30,DAY,24.89,58.82,0.2,232.47,238.46,242.47,72.71,109.38,63.02,68.5,3.47,1.346,7.11,16.53,33.16,87,9.81,828,76.72,108.6,48.01,49.7,0
2026-04-01T16:57:36,IMM-02,MD-C03,PA6-GF30,EVENING,29.72,65.03,0.154,232.27,239.6,246.68,75.11,102.98,61.76,82.41,3.91,1.415,9.26,19.63,38.81,76.5,8.01,879.1,83,121.77,46.85,53.73,0
2026-04-01T16:58:18,IMM-01,MD-C03,PP-GF20,EVENING,23.11,42.7,0.058,212.4,223.74,227.39,65.92,105.07,62.82,60.78,5.62,1.454,8.55,18.77,35.74,72,6.07,866.7,84.07,114.84,39.63,37.42,0
2026-04-01T16:59:00,IMM-04,MD-C03,PA6-GF30,DAY,26,,0.263,235.2,241.63,246.96,78.81,101.98,56.59,68.98,3.84,1.269,8.8,19.24,37.71,72.5,6.84,818.9,67.65,76.88,47.05,49.26,1
2026-04-01T16:59:42,IMM-04,MD-C03,ABS,EVENING,22.94,55.99,0.136,205.24,211.15,219.07,66.8,88.82,49.6,85.27,3.61,1.371,8.08,19.81,37.18,82.5,8.72,860.5,72.5,98.55,48.48,41.44,0
2026-04-01T17:00:24,IMM-02,MD-A12,PA6-GF30,DAY,23.14,59.25,0.082,228.38,236.72,241.32,78.83,99.37,64.11,75.75,4.35,1.298,6.96,19.3,36.05,91,7.95,835.8,77.72,98.9,46.58,45,0
2026-04-01T17:01:06,IMM-02,MD-A12,PP-GF20,EVENING,20.16,40.74,0.109,218.68,221.38,225.44,65.91,86.47,52.43,76.19,4,1.243,7.97,19.59,37.18,74.6,7.42,857,65,87.77,43.65,44.09,0
2026-04-01T17:01:48,IMM-01,MD-A12,ABS,DAY,25.2,,0.081,205.2,216.08,219.8,68.42,93.21,51.78,67.4,3.95,1.083,8.82,17.08,34.94,80.2,6.74,849,68.21,75.28,44.32,40.34,0
2026-04-01T17:02:30,IMM-01,MD-B07,PP-GF20,DAY,21.06,52.03,0.062,215.05,222.83,226.33,67.6,94.98,55.6,79.14,3.02,1.473,8.18,17.75,34.63,86.3,9.21,849.3,73.45,109.22,47.37,42.69,0
2026-04-01T17:03:12,IMM-01,MD-C03,PP-GF20,NIGHT,29,38.04,0.148,208.77,216.05,224.31,75.9,106.69,58.71,64.42,2.93,1.226,8.62,15.89,33.13,94.7,8.8,853.5,84.9,101.48,46.49,44.72,0
2026-04-01T17:03:54,IMM-01,MD-B07,PA6-GF30,EVENING,26.92,45.15,0.133,235.96,245.79,252.91,76.94,93.53,52.46,59.6,4.33,1.222,8.93,16.64,34.79,76.9,6.86,860.5,70.6,92.69,45.01,51.79,0
2026-04-01T17:04:36,IMM-01,MD-C03,PA6-GF30,DAY,28.47,26.53,0.126,242.05,246.68,252.4,75.82,106.37,66.51,63.72,3.66,1.397,7.64,20.43,38.54,91.1,7.04,898.8,78.43,110.29,45.75,49.15,0
2026-04-01T17:05:18,IMM-04,MD-B07,PP-GF20,EVENING,15.11,45.5,0.118,212.73,222.65,229.13,71.11,90.96,58.13,73.8,4.19,1.277,7.27,18.3,36.46,76.5,8.16,856.9,71.03,88.45,46.25,43.96,0
2026-04-01T17:06:00,IMM-01,MD-C03,ABS,NIGHT,20.43,43.75,0.09,204.2,206.29,211.85,67.51,89.17,54.2,64.6,3.52,1.318,8.21,16.95,34.94,90.3,7.5,846,70.61,94.13,46.51,42.31,0
2026-04-01T17:06:42,IMM-02,MD-A12,PA6-GF30,DAY,16.66,49.55,0.133,233.98,241.38,243.04,71.04,97.82,57.92,76.89,3.75,1.108,7.97,17.61,35.54,75,7.89,795.2,73.55,86.29,42.48,46.41,0
2026-04-01T17:07:24,IMM-03,MD-C03,PP-GF20,DAY,28.37,59,0.082,210.25,215.77,221.47,72.22,108.24,62.19,66.74,4.95,1.301,6.53,21.24,37.2,83,6.84,859.3,77.59,104.11,42.92,41.64,0
2026-04-01T17:08:06,IMM-01,MD-B07,ABS,EVENING,30.05,54.41,0.115,215.56,223.45,226.72,62.82,98.71,65.17,71.49,5.49,1.251,6.47,17.51,32.75,78.1,10.49,799.6,85.13,105.8,40.96,45.49,0
2026-04-01T17:08:48,IMM-04,MD-C03,PP-GF20,EVENING,23.31,40.56,0.269,222.65,228.1,232.13,74.57,92.75,46.58,72.47,4.06,1.041,7.23,19.87,37.2,85.2,7.43,816.7,68.7,77.58,49.06,40.97,0
2026-04-01T17:09:30,IMM-02,MD-B07,PA6-GF30,DAY,21.71,23.11,0.069,227.82,230.52,237.42,75.92,98.92,55.47,61.38,3.09,1.057,6.33,16.73,31.95,79.3,9.99,828.9,75.02,85.13,37.1,43.62,0
2026-04-01T17:10:12,IMM-02,MD-B07,ABS,NIGHT,22.1,73.51,0.129,203.28,214,218.33,65.94,99.53,59.06,74.6,4.6,1.204,7.44,18.47,35.72,81.5,8.47,775.6,81.31,85.35,50.48,38.86,0
2026-04-01T17:10:54,IMM-02,MD-A12,PA6-GF30,DAY,26.57,32.77,0.174,223.9,232.94,236.86,77.08,97.91,55.03,79.74,4.27,0.973,8.06,20.05,36.79,80.4,10.62,770.4,73.63,67.83,44.08,45.61,0
2026-04-01T17:11:36,IMM-01,MD-A12,PA6-GF30,EVENING,24.45,39.2,0.197,220.27,225.56,232.46,78.8,106.09,63.23,87.55,3.04,1.435,7.1,16.84,33.37,70.2,8.83,843.2,,132.5,44.49,48.85,0
2026-04-01T17:12:18,IMM-02,MD-B07,PP-GF20,EVENING,28.29,45.91,0.093,214.89,221.06,227.47,70.75,100.25,51.64,78.05,4.53,1.197,7.42,18,33.87,77.1,11,780.8,69.29,88.19,49.15,36.97,0
2026-04-01T17:13:00,IMM-02,MD-B07,PA6-GF30,NIGHT,23.83,38.12,0.182,221.53,227.2,233.06,80.75,95.75,55.34,85.18,4.14,1.205,7.56,17.94,35.35,68.4,9.77,819.3,77.46,89.04,46.43,50.44,0
2026-04-01T17:13:42,IMM-04,MD-A12,PA6-GF30,NIGHT,23.48,39.8,0.076,221.92,227.58,229.88,73.19,99.91,59.14,74.66,3.28,1.209,6.98,17.88,34.28,69.6,6.91,829.5,75.14,83.44,45.41,46.12,0
2026-04-01T17:14:24,IMM-02,MD-B07,PP-GF20,EVENING,19.25,46.38,0.175,210.96,220.56,224.31,70,96.25,54.68,87.61,3.63,1.278,7.24,18.26,35.58,81.4,9.65,855.9,75.07,100.01,44.86,38.88,0
2026-04-01T17:15:06,IMM-01,MD-C03,PA6-GF30,EVENING,25.05,63.72,0.225,222.47,228.57,232.31,79.61,110.39,61.15,68.88,4.73,1.194,8.15,20.05,37.85,80.7,10.46,865.3,84.83,95.63,46.46,51.14,1
2026-04-01T17:15:48,IMM-04,MD-B07,PA6-GF30,DAY,25.8,42.02,0.095,220.96,226.54,231.26,73.37,106.98,61.53,79.9,3.58,1.147,7.31,15.73,32.58,85,8.28,785.1,82.78,91.75,45.44,49.47,0
2026-04-01T17:16:30,IMM-01,MD-A12,ABS,EVENING,30.12,41.45,0.029,214.34,218.88,228.78,66.91,104.1,61.16,83.74,3.39,1.241,7.38,20.56,37.23,83.1,8.34,820.9,78.68,88.08,46.54,48.25,0
2026-04-01T17:17:12,IMM-02,MD-A12,ABS,NIGHT,24.43,49.67,0.108,218.67,230.22,233.94,66.18,92.84,54.32,74.05,2.96,1.22,7.74,18.77,37.38,82.2,9.22,840.9,71.01,80.27,44.75,39,0
2026-04-01T17:17:54,IMM-02,MD-B07,PA6-GF30,DAY,26.26,70.43,0.144,235.02,241.84,249.45,73.29,107.01,56.67,62.56,3.69,1.066,6.73,18.17,33.76,73.5,6.79,858.4,80.92,81.72,47.37,49.64,0
2026-04-01T17:18:36,IMM-03,MD-A12,PP-GF20,NIGHT,19.66,56.71,0.076,222.37,231,235.57,76.53,90.83,55.75,76.02,2.49,1.172,7.86,17.88,34.61,82.5,6.5,763.4,71,87.97,47.59,40.8,0
2026-04-01T17:19:18,IMM-02,MD-B07,PA6-GF30,DAY,22.23,39.2,0.161,231.88,240.28,245.87,76.81,100.09,55.18,70.82,4.54,1.084,7.72,18.55,35.51,87.2,9.83,798.4,74.9,89.58,44.46,56.39,0
2026-04-01T17:20:00,IMM-04,MD-A12,PA6-GF30,NIGHT,24.18,47.07,0.213,227.45,234.55,242.2,78.39,110.45,65.95,67.85,3.97,0.997,8.56,18.56,37.3,86.3,9.42,803.8,84.96,84.51,44.91,44.78,1
2026-04-01T17:20:42,IMM-02,MD-B07,PP-GF20,EVENING,20.28,51.37,0.06,212.71,221.22,229.35,69.52,91.99,54.8,70.35,4.35,1.155,8,19.53,36.95,81.3,7.81,850.3,70.35,72.86,45.16,42.63,0
2026-04-01T17:21:24,IMM-02,MD-A12,PA6-GF30,EVENING,26.42,44.09,0.112,232.08,240.12,246.67,79,92.66,55.9,66.33,5.3,1.165,8.46,18.84,37.05,87.6,7.3,848.7,70.24,75.14,42.98,50.24,1
2026-04-01T17:22:06,IMM-02,MD-C03,PP-GF20,DAY,22.01,60,0.181,216.58,221.18,221.55,68.26,93.84,52.61,59.27,3.96,1.125,8.83,19,36.69,79.7,7.72,845.9,62.17,71.9,51.55,40.48,0
2026-04-01T17:22:48,IMM-02,MD-A12,PA6-GF30,NIGHT,22.64,32.48,0.143,237.72,247.9,251.58,81.81,111.79,60.39,63.85,4.07,1.22,8.04,17.07,34.83,104.4,8.68,868.7,83.66,101.18,43.95,52.83,0
2026-04-01T17:23:30,IMM-03,MD-A12,PP-GF20,NIGHT,24.05,47.33,0.108,215.41,225.32,230.38,67.12,99.11,57.21,74.55,3.81,1.092,7.51,20.41,36.32,90.2,8.48,839.3,66.58,74.05,45.03,46.35,0
2026-04-01T17:24:12,IMM-02,MD-A12,PP-GF20,EVENING,24.93,61.63,0.08,215.03,223.04,230.96,66.95,92.57,52.58,74.53,3.38,1.105,7.08,18.96,36.14,93.5,9.53,799.5,73.73,82.04,46.11,39.74,0
2026-04-01T17:24:54,IMM-02,MD-B07,ABS,EVENING,20,54.63,0.137,213.04,220.6,228.69,68.34,97.34,54.81,75.94,4.01,1.138,8.46,19.16,36.85,77.7,7.08,803.9,75.41,77.66,43.16,42.07,0
2026-04-01T17:25:36,IMM-01,MD-A12,PP-GF20,EVENING,19.7,42.54,0.173,214.26,226.88,233.36,71.98,99.38,59.95,77.12,5.61,1.168,7.24,19.64,36.44,79.9,6.09,829.5,66.19,82.09,45.98,47.07,0
2026-04-01T17:26:18,IMM-01,MD-C03,PA6-GF30,EVENING,24.73,45.81,0.116,231.81,233.98,241.42,74.3,112.04,66.72,70.71,3.17,1.529,8.64,18.36,36.9,67.1,6.51,855,85.55,129.71,44.93,46.2,1
2026-04-01T17:27:00,IMM-01,MD-B07,ABS,NIGHT,23.4,52.79,0.098,213.17,220.41,226.48,71.82,92.84,52.62,68.79,4.1,1.102,9.77,18.31,38.13,73.1,8.13,837.9,67.58,70.16,44.74,45.75,0
2026-04-01T17:27:42,IMM-02,MD-A12,PP-GF20,DAY,21.29,54.12,0.101,210.81,215.36,220.63,69.56,93.56,55.99,69.05,4.88,1.258,7.99,16.96,36.08,93.3,10.41,828.7,71.24,89.45,46,42.57,0
2026-04-01T17:28:24,IMM-01,MD-C03,PP-GF20,EVENING,25.13,48.42,0.106,209,215.87,224.35,68.74,105.47,59.11,69.7,4.37,1.091,7.76,21.7,38.37,89.6,7.72,827.4,78.72,95.05,46.39,43.06,0
2026-04-01T17:29:06,IMM-02,MD-C03,PP-GF20,DAY,22.84,55.59,0.202,224.9,235.89,243.08,65.56,89.64,51.89,68.51,2.95,1.316,8.05,20.42,37.4,80.5,10.43,882.4,64.98,83.17,44.34,34.8,0
2026-04-01T17:29:48,IMM-03,MD-C03,PP-GF20,NIGHT,20.1,64.74,0.224,214.66,226.28,231.51,70.19,99.88,54.23,79.61,2.89,1.422,7.67,20.09,38.52,83,10.17,861.7,74.93,111.27,47.34,53.45,1
2026-04-01T17:30:30,IMM-03,MD-C03,ABS,EVENING,18.35,62.79,0.147,205.91,214.09,222.37,70.18,94.4,54.95,82.25,4.99,1.313,8.18,15.73,33.14,83.7,9.48,851.9,68.39,91.27,39.55,40.42,0
2026-04-01T17:31:12,IMM-01,MD-B07,ABS,NIGHT,16.35,56.09,0.057,210.77,220.88,225.61,70.95,91.57,49.65,78.18,3.24,1.39,8.48,19.52,37.22,90.5,7.88,781,61.98,79.8,44.62,40.57,0
2026-04-01T17:31:54,IMM-01,MD-C03,PP-GF20,DAY,22.89,52.21,0.162,217.92,225.86,231.76,64.92,86.33,52.39,74.21,4.46,1.068,8.21,20.71,38.41,89.3,9.48,859,58.05,58.31,48.37,42.47,0
2026-04-01T17:32:36,IMM-03,MD-A12,PP-GF20,EVENING,24.97,42.09,0.172,215.87,221.47,225.61,69.3,102.62,57.01,80.44,5.18,1.266,8.85,18.63,37.16,90.3,10.33,851,82.71,102.42,40.78,44.5,0
2026-04-01T17:33:18,IMM-01,MD-B07,PA6-GF30,DAY,22.79,55.51,0.237,231.04,235.39,240.83,80.67,110.09,70.23,77.16,3.33,1.204,7.1,16.15,32.57,79.4,7.26,801.5,86.25,107.33,44.69,59.16,1
2026-04-01T17:34:00,IMM-01,MD-B07,PA6-GF30,DAY,24.56,66.93,0.15,224.21,231.42,237.53,70.8,98.23,57.63,70.8,4.3,1.13,8.73,16.57,35.19,89.6,7.16,807.9,76.61,97.52,44.64,47.13,0
2026-04-01T17:34:42,IMM-03,MD-A12,ABS,DAY,25.55,60.11,0.107,204.35,210.28,215.55,74.73,97.45,62.32,67.29,4.25,1.244,8.03,18.75,36.42,84,9.09,819.1,64.68,85.74,41.03,42.12,0
2026-04-01T17:35:24,IMM-02,MD-A12,ABS,NIGHT,27.3,36.16,0.178,208.62,212.58,217.45,77.5,106.75,67.71,74.85,4.09,1.173,7.49,18.5,36.4,81.5,8.4,819.7,82.94,111.55,44.01,41.33,0
2026-04-01T17:36:06,IMM-02,MD-A12,PP-GF20,DAY,23.23,45.69,0.169,218.21,224.74,230.3,71.02,87.63,53.38,85.92,4.1,1.096,7,16.29,33.44,90.3,8.97,867.9,59.64,67.1,49.1,41.2,1
2026-04-01T17:36:48,IMM-01,MD-C03,PP-GF20,NIGHT,23.9,40.48,0.157,220.16,229.56,235.41,75.76,97.45,57.9,61.22,4.62,1.266,8.91,17.6,36.82,73.6,8.02,792.3,70.1,88.99,41.41,40.39,0
2026-04-01T17:37:30,IMM-03,MD-B07,PP-GF20,EVENING,34.51,51.93,0.094,205.77,208.75,217.77,66.31,88.67,48.82,71.9,3.35,1.254,6.93,16.02,32.72,76.9,9.43,791.3,68.53,83.85,44.63,43.95,0
2026-04-01T17:38:12,IMM-04,MD-C03,ABS,EVENING,26.94,43.74,0.099,211.74,219.59,226.28,68.95,88.61,49.86,79.84,3.06,1.345,7.71,21.16,38.14,63.4,8.06,845.5,69.13,95.68,44.6,47.41,0
2026-04-01T17:38:54,IMM-01,MD-C03,ABS,EVENING,29.53,60.27,0.148,212.84,221.25,224.46,74.83,92.89,56.45,77.01,4.15,1.387,8.33,20.92,38.75,90,7.96,882.3,65.07,83.66,51.13,43.63,0
2026-04-01T17:39:36,IMM-01,MD-B07,ABS,EVENING,25.23,31.54,0.15,215.74,221.54,227.94,72.65,103.23,52.55,75.58,3.37,1.181,8.3,16.6,34.32,90.5,7.45,821.7,86.32,99.76,43.71,38.68,0
2026-04-01T17:40:18,IMM-02,MD-A12,PA6-GF30,DAY,28.22,27.36,0.112,234.93,237.13,242.84,74.89,108.61,61.13,87.92,4.51,1.193,5.59,16.16,31.19,74,8.84,843.9,87.46,95.82,45.15,45.23,0
2026-04-01T17:41:00,IMM-01,MD-B07,ABS,DAY,30.24,52.36,0.105,208.25,221.28,225.85,71.29,89.93,53.14,69.61,3.39,1.075,7.69,16.62,33.9,74.5,8.97,763.7,70.82,73.75,47.19,45.83,0
2026-04-01T17:41:42,IMM-01,MD-B07,ABS,DAY,28.76,41.78,0.169,210.71,217.36,224.19,68.35,97.27,57.29,70.35,3.45,1.357,7.95,17.85,36.53,80.7,9.31,829.1,78.3,102.35,45.47,44.99,0
2026-04-01T17:42:24,IMM-03,MD-A12,ABS,EVENING,27.21,23.97,0.084,201.74,207.5,212.48,67.44,89.64,58.22,63.5,4.22,1.095,8.23,20.46,37.52,89.9,8.98,809.2,71.2,71.36,49.37,45.78,0
2026-04-01T17:43:06,IMM-03,MD-C03,ABS,DAY,23.38,58.87,0.105,207.89,215.26,223.21,75.44,103.41,57.82,80.21,3.79,1.358,8.27,18.27,37.87,75.2,8.54,840.8,84.2,115.44,49.57,45.77,0
2026-04-01T17:43:48,IMM-03,MD-A12,PP-GF20,EVENING,23.37,48.46,0.195,211.24,218.38,219.84,68.84,104.22,60.29,78.97,4.15,1.071,8.45,16.9,35.64,84.8,7.29,807.7,73.51,85.66,51.19,39.85,1
2026-04-01T17:44:30,IMM-03,MD-B07,ABS,NIGHT,22.91,20.71,0.086,212.49,217.47,221.76,68.67,87.01,51.3,87.95,4,1.216,7.05,18.07,34.76,65.6,8.93,812.6,57.63,79.16,48.9,48.81,0
2026-04-01T17:45:12,IMM-01,MD-B07,ABS,DAY,23.25,32.1,0.1,210.96,218.19,219.85,74.61,91.46,51.76,84.01,4.18,0.975,7.26,15.5,32.05,89.2,9.63,823.6,72.49,65.51,47.03,42.48,0
2026-04-01T17:45:54,IMM-01,MD-B07,PP-GF20,EVENING,26.13,51.57,0.157,215.72,221.64,225.41,69.85,97.61,59.58,73.08,5.56,0.987,7,21.41,37.39,67.5,9.57,833.4,74.61,71.72,46.81,47.5,0
2026-04-01T17:46:36,IMM-04,MD-A12,PP-GF20,EVENING,28.27,68.8,0.072,215.77,226.14,233.05,71.02,88.86,55.85,65.24,3.55,0.985,7.55,15.89,33.71,84.8,8.53,835.4,64.58,59.4,43.68,42.37,0
2026-04-01T17:47:18,IMM-01,MD-B07,ABS,EVENING,26.66,39.56,0.051,214.95,226.98,231.29,61.39,94.61,52.07,74.71,3.83,0.986,8.06,21,38.29,82.7,8.96,793,62.96,55.1,45.16,45.3,0
2026-04-01T17:48:00,IMM-02,MD-B07,PP-GF20,DAY,20.82,55.51,0.145,209.77,217.59,221.79,62.37,98.68,60.24,76.16,3.07,1.143,6.7,17.91,33.65,81,8.92,796.2,84.37,94.15,48.66,46.24,0
2026-04-01T17:48:42,IMM-03,MD-C03,ABS,EVENING,30.12,52.98,0.136,216.61,227.5,231.79,64.01,101.04,62.97,65.34,4.21,0.857,7.84,18.21,35.58,88.6,10.07,797,78.3,64.41,45.49,41.38,1
2026-04-01T17:49:24,IMM-02,MD-B07,PA6-GF30,DAY,20.29,47.8,0.188,242.69,246.19,247.35,77.11,93.31,55.26,65.94,3.11,1.102,7.11,17.06,35.3,76.5,9.34,887.1,69.65,73.3,41.99,57.32,0
2026-04-01T17:50:06,IMM-01,MD-C03,PA6-GF30,EVENING,25.73,39.47,0.194,229.65,236.74,240.75,74.6,96.68,56.46,71.7,4.34,1.457,7.2,21.12,37.26,77.2,8.19,822.8,69.71,100.74,49.88,47.58,0
2026-04-01T17:50:48,IMM-04,MD-A12,ABS,EVENING,31.65,50.18,0.085,215.91,221.38,229.7,67.46,94.17,54.98,83.23,3.68,1.052,8.07,19.21,37.06,74.2,6.89,766.4,72.66,80.72,47.94,46.2,0
2026-04-01T17:51:30,IMM-03,MD-B07,PA6-GF30,EVENING,27.72,52.88,0.255,227.45,236.94,239.48,76.09,87.59,47.67,80.15,3.88,1.075,8.76,20.72,38.39,85.9,9.01,826.7,73.78,83.78,45.22,52.71,1
2026-04-01T17:52:12,IMM-04,MD-B07,ABS,NIGHT,29.23,,0.152,212.6,218.16,221.91,69.97,90.7,52.34,80.2,3.39,1.16,6.84,18.47,35.27,75,8.61,799.1,68.21,76.18,42.69,40.76,1
2026-04-01T17:52:54,IMM-02,MD-A12,ABS,EVENING,17.28,36.13,0.115,208.5,213.95,216.62,71.38,95.49,61.21,73.1,4.49,1.05,8.24,21.88,39.92,89.4,9.35,833.6,76.32,77.45,49.52,41.91,0
2026-04-01T17:53:36,IMM-01,MD-B07,ABS,DAY,31.83,67.31,0.084,207.89,215.78,225.24,65.25,102.32,57.73,70.97,3.47,1.112,8.87,19.62,38.24,67.9,8.56,794.7,79.76,91.89,42.77,45.13,0
2026-04-01T17:54:18,IMM-02,MD-A12,ABS,DAY,26.87,48.34,0.093,216.58,223.81,227.53,65.47,93.3,57.15,74.47,3.01,1.291,8.3,18.91,36.89,88.1,10.64,822.6,69.46,86.56,47.76,49.7,0
2026-04-01T17:55:00,IMM-02,MD-A12,PA6-GF30,DAY,25.61,48.16,0.164,232.98,241.54,248.43,79.63,82.23,43.67,75.99,4.03,1.335,6.52,16.92,34.7,100.1,8.71,868.7,63.72,79.26,41.34,50.3,1
2026-04-01T17:55:42,IMM-01,MD-C03,ABS,DAY,21.84,45.04,0.131,203.48,208.19,215.38,63.65,93.15,51.73,69.28,4.43,1.315,7.55,17.2,35.39,75.5,8.61,860.8,70.01,98.92,44.49,40.54,0
2026-04-01T17:56:24,IMM-01,MD-B07,PA6-GF30,EVENING,23.97,55.88,0.124,235.09,244.71,248.56,75.19,89.89,54.74,76.83,3.83,1.048,5.56,16.71,32.11,87.3,9.03,845.6,77.73,79.8,43.63,49.75,0
2026-04-01T17:57:06,IMM-02,MD-B07,PP-GF20,DAY,19.79,48.13,0.12,218.46,230.23,238.52,73.05,94.58,51.94,74.39,4.45,1.191,8.89,19.89,37.62,75.7,7.14,772.3,72.74,81.16,43.16,48.76,0
2026-04-01T17:57:48,IMM-03,MD-A12,PP-GF20,NIGHT,20.31,,0.124,219,225.25,228,70.83,95.31,52.96,79.97,5.06,1.139,8.16,18.6,37.1,81,8.8,839.7,74.69,91.91,50.34,42.51,0
2026-04-01T17:58:30,IMM-02,MD-B07,ABS,DAY,15.67,53.49,0.054,216.47,219.44,220.33,69.28,83.31,50.46,76.33,3.35,1.123,8.23,17.82,35.39,77.2,8.1,742.5,66.79,76.18,44.52,33.71,0
2026-04-01T17:59:12,IMM-03,MD-A12,PP-GF20,EVENING,27.81,21.37,0.208,211.27,218.06,224.37,72.78,101.84,62.79,75.39,5.03,1.214,8.74,16.53,34.61,77.8,7.91,857.1,84.76,101.33,49.6,41.84,0
2026-04-01T17:59:54,IMM-03,MD-A12,PA6-GF30,DAY,24.64,52.24,0.146,217,220.37,223,79.54,105.03,58.74,77.21,3.74,1.018,8.3,16.89,34.34,77.9,9.61,858.4,81.42,91.12,47.6,49.94,0
2026-04-01T18:00:36,IMM-04,MD-C03,PP-GF20,NIGHT,35.49,44.77,0.087,217.64,224.59,228.86,67.52,97.3,55.18,64.79,2.06,1.436,8.06,18.78,36.12,84.4,7.54,786.9,74.33,106.91,41.76,42.99,1
2026-04-01T18:01:18,IMM-02,MD-A12,PA6-GF30,NIGHT,28.48,55.97,0.096,228.41,236.85,243.6,77.06,101.39,52.15,75.02,5.49,1.128,7.14,18.01,34.93,67,9.03,764.7,74.45,84.7,44.73,49.32,0
2026-04-01T18:02:00,IMM-03,MD-A12,PA6-GF30,DAY,22.95,39.63,0.181,229.04,233.15,241.7,77.85,99.82,55.86,80.93,3.75,1.175,7.35,17.28,33.02,88.4,10.12,813.5,77.65,90.2,48.22,54.18,0
2026-04-01T18:02:42,IMM-04,MD-B07,PP-GF20,EVENING,26.48,42.97,0.102,214.51,223.55,229.2,64.16,93.08,56.83,83.7,5.01,1.067,9.26,20.47,40.4,88.2,8.43,860.7,74.02,77.41,46.31,44.26,1
2026-04-01T18:03:24,IMM-01,MD-B07,ABS,DAY,28.97,73.13,0.253,211.02,219.85,222.56,70.72,101.7,53.58,78.37,4.52,1.062,6.64,17.53,34.85,84.2,7.74,725.8,74.48,77.62,43.07,36.91,1
2026-04-01T18:04:06,IMM-03,MD-B07,ABS,DAY,28.44,38.25,0.113,211.19,220.44,225.71,67.43,88.87,50.58,70.8,3.47,0.971,7.38,16.87,33.98,87.4,9.63,859.9,58.69,60.33,49.81,40.15,0
2026-04-01T18:04:48,IMM-02,MD-A12,PP-GF20,NIGHT,24.97,68.05,0.162,209.94,221.08,229.64,68.73,86.93,49.03,63.83,3.23,1.205,8.44,19.87,38.08,83.5,8.36,857.2,65.42,79.09,49.39,50.22,0
2026-04-01T18:05:30,IMM-04,MD-A12,PP-GF20,DAY,28.03,37.82,0.055,214.96,221.32,227.59,74.24,78.66,43.42,68.22,4.3,1.155,7.31,17.53,35.78,75.6,9.8,810.1,63.31,72.45,42.66,39.9,1
2026-04-01T18:06:12,IMM-03,MD-C03,ABS,EVENING,27.22,41.01,0.147,209,212.71,217.1,74.26,92.9,53.24,72.06,4.06,1.277,7.44,18.36,35.48,81.1,9.54,874.7,63.16,88.41,45.52,45.21,0
2026-04-01T18:06:54,IMM-04,MD-B07,PP-GF20,DAY,28.27,55.49,0.159,218.78,224.64,230.63,71.67,92.93,51.31,80.39,4.39,1.319,8.32,20.3,38.24,83.9,8.24,855.3,,97.77,39.54,35.03,1
2026-04-01T18:07:36,IMM-03,MD-B07,PP-GF20,DAY,22.73,45.7,0.111,223.43,234.23,239.89,68.17,100.56,55.02,78.38,4.29,0.965,7.84,17.58,34.41,82.5,7.63,890,69.05,68.68,44.59,42.74,0
2026-04-01T18:08:18,IMM-01,MD-B07,PA6-GF30,NIGHT,19.99,46.1,0.121,224.53,228.41,233.98,79.43,99.81,56.64,61.33,3.72,1.245,6.83,16.91,34.41,76.1,7.86,836.7,82.74,102.49,43.82,50.74,0
2026-04-01T18:09:00,IMM-03,MD-C03,PP-GF20,EVENING,21.99,41.36,0.123,204.55,214.72,223.43,73.85,94.15,56.44,64.99,4.57,1.318,6.25,19.55,35.5,86.9,10.13,802,72.74,120.71,45.57,35.04,0
2026-04-01T18:09:42,IMM-03,MD-A12,ABS,EVENING,24.77,54.33,0.226,211.49,219.36,224.4,68.61,85.78,44.23,64.31,3.45,0.98,7.57,16.25,32.68,85.1,7.56,818.2,62.51,59.85,42.7,46,0
2026-04-01T18:10:24,IMM-04,MD-B07,ABS,DAY,22.95,69.69,0.077,212.79,221.94,226.23,68.95,95.09,57.59,71.59,3.2,1.153,8.06,18.23,36.12,77.8,9.02,786.3,71.96,81.46,45.33,45.56,0
2026-04-01T18:11:06,IMM-02,MD-A12,PA6-GF30,DAY,25.23,34.54,0.193,221.39,232.2,234.49,76.37,107.57,63.19,66.45,4.99,1.371,8.22,19.23,38.33,89.8,8.01,842,85,106.53,43.32,52.74,0
2026-04-01T18:11:48,IMM-01,MD-A12,PP-GF20,DAY,23.09,64,0.02,210.43,215.39,216.19,71.02,80,50.55,69.81,4.41,0.913,7.45,19.01,36.38,86.3,7.5,852.2,65.32,58.08,42.95,41.1,0
2026-04-01T18:12:30,IMM-02,MD-B07,PP-GF20,DAY,16.68,54.39,0.115,213.6,220.45,226.61,63.89,93.86,59.96,75.31,3.09,1.254,6.84,18.93,34.75,90.8,8.65,749.9,71.88,87.31,44.33,46.08,0
2026-04-01T18:13:12,IMM-04,MD-C03,ABS,EVENING,25.04,63.3,0.182,200.08,210,217.6,72.41,104.66,64.43,82.58,3.99,1.386,7.95,20.1,37.82,73.7,6.85,834.4,85.43,120.3,48.17,48.07,0
2026-04-01T18:13:54,IMM-03,MD-B07,PP-GF20,DAY,19.24,65.91,0.02,216.96,224.54,231.01,70.07,94.29,51.49,81.28,4.74,1.16,8.73,18.2,35.82,88.3,10.81,721.1,72.68,92.56,39.13,37.75,0
2026-04-01T18:14:36,IMM-03,MD-B07,PA6-GF30,EVENING,33.33,60.01,0.115,236.8,244.3,249.44,76.98,101.64,57.05,81.72,4.55,1.249,7.68,17.33,36.49,82.2,7.38,816.2,84.27,107.71,48.1,44.78,0
2026-04-01T18:15:18,IMM-01,MD-B07,PA6-GF30,EVENING,26.43,62.69,0.216,233.39,241.59,246.29,77.97,101.13,61.16,87.62,4.72,1.141,6.85,18.68,35.05,93.4,8.54,799.7,76.94,87.79,44.37,54.93,0
2026-04-01T18:16:00,IMM-04,MD-A12,PA6-GF30,NIGHT,21.88,54.74,0.164,225.24,234.86,243.26,77.03,107.22,63.02,81.4,4.61,1.453,8.48,17.41,35.53,69.8,9.7,845.2,85.56,127.88,48.02,51.17,0
2026-04-01T18:16:42,IMM-03,MD-B07,PP-GF20,EVENING,25.61,45.64,,214.65,224.16,225.75,67.22,91.14,52.69,63.77,4.61,1.306,8.24,19.17,38.02,69.8,10.73,820.7,59.83,71.78,45.73,38.66,0
2026-04-01T18:17:24,IMM-02,MD-A12,PA6-GF30,EVENING,22.63,44.65,0.159,232.83,241.29,244.45,70.76,99.42,58.27,68.09,3.59,1.292,7.5,18.81,35.89,89.2,9.76,818.6,71.79,87.57,43.28,51.69,0
2026-04-01T18:18:06,IMM-03,MD-C03,ABS,NIGHT,26.16,58.55,0.126,199.39,204.26,211.05,73.57,97.39,55.55,73.3,5.06,1.283,6.96,16.89,31.55,72.8,8.15,791.6,73.53,97.84,46.94,39.88,0
2026-04-01T18:18:48,IMM-02,MD-B07,ABS,DAY,28.59,60.01,0.105,206.93,213.05,223.8,71.28,99.04,57.91,79.48,3.13,1.366,8.68,16.34,35.87,88.1,7.28,806.1,76.65,108.11,43.26,41.3,0
2026-04-01T18:19:30,IMM-02,MD-A12,PP-GF20,DAY,22.14,34.17,0.094,209.82,216.61,219.18,75.78,104.52,56.92,72.1,2.51,1.213,8.67,19.99,38.76,82.9,8.2,857.6,80.74,99.66,50.29,32.75,0
2026-04-01T18:20:12,IMM-01,MD-A12,PP-GF20,EVENING,26.94,39.88,0.109,211.71,218.34,225.6,75.39,82.7,48.4,68.66,4.64,0.946,8.63,19.05,38.45,89,8.23,812.3,58.18,57,44.94,39.08,0
2026-04-01T18:20:54,IMM-01,MD-B07,PA6-GF30,NIGHT,23.56,36.72,,232.68,235.88,242.15,75.24,95.31,62.58,62.39,4.54,1.309,8.97,20.23,38.74,77.4,9.62,832.7,73.85,99.46,42.73,52.49,0
2026-04-01T18:21:36,IMM-02,MD-B07,PP-GF20,DAY,21.78,58.04,0.154,204.58,215.64,222.06,72.33,92.2,55.07,73.83,5.02,1.007,7.66,19.34,35.49,68.2,7.07,844.6,73.01,72.72,42.86,42.6,0
2026-04-01T18:22:18,IMM-01,MD-C03,ABS,EVENING,22.74,37.92,0.044,207.26,214.61,222.63,70.22,98.09,53.7,77.02,4,1.209,7.22,21.07,37.95,77.9,7.45,821.6,79.38,107.64,48.01,45.69,0
2026-04-01T18:23:00,IMM-01,MD-A12,ABS,EVENING,23.91,47.69,0.163,211.1,216.99,221.04,71.81,93.12,50.76,69.8,3.09,1.027,7.37,20.73,36.83,85.6,7.52,771.6,70.72,73.09,47.14,34.94,0
2026-04-01T18:23:42,IMM-01,MD-B07,ABS,DAY,21.23,45.16,0.108,217.47,223.53,229.33,70.64,98.51,60.69,74.36,4.7,1.179,7.3,17.22,33.36,76.7,8.92,810.4,71.03,85.61,38.67,42.62,0
2026-04-01T18:24:24,IMM-03,MD-A12,PP-GF20,DAY,29.42,56.44,0.153,205.79,213.42,217.13,69.1,93.13,52.16,73.48,3.23,1.194,8.55,20.07,39.19,81.4,8.31,790.2,70.64,90.34,46.39,41.34,0
2026-04-01T18:25:06,IMM-01,MD-A12,PP-GF20,EVENING,28.75,26.99,0.164,222.3,230.62,233.83,68.6,104.98,60.54,75.25,4.81,0.989,7.53,19.71,37.6,84.4,9.16,835,82.8,76.21,47.67,45.58,0
2026-04-01T18:25:48,IMM-03,MD-C03,ABS,EVENING,28.97,40.02,0.138,219.02,225.87,232.5,64.77,98.4,56.31,80.22,4.16,1.377,7.17,17.91,35.29,93.1,7.8,904.4,75.54,104.37,47.4,41.97,0
2026-04-01T18:26:30,IMM-04,MD-A12,PP-GF20,DAY,19.91,59.41,0.164,213.36,221.48,226.58,71.2,80.75,47.51,72.39,4.71,1.239,8.04,14.45,31.9,89.9,8.09,841.8,61.33,68.72,47.49,45.15,0
2026-04-01T18:27:12,IMM-01,MD-B07,PA6-GF30,DAY,19.55,57.17,0.144,226.93,236.97,242.56,79.07,90.14,51.81,71.71,4.99,1.156,6.86,21.29,37.91,85.5,8.11,794.4,70.96,77.56,48.35,42.74,0
2026-04-01T18:27:54,IMM-01,MD-B07,ABS,DAY,25.26,40.24,0.151,220.01,224.82,228.19,74.21,103.34,62.86,61.58,4.62,1.203,7.27,17.31,34.16,80.8,6.43,823.9,77.61,101.85,47.66,42.63,0
2026-04-01T18:28:36,IMM-01,MD-A12,PP-GF20,NIGHT,29.39,47.94,0.156,218.71,225.73,233.08,71.63,94.19,57.6,72.08,4.33,0.983,7.95,18.02,35.52,87.9,8.93,807.5,74.38,76.87,44.93,36.71,0
2026-04-01T18:29:18,IMM-03,MD-A12,PP-GF20,DAY,20.3,58.68,0.079,213.92,224.43,229.45,67.36,83.48,49.38,77.34,5.01,1.137,6.9,17.03,31.44,68.1,6.9,820.3,62.31,72.85,48.31,41.19,0
2026-04-01T18:30:00,IMM-03,MD-C03,PA6-GF30,NIGHT,20.03,43.93,0.175,224.73,237.42,242.49,77.87,96.35,53.13,78.37,3.79,1.254,8.21,18.93,37.43,87,7.83,859.5,74.31,87.77,42.81,55.45,0
2026-04-01T18:30:42,IMM-01,MD-A12,ABS,DAY,21.76,32.86,0.038,219.33,230.17,233.97,74.81,76.46,40.17,76.89,3.16,1.193,7.62,16.16,33.03,88.8,7.91,768.6,61.74,61.88,42.52,42.53,1
2026-04-01T18:31:24,IMM-02,MD-B07,PP-GF20,EVENING,26.48,60.91,0.092,205,214.24,219.18,70.55,99.04,59.58,78.12,2.94,1.124,8.17,17.45,34.34,78.6,6.95,793.4,80.6,96.47,50.19,41.3,0
2026-04-01T18:32:06,IMM-03,MD-B07,ABS,EVENING,32.01,63.67,0.152,212.2,216.63,219.98,66.61,100.89,54.68,70.85,3.43,1.266,7.77,15.68,32.69,68.3,8.36,815.7,71.36,87.95,43.35,45.42,0
2026-04-01T18:32:48,IMM-04,MD-A12,PA6-GF30,EVENING,24.25,54.64,0.104,235.86,247.38,254.33,79.94,111.23,67.45,74.84,3.67,1.358,7.95,19.28,36.26,74.2,7.99,732.3,88.42,125.19,45.6,52.28,0
2026-04-01T18:33:30,IMM-01,MD-B07,ABS,NIGHT,23.44,44.64,0.09,210.15,216.68,226.27,69.62,93.96,53.43,61.01,4.04,1.062,7.03,19.11,34.98,95.7,8.19,808.9,62.78,62.34,45.86,41.13,0
2026-04-01T18:34:12,IMM-03,MD-B07,ABS,DAY,23.11,57.18,0.044,208.42,213.96,217.01,71.97,96.55,56.11,75.73,4.68,0.977,8.81,18.37,37.09,90.2,11.41,786.1,68.07,66.48,42.74,44.21,0
2026-04-01T18:34:54,IMM-01,MD-C03,PP-GF20,DAY,24.39,80.37,0.128,218.66,231.48,237.41,67.9,103.18,58.8,70.3,4.21,1.213,8.04,20.13,38.01,80.5,9.14,821.7,81.24,105.27,47.01,37.95,1
2026-04-01T18:35:36,IMM-02,MD-B07,ABS,EVENING,18.02,44.64,0.097,208.19,214.86,220.12,70.47,92.5,54.18,69.48,3.21,1.34,7.9,19.88,37.84,78.5,12.72,802.4,69.02,81.94,45.15,44.27,0
2026-04-01T18:36:18,IMM-01,MD-B07,PP-GF20,NIGHT,22.24,59.94,0.168,218.3,231.22,233.72,66.45,94.85,57.07,69.74,3.81,1.263,7.65,19.12,37.65,94.4,7.88,821.3,67.46,83.97,47.45,41.45,0
2026-04-01T18:37:00,IMM-04,MD-C03,ABS,EVENING,25.46,64.47,0.093,210.26,213.28,219.17,73.17,92.16,49.83,60.69,4.79,1.032,8.41,22.71,40.16,65.6,8.43,829.6,67.38,67.07,47.36,40.72,0
2026-04-01T18:37:42,IMM-03,MD-A12,PP-GF20,EVENING,18.63,59.84,0.141,204.69,215.02,217.34,73.05,100,60.44,78.41,3.92,1.352,9.33,16.01,34.38,84.1,9.5,821.9,72.45,90.5,48.81,42.09,0
2026-04-01T18:38:24,IMM-03,MD-A12,ABS,EVENING,22.69,62.9,0.089,220.55,228.96,236.06,76.37,84.54,57.98,72.19,2.96,1.182,6.57,18.71,34.29,84.7,9.37,837.8,56.61,67.09,47.23,41.57,1
2026-04-01T18:39:06,IMM-01,MD-C03,PA6-GF30,DAY,21.64,37.73,0.184,218.66,225.76,234.49,74.88,107.37,63.19,72.09,4.61,1.258,7.17,18.43,35.32,76.1,6.79,849.5,79.91,94.05,41.86,52.22,0
2026-04-01T18:39:48,IMM-03,MD-A12,PA6-GF30,EVENING,30.78,56.54,0.215,220.98,225.94,230.46,79.16,103.51,62.41,62.47,4.3,1.152,9.18,15.85,35.7,84.1,7.33,829.4,83.02,89.84,43.54,49.98,1
2026-04-01T18:40:30,IMM-04,MD-C03,PP-GF20,DAY,25.85,29.51,0.134,217.94,222.09,227.02,63.41,95.11,56.63,80.14,3.46,1.293,8.26,18.52,36.11,81.1,8.96,887.6,74.4,94.83,47.22,46.73,0
2026-04-01T18:41:12,IMM-02,MD-A12,ABS,EVENING,26.16,71.77,0.173,215.34,221.82,228.55,67.05,104.01,63.87,79.78,4.81,1.335,6.99,19.97,36.99,78,9.25,808,76.53,101.88,44.28,47.48,0
2026-04-01T18:41:54,IMM-04,MD-A12,ABS,NIGHT,20.55,55.89,0.081,218.5,221.59,232.24,72.77,83.18,47.05,69.57,3.46,1.078,8.87,17.87,35.94,89.5,6.12,796.1,59.25,69.67,44.65,40.01,0
2026-04-01T18:42:36,IMM-03,MD-A12,PP-GF20,DAY,23.49,65.53,,219.33,225.69,231.89,69.12,93.56,54.71,66.93,3.71,1.145,7.51,18.6,35.17,91.1,7.48,805.6,69.84,63.79,45.49,40.94,0
2026-04-01T18:43:18,IMM-01,MD-C03,PP-GF20,NIGHT,33.03,47.98,0.072,215.82,222.76,226.97,70.92,95.9,58.03,74.74,4.44,1.357,6.8,19.23,36.57,97.5,8.83,937.7,71,95.69,40.83,40.05,0
2026-04-01T18:44:00,IMM-01,MD-B07,ABS,DAY,30.3,57.71,0.154,201.93,210.8,218.79,69.21,87.16,51.1,81.31,3.08,1.171,7.59,18.68,36.28,81.8,6.98,849.3,65.29,71.88,49.2,42.9,0
2026-04-01T18:44:42,IMM-02,MD-A12,ABS,DAY,24.75,57.14,0.046,206.42,211.29,219.72,70.03,90.1,52.62,74.8,3.78,1.161,6.65,16.42,32.04,90.1,9.64,833.8,71.99,81.64,40.9,41.35,0
2026-04-01T18:45:24,IMM-01,MD-A12,ABS,DAY,22.47,32.7,0.101,212.77,220.53,224.42,64.43,95.34,57.65,70.47,3.46,1.094,8.75,17.93,36.42,61.1,9.71,782.5,71.45,79.79,44.62,43.89,0
2026-04-01T18:46:06,IMM-04,MD-A12,PP-GF20,NIGHT,24.93,59.1,0.073,222.44,229.09,234.19,71.45,88.71,51.88,64.29,3.21,1.263,7.76,19.99,37.29,83.9,7.9,803.7,65.14,77,46.15,43.42,0
2026-04-01T18:46:48,IMM-02,MD-C03,PP-GF20,DAY,27.13,69.39,0.145,220.4,228.63,232.5,66.31,88.59,56.34,60.65,4.02,1.475,7.92,19.2,37.33,90.1,8.82,926,62.4,89.25,44.79,40.94,1
2026-04-01T18:47:30,IMM-04,MD-C03,ABS,EVENING,28.86,32.04,0.141,207.16,214.23,219.14,70.6,101.19,54.64,75.93,4.97,1.177,7.17,22.17,39.51,90.6,7.76,841.1,74.79,86.32,44.74,45.18,0
2026-04-01T18:48:12,IMM-02,MD-A12,ABS,DAY,31.28,63.52,0.161,209.48,216.42,221.18,69.95,102.76,55.26,80.97,3.51,1.003,7.43,16.48,32.87,85.3,10.73,847.8,80.92,84.91,47.71,43.7,0
2026-04-01T18:48:54,IMM-01,MD-B07,ABS,EVENING,29.15,48,0.145,206.66,215.16,218.1,67.86,86.63,49.31,65.18,5.6,1.155,9.2,18.11,37.51,75.9,9.05,898,70.62,83.63,47.82,52.32,0
2026-04-01T18:49:36,IMM-02,MD-C03,ABS,NIGHT,22.45,40.26,0.118,209.42,218.83,221.99,61.64,97.15,57.35,72.16,3.69,1.435,8.53,20.12,36.54,82.8,9.55,876.5,74.38,113.96,43.7,41.08,1
2026-04-01T18:50:18,IMM-02,MD-B07,ABS,NIGHT,27.77,56.85,0.177,217.9,223.82,227.56,74.43,103.75,64.22,65.39,3.29,1.243,7.1,19.16,34.81,81,6.86,834.7,,93.96,43.2,44.21,1
2026-04-01T18:51:00,IMM-04,MD-C03,ABS,EVENING,21.91,46.59,0.193,214.54,223.18,228.87,63.78,86.88,50.55,65.98,4.23,1.326,7.76,18.86,37.69,75.8,7.21,836.6,65.05,81.08,43.42,41.95,0
2026-04-01T18:51:42,IMM-04,MD-A12,PP-GF20,DAY,28.81,49.22,0.145,222.56,229.15,229.99,71.79,94.78,53.84,72.27,3.47,1.252,8.57,17.51,34.82,93.4,9.4,871.2,73.24,92.76,49.41,42.33,0
2026-04-01T18:52:24,IMM-02,MD-B07,PA6-GF30,NIGHT,30.28,50.74,0.065,239.43,245.32,250.57,75.79,104.69,66.83,60.79,4.95,1.196,7,17.56,35.03,76.9,6.56,839.3,79.96,90.73,44.4,52.47,0
2026-04-01T18:53:06,IMM-04,MD-A12,PP-GF20,EVENING,18.91,62.06,0.149,211.61,219.16,226.29,72.79,87,46.13,87.12,3.27,1.138,6.73,21.08,37.53,67.7,8.15,833.5,67.75,71.48,44.96,42.66,0
2026-04-01T18:53:48,IMM-01,MD-C03,PP-GF20,DAY,28.54,29.24,0.088,227.26,232.35,240.84,63.87,90.98,57.35,71.65,3.18,1.168,8.82,21.14,38.64,84,5.84,887.6,70.42,90.39,46.53,46.41,0
2026-04-01T18:54:30,IMM-04,MD-C03,PA6-GF30,DAY,18.68,46.52,0.126,227.59,235.67,241.13,75.62,105.85,58.49,85.81,4.55,1.368,6.98,20.22,37.62,80.1,8.01,873.1,75.65,105.76,45.83,57,0
2026-04-01T18:55:12,IMM-04,MD-A12,PA6-GF30,DAY,30.31,43.85,0.157,227.7,235.4,238.48,82.47,100.02,59.77,81.13,3.71,1.176,8.23,19.46,37.35,84.3,6.89,828.5,76.63,84.66,45.59,51.15,0
2026-04-01T18:55:54,IMM-01,MD-C03,PA6-GF30,DAY,22.48,72.83,,232.73,242.12,246.69,73.93,102.74,63.2,68.9,3.67,1.372,8.07,18.67,36.42,77.3,9.96,785.4,73.68,96.82,45.06,43,0
2026-04-01T18:56:36,IMM-03,MD-C03,PA6-GF30,DAY,23.43,41.2,0.186,230.24,238.85,244.49,76.9,88.75,49.07,78.86,4.3,1.341,6.67,22.09,39.18,87.2,7.06,902.2,64.22,87.24,48.36,50.69,1
2026-04-01T18:57:18,IMM-04,MD-A12,PP-GF20,EVENING,21.61,50.31,0.15,217.86,227.49,232.33,75.73,98.88,63.22,84.1,2.92,1.06,7.78,15.97,33,77.3,8,783,77.63,99.39,45.35,42.43,0
2026-04-01T18:58:00,IMM-04,MD-B07,ABS,DAY,29.23,39.45,0.069,207.7,218.74,225.33,72.14,93.64,56.33,80.45,3.4,0.948,8.56,17.32,35.67,76.2,7.77,846.5,69.2,65.76,50.18,38,0
2026-04-01T18:58:42,IMM-03,MD-B07,ABS,EVENING,26.45,,0.165,210.68,214.24,222.44,67.59,101.14,55.14,78.11,4.55,1.303,7.3,17.95,35.83,75.3,8.69,774.1,81.74,113,47.95,47.38,0
2026-04-01T18:59:24,IMM-01,MD-C03,PP-GF20,DAY,21.17,43.26,0.089,209.38,216.96,215.59,68.85,101.89,59.71,78.94,4.5,1.25,7.7,21.59,38.49,81.9,8.89,849.6,68.18,81.8,44.01,45.59,0
2026-04-01T19:00:06,IMM-03,MD-B07,PP-GF20,EVENING,23.66,49.14,0.08,229.18,235.82,237.75,71.36,87.5,50.66,74.56,4,1.165,6.54,17.28,33.68,89.5,9.15,838.8,66.5,79.63,47.75,41.94,0
2026-04-01T19:00:48,IMM-04,MD-B07,ABS,NIGHT,22.33,62.09,0.02,214.65,221.71,227.64,71.62,87.49,53.88,86.88,3.49,1.234,7.42,18.15,35.29,72.1,8.96,849.9,68.2,82.78,43.23,37.95,1
2026-04-01T19:01:30,IMM-01,MD-A12,PA6-GF30,EVENING,28.02,55.55,0.063,233.76,238.92,243.68,76.9,95.83,52.75,57.95,3.39,1.172,6.08,18.78,35.04,74.4,8.72,830.9,75.6,84.52,45.89,54.52,0
2026-04-01T19:02:12,IMM-02,MD-B07,PA6-GF30,EVENING,26.88,51.78,0.163,233.29,240.52,250.46,69.62,99.38,57.93,81.63,3.61,1.083,7.27,19.26,37.86,86,9.36,792.6,72.96,74.32,45.52,58.4,1
2026-04-01T19:02:54,IMM-02,MD-B07,PA6-GF30,EVENING,21.74,56.37,0.156,234.21,239.81,246.28,72.64,105.81,59.65,79.23,3.82,1.279,6.98,17.62,33.74,81.9,7.38,817.4,77.95,96.79,47.55,46.49,0
2026-04-01T19:03:36,IMM-04,MD-C03,ABS,EVENING,24.11,35.42,0.093,198.46,203.49,209.63,74.47,98.96,56.92,79.39,3.97,1.429,6.56,20.19,35.66,95.4,8.17,855.5,75.2,110.74,48.13,51.05,1
2026-04-01T19:04:18,IMM-01,MD-A12,PP-GF20,EVENING,27.59,35.51,0.113,218.15,221.94,229.9,72.33,91.67,54.7,71.89,4.47,1.181,6.62,18.43,35.71,71.2,8.22,842.2,68.88,84.57,38.24,48.75,0
2026-04-01T19:05:00,IMM-01,MD-A12,PP-GF20,DAY,31,56.3,0.166,207.92,213.19,220.76,67.72,95.94,54.5,69.62,3.76,1.191,8.1,17.44,35.02,83,8.18,840.8,77.8,89.62,43.94,43.04,0
2026-04-01T19:05:42,IMM-01,MD-A12,PA6-GF30,DAY,25.59,48.88,0.133,250.27,256.12,260.33,75.88,97.34,55.9,65.5,3.83,1.2,9.02,16.61,35.44,89.9,8.35,800.4,84.29,111.47,39.59,51.86,0
2026-04-01T19:06:24,IMM-02,MD-C03,ABS,EVENING,23.5,47.92,0.151,218.96,227.84,235.53,70.37,101.65,65.84,80.04,4.02,1.231,7.38,18.59,34.68,82.1,5.97,843.8,76.65,99.36,44,47.93,0
2026-04-01T19:07:06,IMM-01,MD-A12,PP-GF20,DAY,23.17,66.99,0.173,213.2,221.9,226.89,68.72,85.13,48.47,58.07,3.86,0.906,7.68,19.97,37.8,79.5,9.66,834.6,64.64,62.93,51.21,45.19,0
2026-04-01T19:07:48,IMM-03,MD-C03,ABS,EVENING,30.58,46.41,0.129,209.05,214.92,222.63,69.11,109.46,64.64,71.95,4.8,1.333,7.35,18.09,36.01,80,8.6,839.6,84.72,114.72,42.48,47.22,0
2026-04-01T19:08:30,IMM-04,MD-B07,PP-GF20,NIGHT,27.87,53.06,0.075,218.96,222.83,230.85,65.02,96.41,59.49,75.18,3.84,1.163,7,17.37,32.91,72.8,6.47,780,73.28,89.42,49.17,43.08,0
2026-04-01T19:09:12,IMM-02,MD-B07,PA6-GF30,DAY,17.54,23.98,0.06,229.35,238.66,244.26,74.15,96.29,53.88,68.03,4.29,1.297,8.28,18.04,35.34,77.8,6.71,843.6,89.17,114.97,45.61,43.96,0
2026-04-01T19:09:54,IMM-02,MD-B07,PP-GF20,DAY,27.64,36.94,0.135,217.86,230.35,235.65,63.48,92.3,53.97,65.1,4.1,1.091,6.66,18.34,33.7,78.7,8.16,817.4,69.94,77.28,45.76,43.71,0
2026-04-01T19:10:36,IMM-04,MD-C03,ABS,DAY,24.45,53.92,0.096,213.64,224.32,226.51,60.32,102.29,56.07,81.02,4.37,1.123,7.38,19.91,36.9,88,7.8,851.3,82.63,96.59,47.31,43.48,0
2026-04-01T19:11:18,IMM-01,MD-B07,PP-GF20,EVENING,23.81,64.8,0.097,207.22,215.27,215.69,69.77,83.61,45.98,61.43,2.6,1.075,8.26,16.08,33.72,82.4,9.12,910.3,61.03,69.3,45.07,41.47,0
2026-04-01T19:12:00,IMM-01,MD-C03,PA6-GF30,DAY,32.38,53.32,0.136,234.32,243.54,248.5,77.9,87.17,49.82,76.08,4.11,1.408,7.77,19.54,37.64,74.8,6.46,897.2,67.04,99.48,38,45.94,0
2026-04-01T19:12:42,IMM-01,MD-B07,PP-GF20,EVENING,23.6,53.82,0.138,206.56,213.24,219.86,72.71,103.32,59.42,67.83,3.52,1.18,7.93,19.35,37.13,86.2,9.04,818.6,79.95,88.02,42.83,45.45,0
2026-04-01T19:13:24,IMM-02,MD-A12,PP-GF20,DAY,26.7,59.94,0.143,215.53,220.05,224.69,68.31,97.24,57.84,69.45,4.87,1.105,8.53,18.63,37.71,79.7,7.57,781.4,77.41,87.56,45.97,43.72,0
2026-04-01T19:14:06,IMM-02,MD-C03,ABS,NIGHT,21.44,64.72,0.15,211.65,221.11,224.33,77.83,96.82,58.02,73.63,3.72,1.114,7.73,19.41,36.6,81.4,7.78,830.1,62.64,72.55,49.22,39.99,0
2026-04-01T19:14:48,IMM-03,MD-A12,PP-GF20,EVENING,20.77,65.18,0.12,213.7,224.44,231.26,66.86,87.52,51.68,70.71,3.71,1.132,7.34,20.5,36.77,69.4,8,846,66.64,73.46,42.75,42.38,0
2026-04-01T19:15:30,IMM-01,MD-B07,ABS,DAY,25.32,66.57,0.163,217.18,227.79,234.66,69.45,93.65,51.09,65.82,3.84,1.106,7.15,18.3,35.51,73.9,9.03,807.4,68.97,75.02,46.11,53.74,0
2026-04-01T19:16:12,IMM-04,MD-A12,PA6-GF30,NIGHT,22.74,45.12,0.174,223.14,229.44,234.53,79.7,103.08,59.63,77.39,3.86,1.234,7.56,17.44,34.33,85.9,8.21,797.6,78.31,96.58,49.84,39.9,1
2026-04-01T19:16:54,IMM-02,MD-B07,PP-GF20,NIGHT,20.77,30.7,0.181,213.32,216.78,221.53,59.96,78.09,46.31,68.42,3.7,1.04,7.35,19.25,36.65,79.6,8.95,824.3,54.14,52.72,46.75,48.5,1
2026-04-01T19:17:36,IMM-02,MD-C03,PA6-GF30,EVENING,32.23,49.11,0.173,223.38,235.73,241.14,75.05,108.4,66.91,81.17,3.77,1.526,6.75,19.43,36.33,86.8,6.99,833.4,81.35,123.23,47.76,55.66,1
2026-04-01T19:18:18,IMM-01,MD-A12,ABS,EVENING,26.56,51.24,0.128,206.43,213.66,219.28,72.72,96,53.16,61.04,5.3,1.42,6.74,19.06,35.69,93.4,8.35,846.5,68.86,94.49,43.52,48.5,0
2026-04-01T19:19:00,IMM-02,MD-C03,PP-GF20,EVENING,26.4,30.59,0.205,211.03,220.29,224.7,69.63,96.74,53.15,68.96,3.3,1.246,8.32,17.26,36.44,77.2,8.44,826.4,75.71,101.3,46.71,48.28,0
2026-04-01T19:19:42,IMM-03,MD-C03,PP-GF20,DAY,17.08,52.48,0.044,206.87,215.81,222.66,68.89,89.3,50.88,68.33,3.4,1.432,8.3,19.64,37.2,69.8,7.03,866.4,62.66,86.8,49.26,49.87,0
2026-04-01T19:20:24,IMM-03,MD-A12,PA6-GF30,EVENING,24.86,42.15,0.046,236.07,244.35,248.97,73.03,105.15,62.05,63.72,3.32,1.27,5.83,17.27,32.87,83.5,5.7,898,76.74,99.34,46.73,55.67,0
2026-04-01T19:21:06,IMM-03,MD-B07,ABS,EVENING,25.22,52.3,0.099,216.88,225.86,231.28,70.19,84.64,44.18,71.04,4.66,1.263,6.03,18.02,34.09,76.2,7.95,793.5,76.13,103.72,47.27,44.01,0
2026-04-01T19:21:48,IMM-01,MD-B07,PP-GF20,EVENING,28.01,48.69,0.098,206.89,215.61,224.69,70.12,91.18,52.45,71.74,3.86,1.087,10.09,17.68,35.85,88.4,9.68,864.7,63.56,69.33,45.64,43.66,0
2026-04-01T19:22:30,IMM-02,MD-C03,PA6-GF30,EVENING,30.17,51.23,0.154,238.02,245.64,254.4,78.12,106.17,64.39,67.05,3.44,1.239,8.01,20.83,38.36,84.5,7.9,834.3,81.09,108.4,46.55,49.07,0
2026-04-01T19:23:12,IMM-04,MD-A12,PP-GF20,DAY,21.01,57.92,0.02,209.37,217.89,225.71,75.87,100.49,60.54,79.87,3.71,1.092,7.57,20.9,38.33,71.5,8.79,800.4,80.4,85.65,41.78,41.62,0
2026-04-01T19:23:54,IMM-01,MD-A12,PA6-GF30,NIGHT,23.02,60.53,0.139,231.52,235.08,238,68.61,98.14,59.13,73.59,4.56,1.027,7.87,16.18,34.26,65,8.55,784.5,74.4,72.34,47.53,43.49,1
2026-04-01T19:24:36,IMM-02,MD-A12,PA6-GF30,EVENING,28.74,40.43,0.121,241.18,242.47,249.55,80.74,110.24,67.78,68.61,4.62,1.225,8.02,17.02,34.2,89.7,7.85,788.2,84.98,103.36,47.28,40.05,0
2026-04-01T19:25:18,IMM-02,MD-A12,PP-GF20,DAY,24.49,60.34,0.136,210.27,216.41,222.3,70.59,90.4,49.24,69.46,3.65,1.085,6.98,18.11,34.67,82.7,9.91,840.1,70.58,78.74,43.94,44.38,0
2026-04-01T19:26:00,IMM-01,MD-A12,PP-GF20,NIGHT,28.34,51.2,0.134,217.6,222.14,228.76,68,99.93,60.21,71.84,3.9,0.955,7.61,18.29,35.01,87.4,7.55,830.2,78.74,76.7,45.88,39.64,0
2026-04-01T19:26:42,IMM-02,MD-A12,PP-GF20,NIGHT,28.23,22.8,0.131,219.69,226.2,228.1,71.78,97.74,64.74,63.78,5.93,1.41,7.6,19.35,37.16,79.5,7.56,751.3,82.01,115.43,43.07,37.7,0
2026-04-01T19:27:24,IMM-01,MD-A12,PP-GF20,DAY,21.06,61.08,0.167,217.15,224.62,228.95,74.31,92.02,58.44,71.26,3.27,1.234,7.98,18.33,36.25,90.2,6.81,793.7,69.48,92.74,38.91,39.18,0
2026-04-01T19:28:06,IMM-04,MD-C03,PP-GF20,EVENING,22.2,63.53,0.154,205.55,214.98,218.19,65.71,98.97,50.39,78.02,3.93,1.176,7.84,19.29,37.37,88,7.8,864.9,81.84,102.63,46.27,40.63,1
2026-04-01T19:28:48,IMM-03,MD-B07,ABS,DAY,23.15,44.98,0.159,220.82,222.22,229.32,65.86,95.83,55.32,77.41,3.43,1.261,9.75,16.96,37.31,76.4,9.24,862.4,70.56,87.49,44.78,39.94,0
2026-04-01T19:29:30,IMM-01,MD-B07,PP-GF20,EVENING,24.7,49.51,0.15,222.56,227.68,238.26,70.06,88.14,49.79,79.7,4.46,1.204,7.26,20.01,37.47,86.3,8.09,833.5,65.9,75.44,42.96,44.48,0
2026-04-01T19:30:12,IMM-04,MD-C03,PA6-GF30,DAY,23.63,45.8,0.206,230.72,239.79,242.53,69.82,113.93,68.66,82.35,3.57,1.255,7.63,20.62,38.18,81.1,8.44,885.6,86.81,107.4,45.51,52.88,1
2026-04-01T19:30:54,IMM-01,MD-A12,PP-GF20,EVENING,21.8,74.47,0.105,212.85,222.18,230.22,67.18,95.96,53.84,81.26,3.3,1.25,7.72,17.53,34.29,91.4,8.88,821.5,69.09,94.85,45.48,46.87,0
2026-04-01T19:31:36,IMM-03,MD-B07,PP-GF20,NIGHT,23.04,30.14,0.118,219.92,226.32,231.47,70.21,95.67,59.16,65.43,5.34,1.318,7.21,17.88,35.1,91.2,9.43,823.6,68.68,96.19,46.7,41.25,0
2026-04-01T19:32:18,IMM-04,MD-A12,PP-GF20,EVENING,23.53,48.29,0.087,205.62,213.37,222.79,65.37,98.25,54.09,81.52,4.78,1.389,7.32,17.71,35.53,76.3,8.42,858.4,65.34,90.26,46.57,49.62,0
2026-04-01T19:33:00,IMM-03,MD-A12,ABS,DAY,27.55,58.17,0.178,216.08,225.2,228.64,69.76,90.98,53.98,80.99,4.97,1.068,7.53,17.87,35.32,77.4,7.39,800.9,62.94,64.22,47.86,46.2,1
2026-04-01T19:33:42,IMM-04,MD-C03,PP-GF20,DAY,29.88,45.59,0.095,219.2,230.11,232.03,75.56,93.27,52.08,73.45,4.95,1.364,8.16,18.87,37.91,92.6,9.14,845.4,73.18,100.43,47.55,43.54,1
2026-04-01T19:34:24,IMM-03,MD-B07,PA6-GF30,DAY,20.55,43.01,0.158,229.98,236.93,237.47,82.2,92.09,55.77,66.39,4.32,1.08,8.65,17.97,36.46,76.1,8.05,843.6,69.78,65.26,44.7,47.74,0
2026-04-01T19:35:06,IMM-04,MD-C03,ABS,EVENING,23.72,60.79,0.162,212.14,222.2,226.7,71.19,99.23,55.55,75.27,3.84,1.284,8.85,21.39,40.36,83.3,8.2,827.6,79.71,101.28,44.61,43.84,0
2026-04-01T19:35:48,IMM-03,MD-B07,ABS,DAY,25.65,33.66,0.149,218.78,225.08,230.08,70.68,92.13,54.35,69.03,5.37,0.98,7.74,20.43,36.9,80.5,8.14,883.7,74.8,70.6,43.43,48.28,0
2026-04-01T19:36:30,IMM-01,MD-A12,PP-GF20,DAY,20.91,40.85,0.111,219.88,223.99,229.83,70.09,101.87,61.24,73.98,4.2,1.109,7.63,21.91,38.62,63.4,7.17,764.9,71.23,78.09,37.38,40.9,0
2026-04-01T19:37:12,IMM-01,MD-C03,PA6-GF30,DAY,26.12,46.98,0.171,226.74,234.95,241.69,80.65,106.46,60.06,86.07,4.73,1.388,7.67,19.91,37.62,84.8,8.14,832.4,81.38,114.71,45.68,48.03,0
2026-04-01T19:37:54,IMM-01,MD-A12,PA6-GF30,NIGHT,25.13,46.67,0.128,230.35,239.7,243,71.92,101.91,63.1,68.21,5.14,1.055,7.5,19.59,36.74,76.6,7.83,841.9,78.62,83.54,44.19,47.14,0
2026-04-01T19:38:36,IMM-03,MD-A12,ABS,DAY,19.2,49.14,0.023,202.31,210.38,219.88,64.65,96.52,58.79,66.87,4.83,1.365,7.17,14.93,31.17,72.2,10.62,787.1,,91.55,41.39,48.86,0
2026-04-01T19:39:18,IMM-01,MD-A12,ABS,EVENING,28.84,72.08,0.149,205.62,214.25,220.39,65.8,86.28,52.57,67.37,5.24,0.985,7.52,19.52,36.74,90.4,8.98,821.5,65.56,69.18,41.16,37.61,0
2026-04-01T19:40:00,IMM-01,MD-C03,PP-GF20,EVENING,26.72,38.88,0.04,217.45,226.19,234.96,64.58,98.18,50.35,85.53,2.42,1.36,9.13,16.89,35.69,82,9.4,838.8,75.46,106.29,36.68,40.98,0
2026-04-01T19:40:42,IMM-04,MD-B07,ABS,EVENING,23.55,73.63,0.131,213.93,221.99,226.11,72.31,84.09,49.43,72.76,4.76,1.037,7.65,20.04,37.5,101.5,8.48,805.7,68.29,70.77,45.31,46.18,1
2026-04-01T19:41:24,IMM-01,MD-B07,PP-GF20,EVENING,21.15,55.1,0.119,212.15,223.18,227.1,62.89,103.08,62.19,64.05,4.77,1.333,8.28,19.15,37.03,73.4,8.04,823.2,75.58,99.03,48.59,50.48,0
2026-04-01T19:42:06,IMM-04,MD-B07,PP-GF20,EVENING,23.97,32.69,0.087,219.82,229.7,235.45,69.22,93.94,51.95,70.45,3.48,1.362,6.35,18.6,33.85,81,8.54,788,73.98,97.44,44.01,40.22,0
2026-04-01T19:42:48,IMM-01,MD-B07,ABS,DAY,23.86,71.99,0.189,206.7,211.59,216.53,74.8,88.79,59.32,82.73,3.07,1.237,7.18,17.71,35.15,76.2,9.26,800.6,70.95,88.08,45.61,44.9,1
2026-04-01T19:43:30,IMM-03,MD-C03,PA6-GF30,DAY,21.21,64.14,0.134,220.75,228.58,230.9,80.64,116.94,69.2,71.53,3.09,1.437,8.21,16.32,35.2,97.3,8.41,884.1,79.9,110.42,44.98,51.4,0
2026-04-01T19:44:12,IMM-04,MD-B07,PA6-GF30,EVENING,23.63,43.17,0.2,228.11,237.4,241.63,75.31,100.71,56.44,79.36,3.47,1.261,7.79,18.55,34.31,76.4,7.36,801.1,75.73,101.87,43.49,51.15,0
2026-04-01T19:44:54,IMM-02,MD-B07,PA6-GF30,NIGHT,24.91,50.92,0.166,233.41,240.67,244.99,79.49,103.08,64.39,80.6,4.48,1.097,7.65,14.96,33,78.5,9.43,837.2,69.58,79.49,46.18,56.44,0
2026-04-01T19:45:36,IMM-01,MD-C03,PP-GF20,NIGHT,21.4,,0.096,227.95,233.33,239.8,69.2,83.98,47.67,74.11,3.92,1.262,7.41,22.76,39.84,87.9,9.35,822.1,61.54,79.15,47.2,44.46,1
2026-04-01T19:46:18,IMM-01,MD-C03,PP-GF20,EVENING,18.04,34.71,0.057,208.9,215.83,221.14,70.2,101.19,58.5,74.63,3.39,1.264,6.34,21.6,37.43,97.3,9.65,908.3,83.41,101.78,44.09,41.78,0
2026-04-01T19:47:00,IMM-04,MD-A12,PP-GF20,DAY,22.92,45.84,0.194,221.78,231.18,242.31,69.82,101.65,59.84,77.77,2.57,1.115,7.59,19.54,35.96,81.8,8.39,836.3,83.12,88.23,44.86,48.92,1
2026-04-01T19:47:42,IMM-03,MD-B07,PP-GF20,DAY,25.22,,0.081,211.68,218.93,222.26,69.91,99.24,58.72,81.92,4.92,1.355,7.49,18.32,35.4,84.2,8.57,841.3,72.85,95.94,44.65,50.14,0
2026-04-01T19:48:24,IMM-04,MD-A12,ABS,DAY,29.27,64.41,0.105,198.46,206.78,210.73,67.09,91.22,48.2,86.63,4.72,1.171,7.46,21.08,38.16,73.8,10.6,813.9,,93.62,51.41,46.9,0
2026-04-01T19:49:06,IMM-02,MD-B07,ABS,NIGHT,23.32,34.08,0.102,209.34,219.57,221.11,67.21,100.81,53.13,74.51,3.79,0.982,8.77,17.61,34.79,91.1,8.26,811,80.81,70.72,45.37,45.18,0
2026-04-01T19:49:48,IMM-01,MD-B07,PP-GF20,NIGHT,22.55,41.58,0.081,217.43,222.67,231.28,61.64,93.07,48.57,83.3,4.59,1.173,7.12,20.23,36.47,91.3,9.69,841.7,66.15,78.06,45.58,49.99,0
2026-04-01T19:50:30,IMM-02,MD-A12,PP-GF20,DAY,19.51,23.39,0.1,211.38,219.85,227.09,68.3,99.13,57.65,68.57,4.39,1.39,5.95,21.01,36.07,72.1,7.87,747.7,78.46,106.38,48,42.89,0
2026-04-01T19:51:12,IMM-01,MD-A12,ABS,NIGHT,22.5,55.29,0.152,211.33,222.32,225.96,76.43,89.4,49.43,73.48,3.98,1.134,7.87,17.65,35.24,81.4,9.04,802.1,71.02,85.16,51.87,42.67,0
2026-04-01T19:51:54,IMM-02,MD-A12,ABS,DAY,28.12,54.55,0.2,223.12,231.34,237.31,70.6,71.94,43.33,59.56,3.92,1.145,7.64,18.59,35.64,81.1,5.24,827.6,57.72,61.7,47.82,44.31,0
2026-04-01T19:52:36,IMM-02,MD-A12,PP-GF20,EVENING,22.22,51.11,0.128,212.68,217.83,221.48,62.17,102.69,67.81,70.95,4.43,1.025,8.07,19.59,35.76,94.6,8.68,848.2,77.33,79.11,41.69,45.73,0
2026-04-01T19:53:18,IMM-02,MD-B07,ABS,DAY,22.15,44.84,0.069,219.1,226.76,228.93,73.21,103.65,58.82,76.08,5.51,1.184,7.5,17.95,35.14,77.4,10.03,857.9,79.29,87.09,51.28,40.71,0
2026-04-01T19:54:00,IMM-04,MD-A12,PA6-GF30,EVENING,26.39,49.14,0.265,239.17,245.97,251.08,72.16,96.56,51.98,74.53,3.52,1.129,8.38,17.07,35.43,88.4,8.9,801,64.87,73.32,43.57,51.67,0
2026-04-01T19:54:42,IMM-03,MD-B07,PP-GF20,DAY,23.8,20,0.188,204.81,213.95,216.57,65.05,102.88,60.21,80.44,3.46,1.149,6.47,17.97,34.4,83.9,10.39,785.5,84.77,99.52,41.56,39.84,0
2026-04-01T19:55:24,IMM-02,MD-B07,PP-GF20,DAY,21.17,47.21,0.132,211.55,221.42,226.77,75.27,87.07,47.66,73.06,3.31,1.319,8.37,18.56,37.47,84.9,8.27,746.1,59.6,68.73,42.06,40.61,1
2026-04-01T19:56:06,IMM-04,MD-B07,PA6-GF30,EVENING,21.18,28.46,0.198,241.49,245.28,250.65,80.57,101.19,59.17,81.61,4.66,1.405,8.58,17.73,36.09,79.2,7.62,826.1,76.16,107.98,47.61,48.07,1
2026-04-01T19:56:48,IMM-01,MD-B07,PA6-GF30,DAY,18.15,35.32,0.139,226.14,231.05,237.45,80.92,86.97,47.28,72.39,4.17,1.039,7.58,17.3,34.52,65.5,9.91,844,65.11,65.28,45.14,53.33,0
2026-04-01T19:57:30,IMM-01,MD-B07,PP-GF20,EVENING,22.36,50.21,0.145,217.41,225.14,228.34,66.81,83.6,47.27,70.95,4.35,0.876,8.58,16.68,34.53,71.8,7.78,811.9,67.41,52.99,47.36,44.62,0
2026-04-01T19:58:12,IMM-01,MD-C03,ABS,DAY,23.39,35.67,0.199,203.71,212.38,218.12,68.05,88.5,48.13,77.43,3.32,1.386,8.35,17.09,35.31,72,8.89,888.8,63.08,82.23,47.8,40.93,0
2026-04-01T19:58:54,IMM-03,MD-A12,ABS,NIGHT,24.7,63.54,0.1,206.56,214.46,221.43,74.67,98.36,56.96,78.48,4.2,1.118,7.98,20.2,38.13,86.2,9.67,790.5,73.08,86.03,45.77,43.82,0
2026-04-01T19:59:36,IMM-02,MD-C03,ABS,EVENING,29.04,51.41,0.195,202.93,214.95,219.81,74.34,98.88,56.67,72.27,4.41,1.369,6.87,21.09,38.07,68,9.83,816.6,72.83,96.08,42.77,41.96,0
2026-04-01T20:00:18,IMM-03,MD-B07,ABS,DAY,15.41,52.47,0.047,211.88,220.1,225.24,60.88,106.44,70.4,82.47,4.07,1.183,8.05,16.18,33.3,76.5,10,814.5,81.01,98.15,48.46,50.5,0
2026-04-01T20:01:00,IMM-02,MD-A12,PA6-GF30,EVENING,22.35,52.35,0.224,232.27,236.02,241.53,72.01,96.23,53.71,63.91,3.14,1.359,7.44,17.66,34.71,79.5,10.39,830.6,78.65,103.31,48.88,54.44,0
2026-04-01T20:01:42,IMM-01,MD-B07,ABS,EVENING,20.83,51.85,0.143,204.38,211.68,216.74,72.95,86.66,46.87,70.77,2.7,0.951,6.69,17.14,35.1,85.3,7.84,811.5,60.18,58.59,42.53,38.17,0
2026-04-01T20:02:24,IMM-04,MD-C03,PA6-GF30,EVENING,23.71,42.36,0.106,226.34,233.25,236.94,75.59,107.49,59.02,70.67,4.07,1.139,8.4,20.17,38.23,85.4,7.99,832.1,84.63,104.25,45.79,55.12,0
2026-04-01T20:03:06,IMM-04,MD-A12,PP-GF20,EVENING,27.71,35.08,0.146,221.03,233.31,237.48,73.27,101.82,57.13,76.83,4.09,0.991,8.21,21.04,37.56,71.5,8.35,803.6,80.35,81.79,41.76,44.81,0
2026-04-01T20:03:48,IMM-03,MD-B07,PP-GF20,DAY,19.1,55.38,0.11,216.81,223.28,228.68,76.15,117.33,69.88,65.04,4.05,1.41,6.81,18.52,35.33,83.5,7.36,800,89.37,119.77,43.51,45.73,1
2026-04-01T20:04:30,IMM-04,MD-A12,ABS,DAY,19.85,49.77,0.068,218.42,225.38,229.18,67.08,84.15,45.95,66.97,3.47,1.131,7.62,18.4,35.2,76.4,10.66,792.8,66.08,78.53,47.39,37.86,1
2026-04-01T20:05:12,IMM-04,MD-C03,PP-GF20,EVENING,23.38,52.6,0.064,209.56,216.58,221.61,73.52,100.42,59.13,75.18,4.04,1.431,8.24,21.28,38.44,86,9.26,890,81.56,111.64,51.63,35.53,0
2026-04-01T20:05:54,IMM-03,MD-A12,PA6-GF30,DAY,32.2,39.87,0.129,235.35,240.39,244.89,70.86,95.45,54.86,72.57,3.78,1.189,7.11,17.15,33.45,70.9,8.81,863.6,73.69,86.4,48.4,39.68,0
2026-04-01T20:06:36,IMM-02,MD-B07,PP-GF20,EVENING,23.74,37.71,0.141,218.95,225.39,232.04,72.67,105.38,58.47,68.04,5.39,1.071,7.53,17.83,35.34,65.7,7.31,824.8,85.52,87.58,41.89,34.09,0
2026-04-01T20:07:18,IMM-03,MD-A12,ABS,EVENING,23.74,43.06,0.1,199.73,207.78,212.53,72.72,96.41,59.62,80.38,3.8,1.257,6.7,16.43,32.83,74.5,8.64,789.6,76.68,100.83,43.33,41.74,0
2026-04-01T20:08:00,IMM-02,MD-A12,PA6-GF30,EVENING,26.02,26.39,0.199,226.08,229.38,234.7,84.02,95.68,55.16,74.84,3.2,1.177,7.39,19.44,35.9,85.9,8.71,802.1,74.64,86.91,35.61,43.22,0
2026-04-01T20:08:42,IMM-02,MD-B07,ABS,EVENING,25.31,59.39,0.108,212.58,221.1,225.35,68.81,93.04,50.2,71.44,4.01,1.041,8.26,18.01,36.76,84.8,6.58,846.7,71.59,77.11,41.66,47.64,0
2026-04-01T20:09:24,IMM-03,MD-B07,PA6-GF30,EVENING,24.56,56.18,0.181,231.08,239.54,243.36,77.07,99.99,55.67,87.23,3.89,1.117,7.94,18.23,35.46,88.5,8.34,845.6,71.67,89.7,46.12,46.64,0
2026-04-01T20:10:06,IMM-02,MD-A12,PA6-GF30,EVENING,21.8,40.64,0.16,233.14,238.3,246.27,72.38,100.44,59.81,82.01,2.18,1.187,6.84,16.35,33.1,88.1,6.85,814.3,74.69,92.29,41.74,55.23,0
2026-04-01T20:10:48,IMM-03,MD-C03,PP-GF20,DAY,22.3,60.02,0.102,211.39,218.63,225.5,65.09,93.59,53.18,74.81,4.51,1.23,8.18,19.06,37.57,82.5,8.68,884,76.77,98.77,43.32,48.37,0
2026-04-01T20:11:30,IMM-02,MD-A12,PP-GF20,EVENING,25.62,42.31,0.02,209.02,222.05,228.07,65.25,90.67,51.42,80.66,4.17,1.099,8.61,18.7,37.28,83.8,8.67,809.2,71.72,76.58,47.57,41.13,0
2026-04-01T20:12:12,IMM-04,MD-C03,PP-GF20,DAY,25.92,35.06,0.129,216.01,220.28,224.84,66.61,104.55,59.11,62.35,3.14,1.409,6.14,20.39,35.62,108.3,9.22,872.5,76.43,115.53,44.51,41.02,0
2026-04-01T20:12:54,IMM-01,MD-C03,ABS,NIGHT,19.62,48.06,0.117,209.54,212.74,217,76.15,109.41,58.76,76.22,5.13,1.505,8.14,19.82,38.22,93.6,7.78,789,87.54,121.73,41.87,47.36,0
2026-04-01T20:13:36,IMM-04,MD-A12,PP-GF20,DAY,27.12,53.54,0.153,207.67,215,217.95,66.74,94.13,60.96,74.5,3.68,1.473,8.11,19.54,38.68,82.4,9.53,820.4,79.58,118.64,45.04,45.73,0
2026-04-01T20:14:18,IMM-03,MD-C03,ABS,NIGHT,20.23,60.76,0.121,207.16,212.83,220.48,75.87,93.09,54.1,77.67,3.7,1.254,6.96,17.74,33.52,81,10.12,860.8,73.09,98.72,46.28,45.91,0
2026-04-01T20:15:00,IMM-02,MD-A12,PA6-GF30,DAY,33.75,59.79,0.128,236.44,239.11,243.81,74.72,113.95,66.72,78.22,3.72,1.068,7.67,18.81,36.05,78.3,8.09,838.8,85.11,94.35,41.68,45.49,0
2026-04-01T20:15:42,IMM-01,MD-B07,ABS,EVENING,23.1,53.63,0.156,223.24,231.44,236.93,71,92.92,52.38,67.9,4.14,1.232,8.47,19.92,37.85,94.4,7.01,812,67.07,72.82,45.84,36.38,0
2026-04-01T20:16:24,IMM-02,MD-A12,PA6-GF30,DAY,26.37,44.09,,235.51,245.62,252.51,75.27,102.24,60.61,70.03,4.14,1.221,8.03,17.46,34.82,74.8,9.66,807.2,79.62,98.35,40.43,48.94,0
2026-04-01T20:17:06,IMM-02,MD-C03,PP-GF20,DAY,23.27,61.11,0.101,213.55,222.4,229.67,67.45,88.65,53.75,73.01,3.36,1.048,7.9,18.38,35.7,76.2,7.46,897.8,70.11,73.64,42.87,42.77,0
2026-04-01T20:17:48,IMM-04,MD-B07,PA6-GF30,NIGHT,24.1,51.99,0.186,226.01,232.88,240.15,73.71,98.51,55.39,69.01,3.41,1.429,7.35,17.56,35.4,88.2,10.36,787.3,71.94,109.42,52.11,50.74,1
2026-04-01T20:18:30,IMM-01,MD-A12,ABS,DAY,28.4,58.1,0.124,205.83,212.28,215.68,76.27,109.58,67.61,71.85,4.16,1.216,7.7,19.47,37.06,82.6,8.33,825.8,85.44,100.93,43.71,46.27,0
2026-04-01T20:19:12,IMM-03,MD-C03,ABS,DAY,22.13,44.18,0.078,210.28,217.45,225.08,73.74,93.84,58.62,68.25,3.24,1.51,6.94,17.94,34.89,87.9,9.17,833.2,63.27,91.53,43.68,39.03,0
2026-04-01T20:19:54,IMM-04,MD-B07,PP-GF20,DAY,25.6,46.4,0.201,207.66,215.62,221.57,74.28,95.46,53.19,73.4,2.65,1.146,7.89,19.4,37.11,81.4,8.08,796.9,68.56,73.07,44.38,42.62,1
2026-04-01T20:20:36,IMM-04,MD-C03,PA6-GF30,EVENING,18.43,58.67,0.121,227.3,237.83,240.32,80.64,88.64,46.84,67.62,4.41,1.547,7.06,19.94,37.81,90.7,9.4,896.2,67.14,95.46,46.35,47.35,0
2026-04-01T20:21:18,IMM-02,MD-A12,PP-GF20,DAY,23.64,40.82,0.106,221.79,226.06,232.54,69.17,101.39,55.73,65.26,4.12,1.172,7.7,18.08,34.83,69.5,9.17,764,82.01,102.44,38.93,42.68,1
2026-04-01T20:22:00,IMM-04,MD-B07,ABS,DAY,25.26,50.27,0.191,212.08,222.66,229.13,66.27,89.98,55.95,68.36,6.2,1.173,7.24,18.33,34.73,71.1,9.17,790.5,69.85,89.72,46.72,38.15,0
2026-04-01T20:22:42,IMM-04,MD-B07,ABS,EVENING,24.3,,0.072,212.54,217.75,224.95,73.22,95.95,48.99,91.6,3.38,1.357,8.3,17.25,35.53,93.5,6.53,861.7,76.82,103.04,45.06,50.55,1
2026-04-01T20:23:24,IMM-04,MD-A12,PA6-GF30,DAY,27.92,43.01,0.14,222.67,231.71,240.93,72.24,104.4,60.97,73.27,5.98,1.314,7.77,19.48,36.11,70,10.57,773,85.03,102.18,46.22,56.1,0
2026-04-01T20:24:06,IMM-04,MD-B07,PP-GF20,DAY,23.73,60.76,0.035,215.91,224.68,230.25,70.68,85.73,56.76,78.12,4.39,1.049,8.89,20.06,38.43,76.3,7.21,824.4,68.54,73.4,48.18,48.74,1
2026-04-01T20:24:48,IMM-03,MD-A12,PP-GF20,DAY,24.14,52.58,0.056,217.62,226.37,232.99,69.19,87.18,46.85,73.98,3.07,1.179,8.46,16.84,34.55,88.1,9.91,783.3,64.63,76.41,48.83,37.14,0
2026-04-01T20:25:30,IMM-01,MD-C03,PA6-GF30,EVENING,15.98,29.02,0.155,224.73,232.31,238.55,78.75,106.69,62.2,78.26,4,1.198,8.63,21.1,40.29,100.7,7.56,879.1,82.32,105.47,51.7,50.03,0
2026-04-01T20:26:12,IMM-03,MD-A12,PP-GF20,EVENING,22.86,45.83,0.114,213.35,223.51,227.64,61.13,93.54,52.33,73.03,5.18,1.23,7.64,18.39,37.01,81.1,7.27,826.1,73.92,86.81,48.83,52.52,0
2026-04-01T20:26:54,IMM-01,MD-C03,PP-GF20,DAY,28.84,46.84,0.216,217.84,226.31,230.21,68.4,105.27,57.87,76.13,3.48,1.12,8.7,21.2,39.57,80,7.63,826.5,78.14,93.46,48.16,34.53,0
2026-04-01T20:27:36,IMM-04,MD-A12,ABS,DAY,24.59,48.79,0.082,211.1,221.79,225.51,69.66,105.27,68.5,81.51,4.36,1.186,7.68,16.27,34.33,86,8.39,778.4,76.41,88.23,44.8,45.55,1
2026-04-01T20:28:18,IMM-04,MD-A12,PP-GF20,DAY,30.79,40.43,0.162,222.94,230.84,233.4,64.35,86.81,51.42,72.25,3.33,1.121,7.21,15.68,31.53,71.4,8.29,799.6,66.27,69.39,43.3,44.87,0
2026-04-01T20:29:00,IMM-02,MD-A12,PP-GF20,NIGHT,29.37,39.09,0.146,215.32,216.3,221.02,66.26,93.43,56.9,82.13,2.53,1.122,8.12,17.26,35.34,90.8,9.62,834.1,76.18,88.93,49.36,36.33,0
2026-04-01T20:29:42,IMM-02,MD-A12,PA6-GF30,EVENING,24.97,39.57,0.146,224.01,226.3,231.37,72.14,109.9,64.22,81.2,3.73,1.083,8.26,17.66,34.87,78.8,9.44,799.6,79.88,91.42,44.42,45.22,0
2026-04-01T20:30:24,IMM-03,MD-A12,ABS,EVENING,19.7,69.73,0.134,214.09,220.67,221.9,71.36,85.33,51.02,77.74,3.9,1.261,7.97,17.93,36.13,86.4,10.37,820.1,,82.88,52.22,37.46,0
2026-04-01T20:31:06,IMM-02,MD-A12,PP-GF20,NIGHT,26.64,60.05,0.068,220.23,229.02,236.86,65.36,78.73,43.48,70.25,4.5,0.958,7.22,19.17,35.24,64.1,8.98,821.3,63.08,54.17,48.98,45.58,0
2026-04-01T20:31:48,IMM-01,MD-A12,PP-GF20,EVENING,23.13,50.72,0.12,217.11,225.29,229.51,69.83,92.57,55.19,79.81,3.16,1.293,7.96,17.02,34.37,86.1,6.78,787.2,67.46,84.37,39.85,46.23,0
2026-04-01T20:32:30,IMM-04,MD-B07,PA6-GF30,DAY,18.34,53.66,0.094,223.66,232.65,236.36,82.19,112.38,62.98,76.5,4.41,1.134,6.75,19.31,35.38,73.1,9.81,788.9,77.37,90.48,41.91,55.43,1
2026-04-01T20:33:12,IMM-01,MD-C03,ABS,EVENING,20.54,37.56,0.2,217.57,221.02,226.81,69.2,96.12,53.4,69.6,5.1,1.006,7.54,19.45,36.8,79.1,9.05,867.6,69.99,66.41,45.64,47.26,0
2026-04-01T20:33:54,IMM-02,MD-C03,PP-GF20,DAY,26.75,43.41,0.191,212.85,224.5,231.74,65.61,95.96,57.88,70.67,3.78,1.171,8.39,20.15,37.69,83.2,8.98,834.8,76.71,91.32,44.11,43.53,0
2026-04-01T20:34:36,IMM-01,MD-A12,PP-GF20,DAY,26.32,58.68,0.055,208.1,215.52,223.11,67.26,101.07,55.62,74.14,5.19,1.043,8.04,20.02,38.18,94.9,7.7,830.6,71.49,77.32,43.86,46.59,0
2026-04-01T20:35:18,IMM-02,MD-C03,PA6-GF30,DAY,22.72,42.35,0.193,232.05,242.74,242.89,69.57,99.02,51.83,68.31,4.09,1.323,7.4,18.38,34.8,87.2,8.35,877.3,,100.86,43.54,45.93,0
2026-04-01T20:36:00,IMM-02,MD-C03,PA6-GF30,NIGHT,26.54,46.06,0.19,236.06,246.34,252.47,73.36,102,66.22,73.95,3.4,1.165,7.82,19.58,37.19,88.9,7.66,891.4,73.94,95.53,46.21,45.89,0
2026-04-01T20:36:42,IMM-01,MD-B07,PA6-GF30,NIGHT,23.61,43.8,0.125,220.58,231.05,232.07,76.67,106.11,59.81,65.89,3.26,1.159,9.19,18.94,38.05,84,9.53,822.7,79.09,88.09,51.46,53.17,1
2026-04-01T20:37:24,IMM-01,MD-C03,PP-GF20,EVENING,24.91,30.86,0.168,219.38,228.46,232.91,74.99,97.58,58.59,72.21,4.03,1.289,7.04,17.61,34.02,88.8,8.53,852.9,75.84,96.78,48.19,43.19,0
2026-04-01T20:38:06,IMM-01,MD-A12,PA6-GF30,NIGHT,26.38,38.22,0.148,235.28,242.74,247.3,66.82,99.39,54.11,79.19,3.03,1.178,6.79,19.95,36.26,90.9,9.2,801.5,76.66,91.45,51.12,53.56,0
2026-04-01T20:38:48,IMM-01,MD-C03,ABS,DAY,25.94,58.49,0.112,211.13,216.1,218.35,71.19,99.9,54.92,81.22,4.31,1.24,8.36,18.63,35.76,89.6,8.65,918,72.29,87.52,46.14,41.27,0
2026-04-01T20:39:30,IMM-04,MD-B07,PA6-GF30,EVENING,25.19,61.47,0.127,232.56,241.24,249.16,81.68,109,65.17,75.97,3.95,1.183,8.8,16.86,35.13,71.2,9.45,785.5,82.72,91.67,43.96,50.71,1
2026-04-01T20:40:12,IMM-01,MD-B07,PP-GF20,DAY,29.37,30.67,0.043,209.46,214.01,219.53,71.03,92.32,52.31,76.3,3.61,1.117,9.06,21.19,39.36,75.1,8.02,820.4,72.12,88.56,41.75,45.07,0
2026-04-01T20:40:54,IMM-01,MD-C03,ABS,NIGHT,19.51,40.27,0.155,211.6,219.49,221.51,63.89,88.37,50.4,75.72,3.77,1.374,7.71,20.5,38.5,95.7,9.36,850.2,65.35,86.59,47.32,39.81,0
2026-04-01T20:41:36,IMM-03,MD-C03,PA6-GF30,DAY,27.1,54.98,0.146,229.58,233.67,239.5,77.02,89.7,50,71.39,3.55,1.339,8.18,19.33,38.04,87.6,8.68,824.9,69.91,93.27,47.12,60.02,0
2026-04-01T20:42:18,IMM-04,MD-B07,PA6-GF30,DAY,22.19,62.74,0.245,229.97,237.56,241.82,83.55,97.44,59.07,69.91,4.9,0.917,7.1,20.45,37.52,78.2,7.39,804.1,77.24,72.09,46.78,52.86,1
2026-04-01T20:43:00,IMM-04,MD-B07,PP-GF20,EVENING,28.04,35.29,,210.64,219.56,226.91,73.18,87.9,51.85,76.1,3.92,1.212,7.84,21.05,38.61,81.9,10.08,817.7,67.22,74.25,44.77,47.09,1
2026-04-01T20:43:42,IMM-03,MD-A12,ABS,DAY,29.23,58.6,0.176,210.97,215.49,220.24,75.68,101.06,56.91,75.75,4.02,1.098,7.73,18.83,35.65,88.7,8.09,825.4,81.61,83.77,47.56,50.91,0
2026-04-01T20:44:24,IMM-01,MD-C03,PA6-GF30,EVENING,30.43,68.72,0.263,226.04,234.24,240.15,69.59,109,59.34,72.08,4.48,1.249,6.66,18.55,35.92,80.8,8.28,861.9,86.2,108.01,43.73,41.94,1
2026-04-01T20:45:06,IMM-03,MD-C03,PP-GF20,DAY,24.52,51.94,0.143,219.29,225.05,228.01,65.18,106.69,63.38,75.07,4.54,1.231,8.15,16.43,34.43,79,9.28,841.9,82.21,107.35,51.76,42.67,0
2026-04-01T20:45:48,IMM-03,MD-A12,PA6-GF30,EVENING,21.68,60.84,0.21,235.25,242.21,249.09,70.62,105.99,58.19,76.11,5.04,1.07,7.74,17.4,34.78,84.1,7.49,846.6,86.2,91.32,42.93,51.14,0
2026-04-01T20:46:30,IMM-01,MD-C03,PA6-GF30,DAY,25.12,35.78,0.17,231.52,242.11,247.27,82.68,117.04,74.13,76.65,4.85,1.535,8.04,19.65,38.31,87.4,8.37,858.3,88.88,138.03,43.48,52.36,0
2026-04-01T20:47:12,IMM-02,MD-B07,PP-GF20,DAY,23.99,51.22,0.163,214.94,223.27,229.78,69.83,83.49,45.38,76.37,3.99,1.087,8.62,17.58,35.24,86,8.62,817.1,64.87,76.92,46.06,39.68,1
2026-04-01T20:47:54,IMM-03,MD-B07,PA6-GF30,EVENING,30.24,53.66,0.177,234.42,245.28,247.13,71.66,113.07,67.16,59.87,5.4,1.269,8.42,19.24,37.81,79.5,7.9,837.8,93.48,115.87,43.91,51.47,0
2026-04-01T20:48:36,IMM-03,MD-A12,PP-GF20,EVENING,28.33,26.2,0.083,212.27,214.77,222.3,72.49,91.72,53.9,85.92,2.44,1.165,8.02,17.99,34.72,74,8.81,795.4,69.2,85.47,44.03,43.72,0
2026-04-01T20:49:18,IMM-03,MD-A12,ABS,DAY,31.14,29.68,0.171,212.99,218.99,226.16,68.49,81.7,45.13,75.17,3.21,1.288,7.84,17.24,33.82,71.3,9.36,796,62.58,81.95,44.73,42.39,1
2026-04-01T20:50:00,IMM-01,MD-A12,ABS,EVENING,27.89,57.4,0.06,200.39,207.94,209.37,72.56,98.29,56.56,66.18,3.71,1.201,8.67,17.68,36.49,87.9,8.79,800.3,75.13,101.16,46.54,49.89,0
2026-04-01T20:50:42,IMM-01,MD-C03,PA6-GF30,EVENING,23.25,48.07,0.132,228.88,231.41,240.32,82.77,112.85,62.57,59.83,3.72,1.344,6.87,19.57,36.57,84.1,8.91,852.7,87.54,124.26,44.08,46.69,0
2026-04-01T20:51:24,IMM-01,MD-A12,ABS,NIGHT,23.72,41.88,0.054,212.17,220.15,228.88,69.91,91.66,47.62,70.33,4.83,1.147,7.45,17.88,35.3,87.8,7.65,856.7,72.82,80.31,42.2,44.68,1
2026-04-01T20:52:06,IMM-04,MD-A12,PA6-GF30,DAY,28.95,50.95,0.19,233.35,241.51,248.51,75.68,100.37,60.07,77.93,3.53,1.189,8.6,19.42,38.46,76.9,9.18,782.7,81.94,97.64,43.37,49.93,0
2026-04-01T20:52:48,IMM-03,MD-C03,PP-GF20,DAY,22.78,31.62,0.058,208.68,215.03,224.3,75.73,93.32,52.58,75.15,2.86,1.193,6.86,19.5,36.08,95.6,9.9,824.9,70.32,80.96,40.38,42.83,0
2026-04-01T20:53:30,IMM-01,MD-B07,PA6-GF30,DAY,27.6,42.53,0.17,231.61,237.67,244.16,78.88,108.38,64.23,93.53,4.88,1.276,6.43,16.58,33.14,80.8,9.09,811.1,84.36,109.5,47.34,46.32,0
2026-04-01T20:54:12,IMM-01,MD-B07,PP-GF20,EVENING,28.72,53.89,0.156,204.3,209.54,212.12,68.66,100.95,58.7,74.58,4.39,1.192,7.51,16.92,34.32,87.4,8.59,827.6,77.99,88.55,47.4,33.5,0
2026-04-01T20:54:54,IMM-03,MD-C03,PP-GF20,DAY,23.85,57.92,0.049,211.64,219.63,226.44,65.67,103.92,55.4,74.44,4.29,1.423,8.05,21.58,39.83,86.9,10.27,890.8,80.88,113.7,44.2,42.1,0
2026-04-01T20:55:36,IMM-03,MD-A12,PP-GF20,DAY,35.6,72.6,0.102,217.18,223.99,228.29,67.54,90.63,50.04,80.87,4.67,1.104,7.18,20.93,37.84,73.6,5.72,851.9,67.85,68.64,49.49,39.49,1
2026-04-01T20:56:18,IMM-01,MD-B07,PP-GF20,EVENING,28.94,57.69,0.18,218.82,226.31,232.72,72.91,84.15,46.56,66.07,4.29,1.139,8,15.41,32.84,76.6,9.01,819.5,65.66,78.9,43.4,42.47,0
2026-04-01T20:57:00,IMM-04,MD-B07,ABS,EVENING,28.87,64.66,0.127,210.46,216.08,223.85,66.11,92.05,50.65,70.05,4.25,1.317,7.72,16.34,33.46,77.6,8.68,805.5,77.41,100.78,46.75,42.72,0
2026-04-01T20:57:42,IMM-03,MD-A12,PA6-GF30,DAY,27.97,69.03,0.088,231.23,236.82,242.92,78.45,114.69,66.58,70.02,3.15,1.119,7.63,18.28,35.2,70,6.19,800.9,85.13,98.28,47.39,46.87,0
2026-04-01T20:58:24,IMM-01,MD-C03,PA6-GF30,NIGHT,24.58,38.39,0.116,233.2,241.47,248.67,77.08,104.82,62.99,72.71,4.1,1.453,8.22,19.03,37.44,76,7.48,839.3,78.66,113.08,45.39,51.75,0
2026-04-01T20:59:06,IMM-02,MD-B07,PP-GF20,DAY,20.39,44.4,0.061,213.03,218.41,223.13,68.1,93.01,53.53,69.17,2.71,1.318,8.69,18.81,36.5,83.2,6.87,810.7,72.74,99.9,46.95,36.07,0
2026-04-01T20:59:48,IMM-01,MD-A12,PP-GF20,DAY,22.84,55.41,0.108,217.81,224.8,228.88,74.6,95.51,55.24,80.79,4.12,1.074,6.8,21.49,37.3,62.8,6.6,858.7,72.7,84.1,43.86,45.13,0
2026-04-01T21:00:30,IMM-02,MD-B07,PA6-GF30,EVENING,28.11,39.32,0.149,220.71,227.18,229.35,77.15,95.44,51.94,70.15,4.05,1.084,7.58,17.19,34.46,79.9,9.05,777.5,70.98,74.42,47.74,53.04,0
2026-04-01T21:01:12,IMM-02,MD-A12,PP-GF20,EVENING,26.64,55.51,0.095,216.48,223.91,225.98,66.24,104.83,61.9,68.53,5.79,1.303,7.93,16.63,35.64,70.9,6.49,807.3,79.11,99.46,43.38,44.45,0
2026-04-01T21:01:54,IMM-04,MD-B07,PP-GF20,DAY,21.03,42.96,0.101,211.03,215.16,221.12,68.37,85.29,52.47,79.49,3.97,1.036,7.11,16.52,33.69,83.1,9.59,820,68.31,72.56,50.49,36.14,1
2026-04-01T21:02:36,IMM-01,MD-A12,PA6-GF30,DAY,21.75,82,0.084,219.55,227.4,233.14,81.58,99.28,59.98,65.91,4.46,1.298,7.42,19.78,37.75,90.6,7.52,816.5,77.77,101.62,47.8,48.52,0
2026-04-01T21:03:18,IMM-01,MD-A12,PP-GF20,EVENING,25.54,56.41,0.136,216.07,222.87,223.73,68.69,92.14,52.36,80.54,3.8,1.211,7.32,14.91,32.55,79.5,6.7,760.6,75.9,103.98,47.44,38.81,0
2026-04-01T21:04:00,IMM-04,MD-B07,PP-GF20,DAY,23.56,44.52,0.09,213.59,222.13,228.34,66.9,92.12,54.76,64.7,4.17,1.223,8.77,16.86,35.22,70.6,6.65,816.2,69.18,83.4,49.83,42.6,0
2026-04-01T21:04:42,IMM-03,MD-C03,ABS,DAY,23.47,39.87,0.211,208.97,214.74,223.22,76.44,99.63,56.96,85.67,4.43,1.177,8.74,18.9,37.38,94.8,7.42,836.9,75.9,88.42,43.65,51.36,0
2026-04-01T21:05:24,IMM-02,MD-B07,ABS,NIGHT,27.39,37.64,0.162,213.7,221.34,225.58,73.96,82.89,47.58,77.22,3.54,1.175,7.49,15.97,33.99,94.7,9.37,880.8,66.34,72.57,45.13,45.71,1
2026-04-01T21:06:06,IMM-03,MD-B07,PP-GF20,EVENING,20.7,45.14,0.173,212.72,222.44,225.66,77.12,94.11,54.25,63.19,3.86,1.164,8.01,18.74,35.92,90.6,7.45,867.7,68.36,82.12,42.4,42.89,0
2026-04-01T21:06:48,IMM-03,MD-B07,ABS,DAY,27.17,64.47,0.135,202.89,214.82,221.88,74.37,94.53,58.62,71.31,4.62,1.174,7.85,17.95,35.72,105.8,9.09,899.5,70.74,85.34,45.31,40.58,1
2026-04-01T21:07:30,IMM-02,MD-A12,ABS,NIGHT,23.87,53.37,0.095,214.07,220.01,225.54,72.81,81.63,47.33,79.45,4.39,1.348,8.85,14.76,32.87,90.6,8.89,824.6,58.09,77.63,48.4,46.36,0
2026-04-01T21:08:12,IMM-03,MD-A12,ABS,EVENING,27.46,51.73,0.121,213.39,220.72,225.22,60.88,95.14,56.63,68.53,3.54,1.319,8.71,13.63,32.75,78.6,7.89,792.9,76.81,98.12,51.8,38.36,0
2026-04-01T21:08:54,IMM-01,MD-C03,PP-GF20,DAY,22.47,51.03,0.157,208.53,212.52,217.72,71.33,92.19,53.46,84,4.13,1.379,7.2,19.15,37.39,72.9,9.97,880.4,67.31,91.99,52.39,39.22,0
2026-04-01T21:09:36,IMM-03,MD-A12,PA6-GF30,DAY,25.6,48.02,0.184,242.89,249.44,256.17,74.37,99.9,62.5,84.67,4.75,1.126,8.49,16.64,34.12,77.5,11.23,781.4,79.88,96.65,48.16,50.12,0
2026-04-01T21:10:18,IMM-04,MD-B07,PP-GF20,DAY,21.21,40.47,0.168,208.89,214.85,223.06,70.57,92.46,54.05,68.72,6.1,1.179,7.05,17.24,34.05,88.4,11.37,857.9,71.43,79.26,47.86,42.31,1
2026-04-01T21:11:00,IMM-04,MD-B07,PP-GF20,NIGHT,22.65,51.77,0.066,208.64,219.45,227.64,71.19,93.35,55.26,67.84,3.57,1.062,7.72,18.9,36.71,81.9,7.35,748.1,70.91,79.59,48.08,45.94,0
2026-04-01T21:11:42,IMM-03,MD-C03,PA6-GF30,DAY,26.19,46.18,0.208,225.24,233.31,238.94,72.73,95.93,60.71,68.87,3.46,1.34,7.93,19.34,36.14,66.1,8.91,870.4,74.31,98.63,47.05,52.57,0
2026-04-01T21:12:24,IMM-01,MD-A12,PP-GF20,DAY,24.28,43.84,0.136,214.71,225.86,231.4,70.69,84.36,45.67,87.87,3.74,1.228,8.27,16.99,34.89,85.3,7.55,851.5,70.15,87.51,47.7,38.54,0
2026-04-01T21:13:06,IMM-02,MD-A12,PA6-GF30,DAY,22.26,52.56,0.07,231.59,235.95,240.39,69.54,97.93,57.84,67.39,2.33,1.365,7.59,18.75,35.62,68.9,10.37,806.7,78.82,109.04,46.66,43.52,0
2026-04-01T21:13:48,IMM-04,MD-C03,ABS,DAY,17.32,60.09,0.116,216.28,220.65,227.34,63.06,96.47,57.28,61.5,3.45,1.045,7,17.93,35.24,75.9,7.3,851.2,69.16,76.51,43.13,48,1
2026-04-01T21:14:30,IMM-01,MD-B07,PP-GF20,DAY,23.73,53.1,0.128,225.72,234.7,237.82,65.32,89.98,52.95,62.68,3.97,1.049,8.65,17.57,35.94,70.7,8.28,827.3,62.41,59.65,48.7,42.1,0
2026-04-01T21:15:12,IMM-02,MD-C03,ABS,NIGHT,24.85,55.14,0.116,204.9,213.86,218.93,74.15,94.81,54.91,77.82,4.35,1.366,7.1,20.34,38.06,72.6,9.48,886.5,69.49,105.34,44.79,36.98,0
2026-04-01T21:15:54,IMM-01,MD-B07,ABS,EVENING,27.52,56.79,0.082,214.87,220.52,229.75,70.79,92.83,51.36,81.5,4.56,1.108,8.55,17.88,35.83,80.9,8.48,876,67.71,73.12,47.9,36.76,0
2026-04-01T21:16:36,IMM-01,MD-C03,PA6-GF30,DAY,15.83,56.43,0.149,228.02,236.67,239.86,69.98,104.2,61.89,75.98,5.04,1.428,7.26,19.85,36.81,93.8,5.98,807.5,82.52,115.37,42.33,51.84,0
2026-04-01T21:17:18,IMM-03,MD-B07,ABS,DAY,21.75,56.43,0.115,217.57,226.43,230.12,75.4,113.2,66.11,87.07,2.6,1.213,7.12,17.32,33.55,89.7,8.55,844,83.31,105.3,44.26,37.25,0
2026-04-01T21:18:00,IMM-03,MD-A12,ABS,DAY,21.77,57.31,0.091,213.13,219.42,222.62,65.64,96.41,55.91,66.28,4.92,1.214,8.37,17.61,36.95,92.4,7.29,833.3,67.65,82.81,48.07,41.81,0
2026-04-01T21:18:42,IMM-04,MD-A12,PA6-GF30,DAY,25.08,42.54,0.192,238.84,249.06,252.02,72.93,104.77,57.66,63.74,4.1,1.074,7.3,17.88,33.73,87.4,8.89,846.8,86.96,101.45,43.2,51.93,0
2026-04-01T21:19:24,IMM-03,MD-B07,PA6-GF30,NIGHT,25.16,55.66,0.202,237.79,240.89,247.7,81.81,114.38,68.55,61.47,5.28,1.189,5.6,18.07,33.04,68.1,7.35,799.8,83.73,103.47,50.68,51.37,1
2026-04-01T21:20:06,IMM-01,MD-C03,ABS,EVENING,27.21,41.25,0.073,209.59,214.18,219.81,63.2,92.38,52.54,80.81,4.14,1.333,7.86,20.73,36.96,70.1,10.05,831.3,60.01,78.42,41.53,41.83,0
2026-04-01T21:20:48,IMM-03,MD-C03,PP-GF20,DAY,29.63,53.8,0.133,207.41,216.2,220.55,65.17,97.45,53.29,72.56,3.58,1.086,7.58,19.91,37.09,90.2,8.52,865.3,74.68,71.63,46.04,42.26,0
2026-04-01T21:21:30,IMM-03,MD-B07,PA6-GF30,DAY,25.61,31.48,0.073,224.34,230.77,233.88,75.28,115.21,68.39,78.79,4.36,1.156,8.29,17.69,35.18,76.8,7.68,830.4,87.44,97.98,41.51,45.89,0
2026-04-01T21:22:12,IMM-04,MD-C03,ABS,EVENING,30.87,54.02,0.119,214.92,225.07,227.36,69.55,96.17,57.95,75.15,3.86,1.405,8.06,19.38,39.29,79.1,7.86,880.8,71.21,104.8,49.8,36.07,0
2026-04-01T21:22:54,IMM-04,MD-A12,PP-GF20,DAY,20.96,59.83,0.18,222.19,231.35,235.81,65.37,90.68,52.31,77.17,3.39,1.265,7.06,19.21,35.84,87.5,8.76,898.5,65.77,78.02,48.71,43.29,0
2026-04-01T21:23:36,IMM-01,MD-C03,PP-GF20,NIGHT,29.57,36.35,0.195,209.57,216.21,222.56,68.74,90.61,47.85,66.32,4.45,1.322,7.65,18.4,36.31,80.8,9.29,876.5,67.01,91.03,43.18,43.4,0
2026-04-01T21:24:18,IMM-03,MD-A12,PP-GF20,NIGHT,25.85,42.77,0.115,210.56,213.46,221.03,69.47,91.64,53.33,80.62,3.82,1.182,8.37,18.22,36.2,78.4,7.15,821.5,64.08,76.71,45.63,39.91,0
2026-04-01T21:25:00,IMM-04,MD-C03,PA6-GF30,DAY,20.73,30.64,0.085,233.47,239.63,245.96,77.93,109.03,64.28,70.84,4.9,1.184,7.45,18.91,36.92,92.7,8.14,862.6,81.07,102.49,47.49,55.52,0
2026-04-01T21:25:42,IMM-02,MD-A12,PA6-GF30,NIGHT,27.1,38.23,0.14,222.2,231,237.55,76.01,95.99,57.07,93.53,4.22,1.386,6.95,19.05,34.93,78.7,8.32,839.4,68.68,94.19,47.03,54.95,0
2026-04-01T21:26:24,IMM-03,MD-B07,PP-GF20,DAY,27.33,54.88,0.094,223.54,235.25,241.17,66.41,91.51,52.65,64.57,4.39,1.064,8.39,19.54,36.45,82.5,7.69,796.7,73.01,78.6,47.63,40.17,0
2026-04-01T21:27:06,IMM-03,MD-B07,PP-GF20,DAY,24.14,61.94,0.032,212.79,225.68,224.49,68.52,96.67,54.21,71.52,4.91,0.917,7.3,16.96,33.38,95.7,8.77,785.4,78.55,66.2,47.64,44.24,0
2026-04-01T21:27:48,IMM-02,MD-A12,ABS,EVENING,24.25,81.14,0.195,202.73,206.36,209.45,69.43,91.52,53.46,73.6,3.83,1.274,7.91,18.45,36.72,81.8,8.56,803.7,63.7,79.88,45.85,45.5,0
2026-04-01T21:28:30,IMM-03,MD-A12,PP-GF20,EVENING,33.48,62.15,0.129,213.41,221.57,222.9,65.67,96.81,58.65,65.66,2.95,1.244,7.45,17.88,34.42,95.6,9.44,861.3,70.8,81.08,50.22,45.33,0
2026-04-01T21:29:12,IMM-02,MD-C03,PP-GF20,DAY,27.02,46.89,0.159,220.62,227.81,234.19,75.14,90.07,52.25,74.84,4.97,1.437,7.36,19.25,36.38,82,8.73,842,72.96,104.04,50.12,35.23,0
2026-04-01T21:29:54,IMM-02,MD-B07,PP-GF20,EVENING,21.19,47.63,0.15,211.56,218.9,226.57,75.06,96.91,53.33,84.96,4.22,1.056,7.76,18.38,36,78.8,8.07,847.3,68.39,71.36,43.05,47.52,0
2026-04-01T21:30:36,IMM-03,MD-A12,PP-GF20,DAY,22.77,56.46,0.087,226.65,238.18,242.18,67.6,82.4,45.83,63.49,3.85,0.948,7.63,18.94,35.84,77.2,9.58,799.3,65.95,59.99,45.88,40.89,0
2026-04-01T21:31:18,IMM-02,MD-B07,PA6-GF30,EVENING,24.45,55.88,0.206,218.88,227.98,230.38,82.13,113.71,63.43,76.86,3.77,1.48,6.81,18.01,34.63,69.5,8.51,772.3,84.74,118.91,44.6,48.97,1
2026-04-01T21:32:00,IMM-02,MD-B07,PP-GF20,EVENING,25.09,50.81,0.16,228.27,236.33,243.39,70.15,100.94,60.73,64.79,3.61,1.118,6.67,18.47,34.73,82.1,7.26,826,83.34,99.57,45.55,37.12,0
2026-04-01T21:32:42,IMM-02,MD-A12,PP-GF20,NIGHT,23.21,45.39,0.135,213.42,222.2,228.47,74.51,86.66,50.47,85.85,4.26,1.118,7.44,16.08,33.23,84,10.53,825,66.91,70.71,41.37,51.93,0
2026-04-01T21:33:24,IMM-02,MD-A12,PA6-GF30,NIGHT,31.38,52.55,0.132,223.08,229.5,233.13,71.15,99.02,52.41,62.48,4.65,0.929,8.98,18.12,36.85,77.7,8.05,729.8,76.65,69.32,42.55,52.45,0
2026-04-01T21:34:06,IMM-02,MD-A12,PA6-GF30,NIGHT,18.33,33.04,0.159,226.52,236.45,241.33,78.06,95.89,60.19,74.59,3.84,1.025,6.26,16.6,33.67,95.1,6.13,774.4,63.42,59.75,50.19,48.94,0
2026-04-01T21:34:48,IMM-04,MD-C03,PA6-GF30,DAY,26.62,51.84,0.222,227.19,237.42,244.32,73.4,104.13,62.64,69.58,3.62,1.317,7.88,19.89,37.8,88.7,7.7,814.6,82.15,118.87,49.14,49.32,1
2026-04-01T21:35:30,IMM-03,MD-C03,PA6-GF30,EVENING,26.26,51.99,0.145,232.77,240.45,242.42,74.25,101.31,60.3,77.96,4.47,1.208,7.82,18,36.31,84.1,9.56,853.1,75.1,92.9,39.61,51.94,0
2026-04-01T21:36:12,IMM-03,MD-A12,PP-GF20,EVENING,28.25,39.17,0.099,212.83,222.9,230.15,76.07,100.86,60.38,76.11,5.23,1.177,7.3,16.59,32.84,79.3,8.82,775.9,73.11,83.28,46.91,45.43,0
2026-04-01T21:36:54,IMM-03,MD-A12,PA6-GF30,DAY,24.13,41.92,0.13,229.42,243.8,248.76,75.39,103.47,60.68,76.57,4.88,1.092,7.2,17.27,34.29,83.5,9.45,823.2,78.54,102.47,51.43,49.7,0
2026-04-01T21:37:36,IMM-04,MD-A12,PA6-GF30,EVENING,29.14,40.52,0.175,232.91,240.66,243,80.5,101.37,59.89,80.65,4.11,1.223,7.19,16.71,32.86,83.1,8.11,851,74.2,88.52,46.44,56.07,0
2026-04-01T21:38:18,IMM-02,MD-B07,PP-GF20,DAY,22.09,54.77,0.159,217.03,225.82,226.26,64.93,98.34,55.57,71.67,4.06,1.048,7.78,15.12,31.95,69.9,10.01,796.8,70.56,65.63,41.61,44.41,0
2026-04-01T21:39:00,IMM-04,MD-A12,ABS,NIGHT,17.64,47.28,0.157,212.52,216.22,221.57,69.4,88.99,47.61,81.08,2.47,1.079,7.93,17.58,34.54,70.5,7.65,796.1,69.68,71.58,43.86,39.21,0
2026-04-01T21:39:42,IMM-01,MD-C03,PA6-GF30,DAY,20.28,29.23,0.136,222.37,227.66,234.79,73.85,103.8,63.3,71.62,3.9,1.277,8.22,20.86,38.45,78.9,6.85,874.9,70.85,82.52,45.4,49.56,0
2026-04-01T21:40:24,IMM-02,MD-C03,PP-GF20,DAY,30.13,62.04,0.087,212.18,220.36,223.75,74.34,97.18,58.64,67.29,4.5,1.136,8.12,18.35,35.06,73.2,6.85,874.4,74.82,84.95,46.71,48.33,0
2026-04-01T21:41:06,IMM-04,MD-C03,ABS,DAY,18.64,53.81,0.137,212.66,216.19,219.25,61.4,99.88,61.4,72.64,2.1,1.125,7.35,20.04,36.97,94.2,8.5,847.5,76.51,100.86,46.83,41.68,1
2026-04-01T21:41:48,IMM-04,MD-B07,ABS,NIGHT,24.91,62.62,0.158,215.09,223.07,228.24,68.49,98.31,59.67,62.17,3.38,1.41,7.08,19.45,36.97,93.7,9,803.2,80.66,112.47,47.14,43.83,0
2026-04-01T21:42:30,IMM-04,MD-B07,PA6-GF30,DAY,27.64,30.92,0.131,224.39,236.08,241.44,70.16,112.43,65.42,77.64,4.53,1.011,8.28,19.24,37.12,86.8,9.13,817.8,87.12,89.83,49.21,56.75,0
2026-04-01T21:43:12,IMM-01,MD-B07,PA6-GF30,DAY,25.36,70.29,0.214,239.04,247.25,250.19,76.38,110.48,63.74,70.87,5.28,1.054,8.28,16.64,33.97,98.9,9.11,761.1,86.38,86.78,40.99,48.45,0
2026-04-01T21:43:54,IMM-03,MD-B07,PA6-GF30,EVENING,26.95,51.9,0.076,229.59,238.85,245.69,72.31,108.95,61.07,70.62,4.5,1.317,6.79,19.55,35.02,77.7,8.11,832.4,89.72,125.5,41.51,42.51,0
2026-04-01T21:44:36,IMM-03,MD-B07,PP-GF20,EVENING,22.05,36.29,0.082,214.36,222.68,228.4,63.81,96.24,56.27,68.95,3.28,1.314,7.01,18,35.27,81.3,8.32,836.9,73.38,106.23,44.49,37.76,0
2026-04-01T21:45:18,IMM-01,MD-A12,ABS,DAY,21.53,39.7,0.17,209.96,221.53,224.92,70.74,92.5,56.96,57.75,3.31,1.183,7.93,18,35.64,75,5.71,777.3,74.28,81.68,46.72,44.33,0
2026-04-01T21:46:00,IMM-02,MD-B07,PA6-GF30,EVENING,27.13,47.1,0.156,230.3,239.24,246.77,78.75,92.56,55.03,70.67,3.01,1.183,7.96,14.05,32.12,74.7,9.33,839.1,64.72,77.46,45.81,49.11,0
2026-04-01T21:46:42,IMM-02,MD-B07,PP-GF20,DAY,28.06,57.85,0.147,215.11,227.21,232.05,69.15,82.92,52.88,66.37,2.87,1.356,7.07,16.34,31.61,93.4,8.55,750.8,69.08,102.92,47.73,45.29,0
2026-04-01T21:47:24,IMM-04,MD-B07,PP-GF20,NIGHT,20.84,43.16,0.085,207.5,215.88,221.97,67.8,101.59,56.66,73.19,3.75,1.343,6.56,16.91,32.6,85.8,8.89,782,75.51,98.43,46.54,48.91,0
2026-04-01T21:48:06,IMM-02,MD-A12,ABS,EVENING,22.66,49.65,0.148,201.18,209.13,213.82,72.1,98.01,58.94,77.52,3.42,1.321,6.17,17.89,33.64,69.7,8.38,789,70.43,97.59,45.64,38.47,0
2026-04-01T21:48:48,IMM-02,MD-C03,PP-GF20,EVENING,25.63,38.67,0.129,216.93,225.76,230.8,64.42,85.55,45.56,73.75,4.3,1.147,7.63,19.57,36.9,82,10.37,847.8,63.35,62.71,40.83,45.05,0
2026-04-01T21:49:30,IMM-03,MD-B07,ABS,NIGHT,22.26,41.19,0.145,219.11,225.44,228.45,69.16,95.23,54.23,74.32,4.18,1.172,7.3,19.78,36.58,84.5,8.24,844.1,72.78,86.77,46.47,46.19,0
2026-04-01T21:50:12,IMM-04,MD-C03,PA6-GF30,DAY,17.69,77.34,0.164,235.3,245.37,251.31,75.97,101.39,61.3,67.08,4.89,1.173,7.47,17.74,35.22,83.6,8.53,833.8,68.37,89.9,48.71,44.02,0
2026-04-01T21:50:54,IMM-03,MD-A12,PA6-GF30,EVENING,30.14,47.11,0.18,229.76,235.39,239.54,80.49,98.25,58.38,65.3,4.05,1.177,8.76,17.3,35.97,88.2,7.88,849.8,79.14,94.96,47.67,44.53,0
2026-04-01T21:51:36,IMM-04,MD-A12,ABS,EVENING,18.94,56.15,0.089,207.4,213.58,218.07,68.08,93.53,56.24,77.18,5.04,1.013,7.45,15.81,33.2,74.5,7.8,856,61.11,59.69,44.46,47.73,0
2026-04-01T21:52:18,IMM-01,MD-B07,PA6-GF30,EVENING,24.64,52.54,0.109,218.45,225.94,230.49,72.15,113.31,67.42,70.28,4.67,1.338,8.72,18.08,37.11,79.1,7.99,773.6,87.88,115.75,52.2,49.53,0
2026-04-01T21:53:00,IMM-03,MD-A12,ABS,DAY,23.73,44.29,0.094,197.33,206.06,212.98,72.75,100.84,59.44,75.2,3.87,1.191,8.34,20.28,39.28,75.9,5.41,840.3,78.28,89.86,52.02,41,0
2026-04-01T21:53:42,IMM-02,MD-C03,PA6-GF30,EVENING,21.71,53.18,,228.89,235.58,242.77,75.74,112.86,63.48,63.86,5.17,1.318,7.19,20.37,36.67,87.6,11.44,854.7,95.78,126.96,40.17,56.58,0
2026-04-01T21:54:24,IMM-01,MD-A12,ABS,EVENING,23.21,39.28,0.12,201.07,209.8,216.68,66.48,91.34,55.05,67.32,4.06,1.218,8.39,17.5,35.83,66.2,9.52,851.8,61.4,71.36,49.84,38.09,0
2026-04-01T21:55:06,IMM-02,MD-C03,PP-GF20,DAY,25.49,45.05,0.041,206.96,216.83,219.82,71.34,94.4,55.4,80.42,6.41,1.273,6.55,17.34,33.04,89.2,7.97,889.9,70.98,99.03,49.83,42.15,0
2026-04-01T21:55:48,IMM-02,MD-B07,PA6-GF30,DAY,19.19,39.02,0.164,237.85,246.45,250.35,84.6,109.47,65.14,80.26,4.14,1.034,6.49,18.77,34.82,71.3,7.33,783.6,82.02,78.63,44.24,53.83,0
2026-04-01T21:56:30,IMM-03,MD-A12,PA6-GF30,DAY,23.15,59.5,0.257,228.99,234.68,234.51,74.29,103.71,61.53,75.92,4.96,1.193,7.79,20.84,37.11,74.9,9.12,858.8,81.68,93.98,46.87,51.87,1
2026-04-01T21:57:12,IMM-03,MD-A12,ABS,DAY,23.95,54.3,0.169,197.18,205.27,212.71,65.06,98.49,55.62,69.32,3.98,1.22,7.33,18.84,37.15,82.9,6.87,780.1,77.38,96.44,44.53,41.46,0
2026-04-01T21:57:54,IMM-01,MD-B07,ABS,DAY,21.97,32.6,0.079,205.58,209.46,210.84,73.32,103.32,62.78,65.05,4.17,1.127,8.75,17.42,35.66,80.5,6.94,815,76.1,80.02,48.34,44.63,0
2026-04-01T21:58:36,IMM-04,MD-C03,PP-GF20,NIGHT,20.2,50.91,0.121,213.98,219.53,229.62,65.19,98.82,51.86,65.62,2.96,1.266,6.01,17.7,32.24,92.5,8.26,896.7,76.58,98.43,53.58,39.28,1
2026-04-01T21:59:18,IMM-01,MD-B07,ABS,DAY,21.42,30.29,0.031,209.75,218.89,222.86,65.15,89.63,54.04,83.82,3.26,1.249,7.83,17.04,36.14,82.1,9.03,842.4,66.9,93.85,42.7,42.47,1
2026-04-01T22:00:00,IMM-03,MD-C03,PP-GF20,EVENING,19.29,45.47,0.187,215.98,223.9,230.1,60.79,104.44,58.49,63.41,3.72,1.322,7.93,20.6,38.07,68.1,8.43,850.4,77.61,111.5,47.03,38.83,0
2026-04-01T22:00:42,IMM-03,MD-A12,PA6-GF30,NIGHT,25.2,53.39,0.1,223.45,231.7,235.43,75.26,108.87,61.9,69.35,3.38,1.125,6.78,16.66,33.3,73.8,8.64,755.8,80.47,96.59,48.03,49.59,0
2026-04-01T22:01:24,IMM-03,MD-A12,ABS,DAY,30.13,66.07,0.02,208.35,213.07,218.02,72.93,95.05,54.23,54.18,4.05,1.354,8.36,19.6,37.56,74.1,10.24,826.1,71.55,90.92,52.36,46.07,0
2026-04-01T22:02:06,IMM-02,MD-B07,PP-GF20,DAY,21.3,45.04,0.151,222.07,226.19,232.56,65.1,102.41,57.84,82.49,5.21,1.209,8.21,17.03,35.86,74.6,8.29,801.9,80.78,98.69,47.28,46.61,0
2026-04-01T22:02:48,IMM-01,MD-C03,PP-GF20,DAY,30.02,33.42,0.096,213.49,220.64,229.91,68.26,103.12,54.66,73.88,3.68,1.102,8.16,19.59,37.55,83.8,7.69,828.3,86.65,83.57,43.97,40.96,0
2026-04-01T22:03:30,IMM-04,MD-A12,ABS,DAY,15.66,54.83,0.167,216.45,222.53,229.76,62.52,96.19,51.68,76.68,3.06,1.161,9.66,17.61,36.27,79.5,10.37,808.8,72.36,85.69,47.42,40.86,0
2026-04-01T22:04:12,IMM-04,MD-C03,PA6-GF30,DAY,20.98,53,0.118,226.41,230.18,235.17,78.65,114.22,69.65,64.33,3.79,1.263,7.93,18.7,36.32,81.7,8.8,938.4,85.77,102.67,40.24,55.93,0
2026-04-01T22:04:54,IMM-02,MD-C03,PA6-GF30,EVENING,24.31,48.08,0.136,215.18,222.74,229.87,77.27,106.31,61.95,75.41,3.28,1.382,8.04,19.53,37.11,98.9,8.93,864.6,74.35,101.09,48.13,44.54,0
2026-04-01T22:05:36,IMM-04,MD-C03,PP-GF20,DAY,24.21,64.77,0.048,208.61,214.3,217.62,69.8,92.65,53.76,72.15,4.36,1.502,7.74,21.93,40.69,86.2,9.48,840.1,69.08,108.17,46.55,49.36,0
2026-04-01T22:06:18,IMM-03,MD-C03,ABS,DAY,21.97,57.3,0.124,207.23,214.71,220.51,66.88,97.49,57.71,72.68,4.36,1.302,8.19,20.29,38.02,78.1,10.91,874.8,77.99,105.02,41.67,39.67,0
2026-04-01T22:07:00,IMM-01,MD-A12,ABS,DAY,21.47,58.36,0.072,209.69,220.05,226.56,72.87,92.49,51.73,71.67,4.44,1.074,8.3,15.04,32.16,87.9,7.61,787.9,72.56,76.92,48.03,43.09,0
2026-04-01T22:07:42,IMM-02,MD-C03,PP-GF20,DAY,24.71,51.63,0.112,214.29,222.28,226.65,59.32,93.32,53.99,63.63,3.38,1.173,8.25,19.46,37.54,72.9,8.33,875.1,74.98,87.27,41.62,42.45,0
2026-04-01T22:08:24,IMM-01,MD-A12,PP-GF20,DAY,24.5,68.52,0.15,213.6,226.49,230.47,64.53,98.53,54.01,67.27,3.88,1.162,8.39,18.51,37.88,73.6,9.62,858.9,78.91,96.24,43.29,44.31,1
2026-04-01T22:09:06,IMM-03,MD-B07,PA6-GF30,NIGHT,21.4,45.28,0.133,227.43,233.67,241.84,77.79,101.15,60.21,76.36,3.39,1.038,5.42,19.22,35.09,84,9.88,813,76.31,77.26,43.77,52.31,0
2026-04-01T22:09:48,IMM-02,MD-B07,ABS,EVENING,26.12,46.95,0.15,214.51,224.97,231.71,66.58,94.82,52.14,76.89,4.63,1.345,7.84,16.82,35.29,79.4,7.81,872.8,74,99.39,46.21,40.52,0
2026-04-01T22:10:30,IMM-04,MD-A12,PP-GF20,EVENING,22.81,45.6,0.138,211.09,222.37,226.68,65.52,79.08,51.02,81.49,5.26,1.014,8.83,17.59,37.11,78.4,9.34,747.8,57.66,57.7,46.41,43.24,0
2026-04-01T22:11:12,IMM-03,MD-B07,PA6-GF30,DAY,27.86,53.44,0.12,234.51,240.46,245.09,73.3,110.57,64.51,72.41,4.81,1.134,7.06,18.86,35.22,86.4,10.95,814.2,69.82,76.36,47.58,45.42,0
2026-04-01T22:11:54,IMM-01,MD-A12,ABS,EVENING,26.65,48.01,0.141,207.63,218.98,224.12,71.04,90.33,51.65,68.48,3.58,1.365,7.6,18.75,36.25,86.9,8.27,773.7,70.3,93.13,44.1,39.83,1
2026-04-01T22:12:36,IMM-03,MD-B07,ABS,DAY,31.28,43.88,0.088,205.1,216.38,221.49,59.06,101.32,61.36,77.28,4.72,1.224,6.81,19.78,36.6,79.3,8.57,877.2,,93.48,42.61,35.03,1
2026-04-01T22:13:18,IMM-03,MD-A12,PP-GF20,EVENING,27.92,43.54,0.164,210.16,216.16,225.28,69.18,95.95,56.18,70.49,3.98,1.096,8.17,17.97,35.51,85.9,10.9,861.8,73.64,76.87,48.87,45,0
2026-04-01T22:14:00,IMM-03,MD-B07,PP-GF20,DAY,21.06,45.44,0.168,214.44,222.11,231,71.88,84.47,52.62,81.44,3.4,1.29,7.7,17.88,36.27,79.6,6.81,829.9,63.16,87.55,48.91,45.25,0
2026-04-01T22:14:42,IMM-02,MD-B07,PA6-GF30,EVENING,29.42,61.26,0.169,219.84,230.81,233.24,75.18,97.78,58.69,80.11,3.6,1.303,7.07,17.15,33.13,77.9,7.12,847.8,76.76,95.39,40.32,48.46,0
2026-04-01T22:15:24,IMM-04,MD-A12,ABS,DAY,27.85,47.45,0.138,205.35,211.88,220.13,69.06,92.84,52.56,65.54,3,1.218,8.94,19.5,38.79,79.3,6.7,838.7,61.41,68.66,50.26,49.23,0
2026-04-01T22:16:06,IMM-03,MD-B07,PP-GF20,EVENING,19.4,50.39,0.189,225.08,234.77,240.19,65.76,99.24,54.78,65.42,4.41,1.171,6.53,17.82,33.92,82,9.59,762.1,71.21,79.19,43.64,46.14,0
2026-04-01T22:16:48,IMM-03,MD-C03,PP-GF20,NIGHT,23.46,63.54,0.18,218.5,227.16,232.41,67.62,95.4,53.52,68.85,3.38,1.384,8.28,20.45,38.56,87.8,8.47,840.8,76.72,104.74,44.52,40.95,0
2026-04-01T22:17:30,IMM-03,MD-A12,PA6-GF30,EVENING,24.59,64.14,0.202,230,241.65,244.17,75.31,109.18,65.5,66.48,3.98,1.389,8.93,19.73,38.26,82.4,9.6,815.5,82.05,117.04,48.53,53.63,1
2026-04-01T22:18:12,IMM-01,MD-B07,ABS,NIGHT,30.42,72.84,0.059,216.41,222.99,226.28,73.3,81.54,48.79,76.61,3.52,1.282,7.78,17.75,35.63,88.8,9.3,790.3,57.77,85.37,48.13,43.91,0
2026-04-01T22:18:54,IMM-02,MD-A12,PP-GF20,DAY,28.91,32.84,0.098,207.8,214.68,219.43,76.11,93.57,53.59,70.93,4.71,1.155,8.28,18.36,37.53,89.7,9.71,812.5,71.58,86.3,43.97,46.06,0
2026-04-01T22:19:36,IMM-01,MD-A12,PP-GF20,DAY,23.23,48.15,0.123,201.27,207.43,214.24,64.34,95.07,54.09,66.13,3.82,1.083,6.53,18.48,34.04,71.3,7.29,809.9,71.75,81.9,46.97,51.54,0
2026-04-01T22:20:18,IMM-01,MD-B07,PP-GF20,DAY,22.83,31.51,0.093,219.13,224.15,228.97,74.72,91.06,53.94,69.5,3.67,1.412,7.58,18.55,36.65,91.3,11.02,839.4,68.72,96.46,49.99,47.55,0
2026-04-01T22:21:00,IMM-01,MD-A12,PP-GF20,EVENING,27.95,41.67,0.114,207.02,215.22,222.48,69.1,84.45,51.18,84,3.76,1.202,8.57,19.47,38.51,85,8.19,747.2,68.08,89.83,39.07,41.41,1
2026-04-01T22:21:42,IMM-02,MD-C03,ABS,NIGHT,26.05,55.6,0.168,204.98,209.61,215.33,68.63,84.5,50.47,75.42,4.65,1.293,7.58,16.52,35.08,82.5,9.07,846.8,64.22,86.35,45.46,45.42,1
2026-04-01T22:22:24,IMM-01,MD-A12,PP-GF20,NIGHT,24.58,45.17,0.172,222.43,232.38,238.44,72.56,104.59,59.3,85.68,4.09,1.212,7.41,20.53,37.31,80.5,9.92,824.8,78.94,83.09,45.42,48.64,0
2026-04-01T22:23:06,IMM-03,MD-C03,PP-GF20,NIGHT,24.26,41.59,0.183,221.27,228.89,236.82,68.85,103.99,59.51,79.35,3.84,0.992,7.15,20.67,35.45,95.3,7.97,843.6,80.97,73.97,46.67,43.72,0
2026-04-01T22:23:48,IMM-02,MD-A12,PP-GF20,DAY,28.12,37.22,0.173,212.13,218.4,222.01,67.08,98.27,57.12,73.96,4.04,1.262,7.36,16.62,35.2,84.2,9,853.9,75.98,90.42,50.85,36.67,0
2026-04-01T22:24:30,IMM-03,MD-A12,PP-GF20,EVENING,23.69,51.5,0.071,213.87,225.51,229.34,73.21,86.56,52.52,65.35,3.76,1.259,6.3,19.91,35.28,90.6,9.1,834.3,63.97,76.34,48.31,41.41,0
2026-04-01T22:25:12,IMM-01,MD-B07,ABS,EVENING,26.81,65.8,0.2,214.21,223.5,227.86,68.99,84.46,44.54,80.81,3.61,1.256,7.38,18.61,37.41,98.2,10.47,835.6,57.44,75.93,44.03,37.68,0
2026-04-01T22:25:54,IMM-02,MD-B07,PA6-GF30,EVENING,25.2,42.85,0.075,222.85,228.65,233.87,75.97,99.07,58.41,81.77,4.56,1.081,8.71,18.5,36.7,85.3,10.42,786.5,70.75,80.41,47.98,48.41,0
2026-04-01T22:26:36,IMM-04,MD-B07,PP-GF20,NIGHT,19.36,27.13,0.104,211.3,220.11,225.22,72.58,92.15,61.55,82.06,3.2,1.202,6.98,17.14,34.09,80.3,8.54,877.4,68.61,86.92,49.24,47.71,0
2026-04-01T22:27:18,IMM-04,MD-B07,PP-GF20,NIGHT,28.86,47.68,0.095,214.73,222.49,228.15,74.01,90.95,55.31,93.05,3.81,1.086,7.93,20.55,38.13,73.2,10.62,793.3,74.12,76.73,46.87,39.1,1
2026-04-01T22:28:00,IMM-01,MD-C03,PP-GF20,DAY,23.47,42.02,0.095,213.55,225.26,227.28,70.8,97.61,62.47,53.1,3.47,1.301,8.18,18.37,36.06,89.3,6.82,809.4,68.88,82.57,46.7,36.26,0
2026-04-01T22:28:42,IMM-02,MD-C03,PA6-GF30,NIGHT,25.42,31.03,0.219,239.59,244.12,250.1,77.59,100.16,61.89,75.33,3.33,1.36,6.88,15.93,33.16,76.1,9.46,844.5,72.36,90.88,51.13,50.82,0
2026-04-01T22:29:24,IMM-03,MD-A12,PA6-GF30,EVENING,25.22,59.49,0.093,233.11,248.17,252.55,77.7,116.73,67.22,69.52,2.78,1.204,8.33,17.25,35.54,79.3,7.18,849,90,99.73,45.23,54.5,0
2026-04-01T22:30:06,IMM-02,MD-B07,ABS,DAY,18.67,50.97,0.074,203.46,212.69,218.06,70.8,86.12,45.32,77.8,3.92,1.133,8.79,19.15,38.7,80.2,8.78,811.6,62.53,69.47,41.57,49.69,0
2026-04-01T22:30:48,IMM-04,MD-A12,PA6-GF30,DAY,22.52,61.77,0.136,226.6,228.1,232.48,79.52,104.6,61.49,65.37,3.99,1.091,9.12,20.9,40.38,76.5,6.31,806.9,78.08,75.11,48.02,47.47,1
2026-04-01T22:31:30,IMM-04,MD-A12,PP-GF20,NIGHT,23.02,60.09,0.144,219.07,228.47,232.38,71.77,100.34,55.07,74.38,4.63,1.298,9.21,16.74,34.08,66.2,10.38,834.8,74.84,93.79,47.91,45.87,0
2026-04-01T22:32:12,IMM-04,MD-C03,ABS,NIGHT,23.79,43.07,0.121,211.84,217.59,225.32,67.06,96.83,53.67,79.76,5.39,1.276,8.36,19.65,37.93,82.3,9.2,834.6,,93.66,42.76,44.63,0
2026-04-01T22:32:54,IMM-01,MD-A12,ABS,EVENING,24.7,37.83,0.146,198.59,205.15,211.8,71.73,91.05,53.25,65.5,5.32,1.19,8.17,20,37.55,96.4,8.95,797.9,70.53,85,44.52,46.26,0
2026-04-01T22:33:36,IMM-04,MD-A12,PA6-GF30,DAY,23.7,54.36,0.093,232.44,243.21,250.41,76.6,108.32,65.89,82.57,5.03,1.282,8.05,19.26,37.29,92.7,8.08,845.6,79.56,94.36,41.98,43.03,0
2026-04-01T22:34:18,IMM-03,MD-C03,ABS,EVENING,27.76,78.13,0.15,219.41,227.06,231.8,61.89,99.18,58.14,78.9,3.83,1.252,8.16,16.83,34.44,74.3,9.63,886.7,77.13,98.69,42.44,37.23,0
2026-04-01T22:35:00,IMM-01,MD-C03,PA6-GF30,EVENING,22.67,43.45,0.197,234,241.52,246.66,79.26,104.6,58.13,66.21,5.5,1.444,7.41,18.72,37.23,84.7,7.09,880.7,79.52,105.64,46.51,52.39,1
2026-04-01T22:35:42,IMM-03,MD-B07,PP-GF20,EVENING,22.79,65.53,0.094,218.54,222.32,225.32,64.09,99.83,58.68,69.48,3.35,1.294,7.16,18.31,35.7,85.6,9.18,812.1,74.33,91.54,46.59,34.47,1
2026-04-01T22:36:24,IMM-04,MD-B07,PP-GF20,EVENING,29.91,58.83,0.123,212.48,217.55,222.28,64.3,95.57,53.09,65.45,5.47,1.216,8.84,17.62,36.97,81.2,6.77,803,77.97,97.11,48.59,43.79,0
2026-04-01T22:37:06,IMM-03,MD-B07,ABS,NIGHT,31.14,33.51,0.184,205.52,211.87,220.69,66.36,97.88,60.66,76.16,3.87,1.303,7.17,14.26,30.92,86.1,8.62,836.3,74.65,106.2,45.24,42.91,0
2026-04-01T22:37:48,IMM-03,MD-C03,ABS,DAY,18.61,38.32,0.192,213.53,216.99,223.28,69.61,88.21,47.82,64.3,4.03,1.564,9.46,20.34,41.11,76.7,8.06,908.4,71.41,103.82,44.93,42.7,1
2026-04-01T22:38:30,IMM-01,MD-C03,PP-GF20,NIGHT,18.09,44.08,0.116,212.81,217.84,223.63,66.05,104.37,63.23,75.13,2.63,1.292,8.9,18.36,38.22,90.9,9.81,880.6,,92.45,47.58,39.5,1
2026-04-01T22:39:12,IMM-01,MD-B07,ABS,NIGHT,26.38,64.1,0.158,213.33,220.39,223.07,67.28,89.27,50.37,70.34,3.78,1.056,7.89,17.02,34.68,70.2,10.44,860.5,64.49,73.09,41.7,40.77,0
2026-04-01T22:39:54,IMM-03,MD-C03,PA6-GF30,DAY,31.63,62.08,0.152,232.08,237.07,242.07,81.67,100.36,58.59,67.75,4.16,1.402,10.16,17.83,37.8,82.8,6.86,837.9,78.88,112.22,46.64,51.64,0
2026-04-01T22:40:36,IMM-04,MD-B07,PA6-GF30,DAY,27.44,48.92,0.191,222.95,226.99,235.12,73.85,94.7,58.8,82.54,4.16,1.014,9.13,15.05,33.5,93.2,6.64,766.5,72.33,83.21,46.31,49.28,0
2026-04-01T22:41:18,IMM-01,MD-B07,PA6-GF30,DAY,24.64,37.94,0.113,226.24,236.44,243.16,72.16,106.4,61.35,69.36,2.84,1.139,7.32,18.05,34.38,88.9,8.7,810.2,78.77,82.75,41.47,48.61,0
2026-04-01T22:42:00,IMM-04,MD-B07,PP-GF20,EVENING,25.99,53.27,,220.96,231.06,235.52,68.53,86.38,57.37,83.26,3.92,1.237,8.96,16.21,35.71,95.9,8.1,847.1,65.85,84.25,48.28,40.88,0
2026-04-01T22:42:42,IMM-03,MD-C03,PP-GF20,DAY,26.56,70.65,0.176,215.31,219.53,226,73.47,91.93,57.08,80.11,3.77,1.181,7.34,21.12,37.84,79.4,11.98,802.1,65.85,82.89,39.96,36.59,0
2026-04-01T22:43:24,IMM-01,MD-A12,PP-GF20,NIGHT,20.97,33.07,0.109,210.48,213.71,218.53,66.59,96.35,55.02,85.74,3.35,1.192,8.41,20.11,38.97,86.3,7.72,806.2,76.42,89.51,49.42,45.12,0
2026-04-01T22:44:06,IMM-04,MD-B07,PA6-GF30,NIGHT,22.37,50.28,0.123,236.68,243.7,252.82,72.9,94.76,54.96,85.47,3.01,1.426,6.44,18.46,34.61,93.1,8.91,802.4,73.44,101.51,46.18,48.87,0
2026-04-01T22:44:48,IMM-03,MD-B07,ABS,DAY,29.42,64.88,0.235,207.11,216.9,221.79,67.19,87.99,49.4,70.68,3.94,1.116,7.52,15.71,33.73,80.5,6.79,789.4,69.89,74.62,44.94,52.65,1
2026-04-01T22:45:30,IMM-02,MD-B07,ABS,EVENING,23.83,33.67,0.086,216.13,225.03,230.38,72.53,99.32,58.08,64.4,3.5,1.065,7.87,16.86,33.68,75.1,8.59,812.4,74.91,80.92,46.34,38.43,0
2026-04-01T22:46:12,IMM-02,MD-B07,PA6-GF30,EVENING,24.66,55.89,0.135,228.84,236.5,243.6,74.87,81.37,47.31,78.21,4.02,1.163,7.5,19.66,36.58,77.3,8.45,852.7,62.94,76.74,45.33,46.34,0
2026-04-01T22:46:54,IMM-04,MD-A12,PA6-GF30,DAY,20.71,63.26,0.142,229.02,231.29,238.26,75.14,98.76,61.12,68.29,4.56,1.073,6.94,17.77,34.81,64.5,7.71,813.6,75.21,69.68,45.48,40.37,0
2026-04-01T22:47:36,IMM-03,MD-B07,PA6-GF30,NIGHT,20.07,35.83,0.226,226.72,232.46,236.76,75.99,106.46,58.17,64.24,3.91,1.041,7.39,18.82,36.57,94.4,9.2,781.3,85.07,91.85,49.51,53.83,1
2026-04-01T22:48:18,IMM-03,MD-A12,PP-GF20,NIGHT,23.52,59.78,0.138,206.33,212.1,214.09,66.99,96.53,51.64,85.01,3.7,1.242,6.98,19.55,35.94,75.5,8.87,800.8,65.01,77.3,43.6,44.94,0
2026-04-01T22:49:00,IMM-04,MD-C03,PA6-GF30,EVENING,27.38,63.43,0.106,235.23,239.84,247.44,76.57,111.52,67.31,82.41,3.99,1.235,7.7,20.45,37.58,79.2,8.66,870.3,92.38,112.96,46.1,50.48,0
2026-04-01T22:49:42,IMM-04,MD-C03,ABS,NIGHT,23.74,37.8,0.05,214.2,225.46,230.3,62.9,102.54,57.27,62.62,3.79,1.404,7.72,22.27,39.71,83.2,7.35,778.8,76.41,106.56,48.46,41.3,0
2026-04-01T22:50:24,IMM-04,MD-B07,PP-GF20,NIGHT,23.12,47.63,0.065,216,222.73,227.43,69.65,88.78,47.88,69.67,4.84,1.219,7.93,18.21,35.72,83.2,7.42,806.8,63.64,82.59,50.07,40.74,1
2026-04-01T22:51:06,IMM-02,MD-B07,PP-GF20,EVENING,25.54,29.13,0.13,208.78,216.42,226.08,68,114.48,67.74,71.08,4.84,1.207,8.8,17.56,36.63,86.5,9.24,843.5,86.44,99.79,47.86,44.87,0
2026-04-01T22:51:48,IMM-02,MD-A12,ABS,NIGHT,21.35,55.07,0.199,210.81,216.46,223.9,63.96,88.96,53.41,81.36,5.67,1.154,7.37,17.99,36,81.9,8.54,861.1,62.98,70.42,47.22,41.93,1
2026-04-01T22:52:30,IMM-02,MD-B07,ABS,EVENING,25.33,67.56,0.16,207.65,215.01,220.55,78.96,91.32,52.99,79.78,4.58,1.35,5.64,19.6,35.16,84.8,11.46,855.6,70.19,97.7,40.65,47.82,1
2026-04-01T22:53:12,IMM-01,MD-A12,ABS,NIGHT,19.19,49.28,0.097,206.25,212.72,219.81,69.73,92.79,53.23,70.16,4.22,1.331,8.35,17.58,35.97,97.8,7.14,827.9,71.56,101.47,44.54,45.85,1
2026-04-01T22:53:54,IMM-04,MD-C03,PP-GF20,DAY,18.26,50.26,0.112,217.03,226.03,234.51,66.28,100.24,56.73,72.61,4.52,1.283,7.16,20.16,39.39,67.2,9.96,900.2,80.2,103.65,43.84,37.17,0
2026-04-01T22:54:36,IMM-02,MD-A12,ABS,EVENING,25.38,42.72,0.135,205.83,215.55,222.51,64.93,97.5,51.81,82.4,4.57,1.193,7.06,17.54,34.76,83.9,10.1,820.7,73.52,81.16,45.54,50.86,0
2026-04-01T22:55:18,IMM-03,MD-A12,PA6-GF30,EVENING,22.45,67.38,0.268,239.87,249.34,254.69,73,87,50.62,64.5,4.19,1.08,7.66,20.13,36.69,87.8,11.06,865.6,61.94,69.99,46.76,57.6,1
2026-04-01T22:56:00,IMM-04,MD-B07,PP-GF20,NIGHT,24.2,35.08,0.072,200.13,208.33,211.56,71.36,81.84,47.82,71.11,4.45,1.164,7.47,17.99,35.42,76.3,8.12,864.3,57.67,76.64,45.68,42.92,0
2026-04-01T22:56:42,IMM-01,MD-B07,PP-GF20,EVENING,29.23,50.27,0.161,206.08,217.39,221.73,72.96,92.81,51.98,69.19,4.59,1.253,7.8,16.92,33.97,96.1,9.68,823.5,79.3,101.93,43.29,37.76,0
2026-04-01T22:57:24,IMM-04,MD-B07,ABS,DAY,21.64,39.54,0.151,218.24,224.13,225.95,64.84,96.26,56.3,81.97,2.97,1.213,8.11,18,36.15,88.9,10.6,855.9,73.83,91.49,50.66,35.48,1
2026-04-01T22:58:06,IMM-01,MD-C03,ABS,DAY,26.88,68.37,0.143,205.72,216.1,220.48,68.64,90.08,48.15,71.07,2.95,1.166,8.88,20.68,38.02,85.2,9.65,890.5,73.25,74.5,43.77,45.68,1
2026-04-01T22:58:48,IMM-03,MD-A12,PA6-GF30,DAY,28.71,48.56,0.184,231.91,239.16,240.05,84.02,96.04,58.45,73.77,4.58,1.275,7.21,15.34,32.09,99.3,8.44,816.7,72.05,88.48,50.49,52.76,0
2026-04-01T22:59:30,IMM-04,MD-A12,PA6-GF30,DAY,27.48,46.69,0.184,234.74,236.09,242.77,83.66,104.27,58.63,70.42,3.93,1.275,8.08,18.99,36.93,81.1,8.37,797.8,82.88,111.03,45.14,50.76,0
2026-04-01T23:00:12,IMM-03,MD-B07,PP-GF20,DAY,27.51,44.81,0.176,222.6,226.36,230.48,63.07,99.88,62.15,62.9,3.28,1.254,8.57,24,42.66,80.1,9.83,799.7,80.27,96.87,52.33,56.01,0
2026-04-01T23:00:54,IMM-01,MD-C03,PP-GF20,DAY,26.87,47.82,0.151,216.34,223.04,227.73,78.19,94.79,58.1,71.2,4.72,1.405,7.33,19.83,37.22,84,7.77,867.6,66.86,95.14,47.06,38.36,0
2026-04-01T23:01:36,IMM-04,MD-C03,ABS,DAY,23.42,40.14,0.155,206.26,211.4,217.04,67.96,100.45,57.95,74.29,5.2,1.664,8.11,19.21,37.69,86.6,9.42,876.4,75.67,135.98,38.12,46.42,0
2026-04-01T23:02:18,IMM-03,MD-B07,PA6-GF30,DAY,22.61,68.45,0.214,227.57,237.2,245.27,68.55,88.96,53.25,71.85,4.32,1.118,6.13,18.87,35.53,83.7,8.72,868.5,69.94,86.98,48.32,39.22,0
2026-04-01T23:03:00,IMM-03,MD-C03,PP-GF20,DAY,29.99,57.52,0.152,218.42,221.73,229.41,67.07,104.33,59.12,84.17,2.49,1.254,8.73,18.92,38.3,85.1,8.13,892.9,71.65,87.48,44.09,38.6,1
2026-04-01T23:03:42,IMM-04,MD-C03,PA6-GF30,NIGHT,25.97,47.67,0.19,226.24,236.3,243.89,74.06,103.25,61.74,79.22,4.39,1.124,7.5,20.58,35.66,89.6,8.75,883.2,70.93,80.86,52.34,45.98,0
2026-04-01T23:04:24,IMM-03,MD-A12,ABS,DAY,27.27,42.95,0.116,215.41,225.91,230.7,60.91,87.28,46.46,88.33,4.19,1.398,7.67,18.07,36.92,76.6,7.47,835.8,59.31,85.11,47.93,46.22,0
2026-04-01T23:05:06,IMM-02,MD-B07,PP-GF20,DAY,21.94,65.94,0.08,210.86,215.59,223.6,65.97,88.98,54.89,77.4,3.4,1.114,7.01,21.74,39.02,86.9,7.89,800.7,61.47,77.33,44.44,41.73,0
2026-04-01T23:05:48,IMM-01,MD-A12,PP-GF20,EVENING,30.94,55.54,0.12,217.67,225.04,229.46,69.93,100.62,58.73,77.03,3.89,1.051,7.65,16.02,33.69,88,7.52,816.2,78.09,81.3,42.85,40.47,0
2026-04-01T23:06:30,IMM-04,MD-C03,PA6-GF30,EVENING,22.57,44.05,0.191,216.85,226.1,231.02,76.46,98.19,59.44,75.72,3.84,1.285,6.6,20.07,36.43,86.2,9.03,855,76.96,95.37,48.15,48.71,0
2026-04-01T23:07:12,IMM-02,MD-B07,PP-GF20,EVENING,25.45,51.19,0.085,222.32,231.34,235.16,58.16,102.76,57.83,74.15,4.62,1.156,8.68,16.5,35.08,86.1,8.56,833,77.87,96.41,50.01,39.58,1
2026-04-01T23:07:54,IMM-02,MD-C03,PP-GF20,EVENING,27.4,49.26,0.087,207.62,214.83,218.22,66.18,97.75,53.88,74.06,3.18,1.089,8.85,20.54,38.07,80.4,7.72,861,,87.92,48.17,52.57,1
2026-04-01T23:08:36,IMM-03,MD-B07,ABS,DAY,29.75,48.27,0.11,215.13,222.11,230.01,67.74,80.98,46.15,83.67,4.12,1.161,6.9,18.74,34.94,78.9,7.62,809.8,66.36,78.73,51.92,40.21,0
2026-04-01T23:09:18,IMM-03,MD-A12,ABS,DAY,26,38.81,0.13,217.44,227.57,233.39,73.75,87.96,51.42,68.26,3.69,1.04,7.55,19.28,35.48,83,11.32,803.5,64.57,63.32,38.24,42.92,0
2026-04-01T23:10:00,IMM-01,MD-B07,ABS,EVENING,22.99,60.67,0.15,210.84,219.32,225.05,70.81,90.45,47.56,77.71,2.49,1.162,7.26,16.98,34.02,90.7,7.49,808.9,66.48,81.95,44.96,50.62,0
2026-04-01T23:10:42,IMM-03,MD-A12,ABS,EVENING,26.08,40.72,0.125,221.79,230.62,232.25,66.38,95.26,56.34,90.85,3.91,1.244,8.49,16.02,33.57,72,8.34,800.5,74.76,89.77,46.38,36.98,0
2026-04-01T23:11:24,IMM-01,MD-C03,PP-GF20,NIGHT,23.08,37.67,0.134,212.05,220.45,228.15,70.55,84.17,46.39,75.35,3.17,1.458,8.24,19.54,36.83,78.7,11.11,871.2,67.73,91.03,49.84,40.45,0
2026-04-01T23:12:06,IMM-01,MD-A12,PP-GF20,EVENING,21.64,52.81,0.124,216.26,222.2,227.08,75.24,94.48,61.37,82.35,3.57,1.075,8.33,19.12,37.73,77.6,8.11,832.3,71.36,78.89,41.24,44.62,0
2026-04-01T23:12:48,IMM-03,MD-A12,PA6-GF30,EVENING,24.42,39.92,0.164,224.89,235.05,237.88,75.5,98.25,58.16,76.86,2.76,1.158,8.18,21.71,38.76,86.9,9.51,814.6,71.73,88.45,41.56,51.06,0
2026-04-01T23:13:30,IMM-02,MD-B07,PP-GF20,NIGHT,27.34,42.26,0.135,223.03,229.76,235.04,67.32,95.98,58.25,66.46,3.59,1.11,7.24,17.41,34.56,79.6,8.4,822.6,75.42,88.97,50.81,45.11,0
2026-04-01T23:14:12,IMM-04,MD-A12,ABS,DAY,22.67,32.83,0.163,201.85,205.49,210.52,65.85,99.58,63.25,62.49,3.77,1.252,8.67,15.03,33.49,67.3,7.81,801.7,72.4,92.47,43.27,44.18,0
2026-04-01T23:14:54,IMM-04,MD-B07,PA6-GF30,EVENING,20.73,30.69,0.121,228.49,238.13,241.95,76.24,94.87,59.36,79.7,2.68,1.264,7.68,20.24,36.48,88,8.88,870.7,85.52,116.76,47.12,42.65,0
2026-04-01T23:15:36,IMM-02,MD-B07,ABS,DAY,19.8,42.71,0.188,216.69,227.55,234.5,72.03,91.32,47.8,77.95,4.68,1.395,8.75,21.24,40.55,87.2,6.89,891.3,73.63,98.13,40.26,38.28,0
2026-04-01T23:16:18,IMM-03,MD-A12,PP-GF20,DAY,24.95,51.86,0.07,213.04,223.44,230.36,70.27,93.48,53.23,75.57,4.34,1.24,8.93,18.26,36.41,85.6,8.81,858.9,67.26,87.63,46.3,43.81,0
2026-04-01T23:17:00,IMM-04,MD-B07,PP-GF20,DAY,21.11,73.57,0.139,220.12,227.11,231.5,66.85,100.91,55.65,78.42,3.11,1.119,7.84,19.22,37.52,76.3,9.58,819.8,80.99,96.25,46.68,46.52,0
2026-04-01T23:17:42,IMM-02,MD-C03,PP-GF20,DAY,26.29,54.11,0.157,214.49,218.14,223.48,72.08,104.05,62.56,73.9,3.72,1.338,8.7,18.15,35.15,87.6,7.94,869.3,75.75,90.16,51.43,49.6,0
2026-04-01T23:18:24,IMM-02,MD-A12,PP-GF20,NIGHT,25.59,67.1,0.101,224.07,237.28,241.4,74.24,95.35,57.19,75.51,5.23,1.13,7.98,18.47,35.44,90.4,8.22,813.5,74.31,83.59,45.03,42.08,0
2026-04-01T23:19:06,IMM-04,MD-C03,PP-GF20,EVENING,18.68,32.35,0.153,225.78,236.38,240.85,61.6,99.4,57.01,69.31,4.87,1.155,7.13,20.23,36.74,72.3,7.88,795,80.79,103.53,39.85,35.29,0
2026-04-01T23:19:48,IMM-01,MD-B07,PP-GF20,EVENING,28.21,62.78,0.05,214.62,222.27,227.66,66.54,90.11,50.72,79.78,4.13,1.095,8.07,21.71,39.14,77,10.13,861.5,62.16,66.15,47.59,37.25,0
2026-04-01T23:20:30,IMM-03,MD-A12,PP-GF20,EVENING,24.37,48.79,0.071,211.74,218.91,225.48,68.13,92.99,53.19,74.54,4.22,1.242,7.52,18.51,36.53,106.5,9.34,857.2,69.4,77.04,48.3,47.93,0
2026-04-01T23:21:12,IMM-03,MD-C03,PP-GF20,DAY,32.14,53.47,0.082,219.17,223.81,230.13,75.99,98.5,59.07,77.02,4.72,1.234,8.02,18.11,35.81,73.6,8.3,852.7,74.78,86.22,53.56,49.54,0
2026-04-01T23:21:54,IMM-02,MD-A12,ABS,EVENING,25.38,48.07,0.16,215.16,218.66,223.29,71.71,90.63,56.39,80.3,4.24,1.295,7.46,19.51,37.54,61.9,8.4,786.3,69.25,100.07,49.41,43.45,0
2026-04-01T23:22:36,IMM-03,MD-A12,PP-GF20,EVENING,25.49,56.38,,211.96,216.73,221.69,66.15,91.41,61.57,71.15,2.82,1.06,7.9,17.91,36.3,84,7.38,810.3,65.72,70.82,54.86,38.65,0
2026-04-01T23:23:18,IMM-03,MD-B07,PP-GF20,DAY,24.7,50.45,0.155,212.9,215.45,219.7,63.03,104.37,62.35,75.22,3.96,0.807,7.9,14.45,31.67,88.7,8.46,805.4,73.89,60.98,42.51,44,0
2026-04-01T23:24:00,IMM-04,MD-C03,PA6-GF30,DAY,15.42,79.45,0.218,234.44,242.78,247.69,78,97.01,54.92,78.3,4.71,1.282,7.87,22.74,40.73,86.8,8,850.1,73,105.44,46.62,53.9,1
2026-04-01T23:24:42,IMM-03,MD-B07,PA6-GF30,EVENING,33.44,47.82,0.161,242.79,248.53,255.98,77.31,101.03,58.81,75.74,3.8,1.229,7.44,17.06,33.09,80.1,7.76,830.8,77.65,101.85,46.43,51.24,0
2026-04-01T23:25:24,IMM-03,MD-B07,PP-GF20,NIGHT,25.44,49.29,0.059,218.69,229.8,237.31,65.16,86.16,48.08,79.66,5.08,1.041,7.58,16.6,34.46,78.9,8.07,852.2,68.15,69.84,47.04,43.7,1
2026-04-01T23:26:06,IMM-02,MD-C03,PP-GF20,NIGHT,28.02,60.82,0.102,215.68,218.06,225.48,71.32,81.52,44.88,73.79,4.72,1.305,7.5,19.08,34.77,82.1,10.36,907.9,68.47,90.47,43.95,40.2,0
2026-04-01T23:26:48,IMM-04,MD-A12,ABS,EVENING,26.39,42.47,0.1,207.76,216.1,220.53,64.99,98.27,57.53,75.46,3.52,1.459,8.42,18.02,35.27,70.3,9.05,822.8,77.09,117.5,44.03,43.12,0
2026-04-01T23:27:30,IMM-01,MD-A12,ABS,EVENING,21.69,30.57,0.149,220.47,226.04,231.97,69.46,82.24,49.01,66.95,3.9,1.083,8.35,16.36,35.83,68,7.59,787.5,62.36,69.91,39.72,45.39,0
2026-04-01T23:28:12,IMM-02,MD-B07,PP-GF20,DAY,28.93,58.55,0.098,226.1,235.29,240.47,72.29,97.63,57.68,86.07,2.5,1.216,8.16,17.04,35.98,85.1,6.29,821.3,73.53,93.65,44.53,49.54,0
2026-04-01T23:28:54,IMM-01,MD-C03,PA6-GF30,EVENING,27.18,40.05,0.214,238.85,250.76,258.85,73.73,86.77,49.84,65.41,2.88,1.172,7.73,18.74,36.27,84.5,8.79,831.2,65.79,71.64,49.54,48.2,0
2026-04-01T23:29:36,IMM-01,MD-A12,PA6-GF30,DAY,28.4,59.44,0.195,235.13,242.22,248.58,73.91,102.14,56.31,66.16,4.19,1.424,8.13,18.03,36.6,83.9,9.97,830.9,78.82,111.45,38.01,46.07,0
2026-04-01T23:30:18,IMM-03,MD-C03,ABS,EVENING,26.93,58.93,0.139,213.82,224.16,227.86,65.74,98.2,60.26,77.05,2.07,1.349,7.49,21.36,39.24,103,9.07,836.9,72.26,105.63,43.78,46.81,1
2026-04-01T23:31:00,IMM-01,MD-A12,PP-GF20,DAY,24.22,37.12,0.14,217.56,226.59,236.91,71.42,100.15,56.23,77.86,4.14,1.205,7.93,14.72,31.78,90.6,8.93,840.6,78.72,97.24,49.26,43.32,0
2026-04-01T23:31:42,IMM-04,MD-C03,PP-GF20,DAY,21.15,40.46,0.078,215.07,222.92,226.23,70.45,109.66,62.48,70.5,4.03,1.086,6.75,18.88,34.29,70.9,8.94,879.2,80.47,81.51,49.22,37.92,0
2026-04-01T23:32:24,IMM-03,MD-A12,PA6-GF30,EVENING,21.2,42.02,0.116,223.99,234.83,240.77,69.13,98.49,58.85,75.72,4.02,1.101,6.38,16.68,32.67,85.7,11.02,846.2,74.66,81.56,43.62,48.5,0
2026-04-01T23:33:06,IMM-03,MD-B07,PA6-GF30,DAY,20.56,56.61,0.114,230.62,240.82,245.73,69.36,103.98,63.78,67.84,2.68,0.946,7.55,18.3,35.66,74.1,11.97,854.9,81.19,70.32,47.72,52.32,0
2026-04-01T23:33:48,IMM-01,MD-B07,ABS,EVENING,21.73,56.16,0.093,210.88,220.16,225.56,64.74,89.94,45.63,70.53,2.62,1.292,8.66,19.62,37.75,80.4,7.25,871.7,67.3,92.19,46.88,42.73,1
2026-04-01T23:34:30,IMM-03,MD-B07,PP-GF20,DAY,28.77,61.04,0.159,221.31,230.9,239.08,75.87,90.72,57.75,74.92,4.17,1.096,8.33,17.14,35.07,78.6,9.49,808.5,72.86,69.62,49.06,44.02,0
2026-04-01T23:35:12,IMM-04,MD-B07,PP-GF20,NIGHT,28.24,20,0.147,211.61,214.77,218.03,69.07,98.34,59.05,75.76,3.92,1.165,7.82,18.37,35.71,80.6,8.38,825.7,60.82,82.4,47.36,40.52,0
2026-04-01T23:35:54,IMM-01,MD-A12,ABS,EVENING,27.71,20,0.119,214.99,223.45,226.06,76.66,94.61,58.2,61.87,3.29,1.354,6.24,17.86,34.43,86.6,8.08,807.3,77.71,103.58,46.91,44.67,0
2026-04-01T23:36:36,IMM-03,MD-A12,ABS,DAY,31.19,29.18,0.145,209.89,215.29,220.45,64,93.46,51.85,69.08,3.15,1.419,8.83,20.61,39.86,87.8,10.03,806.9,77.28,104.6,45.95,43.06,0
2026-04-01T23:37:18,IMM-04,MD-A12,ABS,DAY,23.21,50.32,0.081,205.02,208.93,214.28,73.58,98.51,59.02,72.28,4.69,1.37,7.46,17.78,34.07,90.1,8.7,790.9,71.84,94.85,45.89,40.11,0
2026-04-01T23:38:00,IMM-03,MD-C03,PA6-GF30,NIGHT,21.85,29.98,0.087,222.46,230.83,241.06,76.85,109.72,67.81,75.16,4.01,1.136,7.19,21.33,39.8,88.2,8.45,917.3,87.31,97.49,49.58,53.01,0
2026-04-01T23:38:42,IMM-02,MD-A12,PA6-GF30,DAY,15.58,46.75,0.209,231.82,236.97,243.3,79.29,101.71,60.3,78.13,6.02,1.094,8.42,17.77,35.54,70.7,8.78,797.9,77.95,89.5,39.22,54.78,0
2026-04-01T23:39:24,IMM-03,MD-A12,PP-GF20,DAY,30.58,56.35,0.141,209.19,219.04,224.05,71.25,84.28,51.95,66.29,3.72,1.117,8.02,19.65,37.28,66.3,8.08,782.2,61.95,72.36,44.75,34.42,0
2026-04-01T23:40:06,IMM-03,MD-A12,PP-GF20,DAY,21.36,58.06,0.078,210.05,218.28,223.33,76.16,99.22,57.89,61.52,3.51,1.272,7.64,18.53,35.72,80.9,10.14,732.7,68.93,79.65,46.24,47.14,0
2026-04-01T23:40:48,IMM-01,MD-B07,PP-GF20,DAY,29.61,46.92,0.129,215.37,230.48,240.69,70.45,99.51,56.66,73.32,2.69,1.17,7.55,18.6,36.29,90.9,9.36,817.7,79.33,89.8,47.52,34.51,0
2026-04-01T23:41:30,IMM-03,MD-A12,ABS,EVENING,26.49,43.63,0.141,199.82,202.7,207.96,73.76,92.86,53.9,74.83,4.22,1.108,7.89,14.86,32.68,81.3,9.48,803.9,75.79,88.91,49.92,46.29,0
2026-04-01T23:42:12,IMM-03,MD-B07,PP-GF20,DAY,21.17,43.2,0.119,219.14,223.5,229.19,69.09,97.17,50.52,73.81,3.72,1.294,7.42,17.42,34.34,91.3,8,853.5,76.93,96.5,45.1,47.38,0
2026-04-01T23:42:54,IMM-03,MD-B07,PP-GF20,EVENING,29.39,47.29,0.178,219.52,229.76,239.25,65.65,100.19,59.47,70.72,5.15,1.156,7.94,18.39,37.1,75,10.3,814.8,83.8,92.37,51.66,44.47,0
2026-04-01T23:43:36,IMM-03,MD-C03,PA6-GF30,DAY,22.69,32.65,0.148,234.49,241.63,247.65,71.52,110.87,58.77,84.97,5.24,1.473,8.62,18.53,37.44,92.2,8.15,908.4,87.61,126.34,46.94,41.68,1
2026-04-01T23:44:18,IMM-04,MD-C03,PA6-GF30,NIGHT,28.62,51.95,0.127,229.56,237.07,244.09,77.11,106,68.62,70.9,5.17,1.107,8.89,20.43,38.69,92.6,5.55,896.8,81.05,88.16,50.46,51.79,0
2026-04-01T23:45:00,IMM-01,MD-A12,PP-GF20,DAY,23.85,30.1,0.105,219.18,224.7,228.46,68.87,96.29,58.46,87.54,3.81,1.422,7.69,19.9,39.07,86.7,7.62,792.8,74.98,112.23,44.25,47.6,0
2026-04-01T23:45:42,IMM-03,MD-A12,ABS,EVENING,21.11,59.7,0.226,205.51,213.19,221.08,71.37,98.11,57.46,72.34,4.51,1.098,8.45,16.18,33.78,88.8,7.57,858.5,71.64,78.75,50,43.62,0
2026-04-01T23:46:24,IMM-01,MD-A12,PA6-GF30,NIGHT,21.57,56.26,0.217,224.03,232.51,239.36,79.66,98.4,60.29,82.23,3.71,1.404,7.18,16.78,34.21,86.2,9.44,792.9,82.57,112.7,43.53,51.59,1
2026-04-01T23:47:06,IMM-02,MD-B07,PP-GF20,NIGHT,22.05,48.39,0.092,208.55,220.14,225.16,75.34,98.3,55.52,80.45,4.29,1.281,8.04,18.9,35.41,69.2,7.35,780.7,75.03,95.01,44.26,43.77,0
2026-04-01T23:47:48,IMM-04,MD-A12,PA6-GF30,NIGHT,25.65,71.84,0.186,221.13,225.9,229.8,80.12,108.37,64.01,70.45,5.87,1.092,8.74,16.16,34.28,99.3,8.37,828.2,76.98,79.51,49.02,46.15,1
2026-04-01T23:48:30,IMM-01,MD-A12,PP-GF20,NIGHT,26.9,58.03,0.076,210.55,220.6,222.58,72.7,83.93,48.76,76.1,4.61,1.183,7.82,18.03,34.53,84.9,8.54,828.5,67.36,75.33,48.89,41.35,0
2026-04-01T23:49:12,IMM-03,MD-B07,PP-GF20,EVENING,19.27,48.04,0.15,220.9,231.78,238.42,71.03,81.98,47.08,77.14,3.48,0.898,7.94,16.9,34.09,78.4,10.71,839.1,56.26,45.79,42.8,43.48,0
2026-04-01T23:49:54,IMM-02,MD-C03,PA6-GF30,EVENING,19.34,47.65,0.198,225.83,231.15,238.37,71.84,110.52,62.86,80.3,4.71,1.263,7.99,18.72,35.57,79.8,9.41,866.6,80.97,105.94,45.69,49.03,1
2026-04-01T23:50:36,IMM-04,MD-A12,ABS,NIGHT,26.56,50.61,0.112,209.01,217.64,220.81,69.8,97.76,55.57,75.35,3.13,1.11,8.35,16.76,34.97,75.8,7.09,866.3,75.83,92.58,51.36,46.15,0
2026-04-01T23:51:18,IMM-03,MD-B07,PP-GF20,NIGHT,25.5,67.2,0.092,217.88,219.8,225.3,69.11,104.33,56.11,77.15,3.82,1.068,7.78,17.17,34.63,95.1,10.78,877.9,81.84,90.85,50.27,41.01,0
2026-04-01T23:52:00,IMM-04,MD-A12,PA6-GF30,DAY,28.04,58.32,0.077,232.05,240.6,246.11,77.17,104.37,66.77,89.86,3.3,1.115,6.94,19.94,37.2,66.3,6.44,835.5,81.39,82.28,45.66,50.31,0
2026-04-01T23:52:42,IMM-03,MD-A12,ABS,NIGHT,23.53,67.79,0.206,208.28,212.93,215.98,69.34,106.47,58.48,64.06,4.49,1.065,7.39,17.06,34.3,83.4,9.29,819.3,84.62,88.71,46.26,40.99,1
2026-04-01T23:53:24,IMM-02,MD-A12,PP-GF20,EVENING,17.39,47.79,0.039,232.78,241.31,246.74,71.99,109.68,65.33,63.46,4.72,1.137,8.09,17.55,34.63,83,7.93,814.7,79.32,96.5,47.31,41.55,0
2026-04-01T23:54:06,IMM-03,MD-B07,PP-GF20,EVENING,28.36,50.95,0.123,210.56,217.92,224.33,67.08,87.16,51.28,72.27,4.99,1.082,7.84,16.36,35.06,82.1,9.31,880.9,57.7,64.53,45.98,46.42,0
2026-04-01T23:54:48,IMM-01,MD-B07,PA6-GF30,EVENING,24.7,37.8,0.162,231.02,238.6,243.94,73.63,97.13,58.31,58.6,3.95,1.374,8.26,19.49,37.42,77,8.5,846,75.02,112.29,46.66,50.51,0
2026-04-01T23:55:30,IMM-03,MD-C03,ABS,EVENING,17.53,56.73,0.071,207.34,214.38,221.09,68.4,91.72,52.87,79.11,3.66,1.34,7.42,16.81,33.98,90.9,8.78,885.8,65.65,97.75,44.79,42.03,0
2026-04-01T23:56:12,IMM-04,MD-B07,PA6-GF30,DAY,27.97,45.29,,238.7,248.48,253.62,75.97,90,48.84,69.42,4.57,1.028,8.28,17.26,36.03,94,9.27,805.9,66.81,66.89,48.61,51.85,0
2026-04-01T23:56:54,IMM-01,MD-A12,PA6-GF30,DAY,26.21,52.32,0.13,231.92,235.85,240.05,84.21,101.32,60.5,76.27,5.25,1.169,7.98,15.11,32.24,87.6,7.88,835.3,76.89,97.6,45.54,54.99,0
2026-04-01T23:57:36,IMM-04,MD-C03,PP-GF20,DAY,28.2,55.56,0.1,219.05,225.95,230.3,68.96,103.28,54.37,94.33,3.33,1.321,7.31,21.11,37.61,90.4,6.52,866.7,75.06,95.56,49.01,37.31,0
2026-04-01T23:58:18,IMM-02,MD-B07,PP-GF20,DAY,21.55,43.05,0.085,218.71,224.99,230.47,64.4,104.87,68.92,69.92,4.34,1.327,7.42,19.99,37.63,81,7.49,838.8,78.3,106.32,46.9,47.22,0
2026-04-01T23:59:00,IMM-04,MD-B07,ABS,DAY,27.42,47.3,0.104,209.73,213.1,214.95,71.64,91.26,50.37,89.27,2.36,1.069,8.94,15.94,35.22,77.9,7.81,788.9,69.63,74.4,40.43,43.27,0
2026-04-01T23:59:42,IMM-01,MD-B07,PP-GF20,EVENING,15.94,76.01,0.06,205.78,215.46,221.56,65.19,94.66,56.33,71.77,5.38,1.283,7.9,18.16,36.26,75.3,6.92,808.2,66.69,88,49.7,40.86,0
2026-04-02T00:00:24,IMM-02,MD-B07,ABS,NIGHT,23.74,53.73,0.059,217.95,221.87,229.54,72.23,86.22,50.19,74.75,5,1.023,8.79,15.36,32.34,103.1,8.7,822.1,62.97,66.77,52.71,42.15,0
2026-04-02T00:01:06,IMM-03,MD-B07,PA6-GF30,EVENING,23.42,39.02,0.121,233.76,239.38,250.75,72.21,91.39,59.24,60.96,4.19,1.318,6.76,19.07,35.87,71.5,8.77,831.2,71.65,97.78,42.3,47.38,0
2026-04-02T00:01:48,IMM-02,MD-A12,PP-GF20,DAY,25.09,54.16,0.168,210.71,216.28,221.77,66.16,84.6,52.74,72.47,4.83,1.248,6.23,18.27,35.47,78.5,9.68,789.4,66.58,82.62,45.7,41.49,0
2026-04-02T00:02:30,IMM-01,MD-A12,PA6-GF30,NIGHT,21.3,59.41,0.192,218,228.2,233.69,75.47,111.55,62.75,68,3.94,1.127,7.64,17.74,33.73,93.2,9.42,843.3,83.24,93.79,44.25,49.71,1
2026-04-02T00:03:12,IMM-02,MD-A12,ABS,NIGHT,20.52,59.61,0.11,223.37,232.86,236.32,67.91,96.52,58.33,77.09,3.07,1.018,7.24,18.76,34.22,85.6,11.35,789.7,68.84,75.37,43.52,43.08,0
2026-04-02T00:03:54,IMM-03,MD-A12,PP-GF20,NIGHT,27.71,45.41,0.121,219.82,228.22,232.16,72.42,97.06,58.07,79.87,3.49,1.162,7.42,17.48,34.29,76.5,7.32,800.1,77.92,80.17,47.88,41.77,0
2026-04-02T00:04:36,IMM-03,MD-A12,PP-GF20,EVENING,25.41,51.36,0.114,216.11,222.81,226.76,73.76,94.28,55.35,62.87,3.33,1.213,9.71,16.54,34.9,90,8.4,812.3,68.85,81.14,47.04,43.44,0
2026-04-02T00:05:18,IMM-03,MD-B07,PA6-GF30,DAY,25.09,60.51,0.194,237.16,246.77,251.18,74.96,115.88,69.03,65.7,4.65,1.16,6.67,19.36,36.02,89.5,6.75,810.2,86.3,98.02,42.23,45.87,0
2026-04-02T00:06:00,IMM-03,MD-B07,PA6-GF30,DAY,22.45,43.09,0.145,221.34,227.57,230.24,77.69,99.43,61.88,79.45,3.59,1.128,7.73,16.9,34.77,87.9,9.36,814.3,69.37,77.16,48.6,51.37,0
2026-04-02T00:06:42,IMM-04,MD-C03,ABS,EVENING,27.07,70.41,0.102,218.63,230.31,235.89,69.53,85.8,52.72,80.75,2.23,1.319,7,18.74,35.49,100.1,10.17,885.3,57.92,81.35,40.41,50.31,1
2026-04-02T00:07:24,IMM-01,MD-A12,PA6-GF30,DAY,23.68,50.26,0.194,229.28,233.29,236.77,80.82,116.36,68.04,71.22,3.55,1.126,8.29,17.31,35.16,71.9,8.49,757.8,78.11,82.39,47.99,48.6,1
2026-04-02T00:08:06,IMM-01,MD-C03,PA6-GF30,NIGHT,26.57,74.05,0.162,238.73,246.69,252.41,78.51,99.47,55.69,66.78,2.8,1.171,6.98,21.14,39.09,75.2,6.31,889.1,84.56,92.12,46.73,53.32,0
2026-04-02T00:08:48,IMM-01,MD-A12,ABS,DAY,21.45,45.05,0.12,215.16,225.6,230.88,74.37,94.61,61.88,63.2,2.66,1.207,8.01,19.67,37.14,80.5,10.6,875.8,77.59,96.06,44.18,44.12,0
2026-04-02T00:09:30,IMM-02,MD-A12,PP-GF20,EVENING,27.56,32.07,0.02,205.58,213.24,218.91,65.56,77.82,50.25,66.2,4.01,1.284,9.12,17.19,35.86,73.6,7,816.6,56.74,65.43,47.24,40.13,1
2026-04-02T00:10:12,IMM-02,MD-A12,ABS,DAY,27.2,38.8,0.083,217.12,226.15,230.62,68.53,97.19,55.76,65.76,4.31,1.285,7.09,18.83,35.81,71.2,8.5,804.6,74.82,95.99,51.18,37.13,0
2026-04-02T00:10:54,IMM-04,MD-C03,ABS,EVENING,16.68,52.76,0.149,220.42,225.37,233.4,64.67,100.74,57.37,78.81,4.78,1.22,7.27,20.87,38.15,71.5,8.54,835.3,77.95,90.69,46.71,38.24,1
2026-04-02T00:11:36,IMM-04,MD-B07,PP-GF20,EVENING,26.47,59.26,0.062,209.24,220.04,227.69,70.64,101.9,55.66,62.75,4.87,1.163,8.42,18.93,36.04,88.7,8.08,857.6,71.65,81.28,46.18,43.52,0
2026-04-02T00:12:18,IMM-02,MD-C03,ABS,DAY,28.46,49.27,0.131,207.73,216.19,220.88,70.2,104.2,64.01,73.65,4.38,1.14,8.51,20.75,39.04,82.5,7.98,837.9,74,92.25,51.5,40.73,0
2026-04-02T00:13:00,IMM-02,MD-B07,ABS,EVENING,26.75,32.99,0.17,211.17,219,221.69,68.56,89.31,53.98,83.93,4.01,1.235,7.08,17.71,35.95,83.1,9.33,866.1,74.33,90.37,47.29,48.41,0
2026-04-02T00:13:42,IMM-01,MD-A12,ABS,DAY,23.93,50.98,0.057,219.32,224.26,231.51,72.07,111.21,63.54,79.86,4.12,1.352,7.51,18.36,35.43,87.9,7.66,820.8,86.1,116.81,42.9,42.03,0
2026-04-02T00:14:24,IMM-03,MD-A12,PA6-GF30,EVENING,21.47,57.56,0.146,228.08,239.22,244.96,81.05,110.15,69.7,65.22,3.01,0.914,9.73,18.58,38.78,68,6.45,815.5,78.29,72.32,47.61,49.82,1
2026-04-02T00:15:06,IMM-03,MD-B07,PP-GF20,DAY,20.86,54.76,0.076,219,226.03,231.12,66.12,83.61,48.15,71.87,4.16,1.265,8.74,15.76,34.74,80.6,8.48,833.1,69.72,91.14,44.91,49.63,0
2026-04-02T00:15:48,IMM-02,MD-A12,ABS,DAY,25.18,45.02,0.129,217.86,223.4,226.35,67.76,98.24,57.7,77.67,5.15,1.227,5.9,17.66,32.77,98.6,9.37,821.2,77.03,98.53,42.75,34.97,0
2026-04-02T00:16:30,IMM-03,MD-C03,PA6-GF30,DAY,23.5,55.48,0.118,228.84,234.07,242.97,72.06,107.11,63.27,71.11,3.65,1.301,8.32,19.63,37.79,72.9,7.82,888.6,79.15,100.44,42.76,55.49,0
2026-04-02T00:17:12,IMM-01,MD-C03,PP-GF20,DAY,24.49,49.22,0.213,213.91,221.67,228.6,72.84,101.41,61.39,72.09,2.98,1.322,7.7,20.63,38.21,94.4,10.9,888,81.8,121.28,42.85,38.12,1
2026-04-02T00:17:54,IMM-04,MD-C03,PP-GF20,EVENING,18.18,31.57,0.119,221.46,230.93,235.86,62.76,85.19,48.92,77.97,4.81,1.472,7.15,20.67,37.8,81.4,7.64,887.2,63.99,91.8,52.35,43.11,1
2026-04-02T00:18:36,IMM-02,MD-B07,PP-GF20,EVENING,24.39,38.51,0.129,217.75,224.46,226.21,65.23,93.03,54.64,75.81,4.32,1.208,6.74,19.86,36.59,104.6,8.51,798.2,71.04,84.88,48.28,42.39,0
2026-04-02T00:19:18,IMM-01,MD-C03,ABS,DAY,19.92,64.56,0.02,216.43,225.15,229.11,74.58,98.02,58.8,74.97,5.03,1.343,7.41,18.53,37.56,94.7,9,822.8,79.11,101.25,50.58,42.55,0
2026-04-02T00:20:00,IMM-03,MD-A12,PA6-GF30,DAY,24.16,44.37,0.062,227.8,233.3,238.34,72.88,96.9,53.87,72.46,4.11,1.271,7.69,19.73,37.81,77.1,9.41,829.5,68.54,96.83,54.95,48.4,0
2026-04-02T00:20:42,IMM-01,MD-B07,PP-GF20,EVENING,21.66,62.46,0.113,223.67,236.11,242.29,63.2,90.82,49.38,75.06,2.91,0.885,8.64,16.53,33.52,82.6,9.01,833.8,72.73,62.15,40.07,47.47,0
2026-04-02T00:21:24,IMM-03,MD-C03,PP-GF20,EVENING,25.27,64.51,0.107,217.43,228.65,231.68,70.41,92.27,55.75,65.1,4.36,1.481,7.57,20.07,37.31,79.3,8.94,822.2,71.74,104.08,45.57,48.62,0
2026-04-02T00:22:06,IMM-01,MD-A12,PP-GF20,DAY,25.68,48.62,0.094,212.78,221.72,225.39,67.85,91.92,48.94,73.48,3.47,1.135,8.04,17.88,35.33,83.2,7.62,865.1,75.72,78.82,44.26,40.75,0
2026-04-02T00:22:48,IMM-02,MD-B07,PP-GF20,EVENING,17.07,64.92,0.076,223.17,229.08,237.07,66.64,82.26,51.21,75.29,4.33,1.255,7.36,16.14,33.68,94.7,9.4,820,69.48,85.62,41.88,48.27,0
2026-04-02T00:23:30,IMM-04,MD-B07,PA6-GF30,DAY,24.03,45.02,0.151,232.8,241.55,244.79,79.56,108.34,62.89,73.24,4.65,1.277,7.16,19.36,35.56,85.7,8.39,767,84.23,109.57,41.26,51.79,0
2026-04-02T00:24:12,IMM-01,MD-A12,ABS,EVENING,31.51,44.4,0.177,210.26,214.99,216.84,69.03,90.66,48.73,79.66,3.27,1.067,7.31,18.35,34.55,85.4,11.35,856.7,,74.15,42.48,42.03,0
2026-04-02T00:24:54,IMM-02,MD-C03,PA6-GF30,NIGHT,25.67,39.59,0.159,240.93,244.7,250.06,72.97,106.71,59.89,85.87,4.41,1.43,8.64,20.5,39.27,74.5,9.32,825.3,87.63,126.61,42.75,51.7,0
2026-04-02T00:25:36,IMM-01,MD-B07,PP-GF20,NIGHT,19.72,43.11,0.142,201.02,207.22,212.01,74.7,99.2,58.58,83.29,4.67,1.144,7.89,18.89,36.68,72.5,8.17,850.7,76.93,87.34,45.15,37.89,0
2026-04-02T00:26:18,IMM-03,MD-A12,PP-GF20,NIGHT,26.12,71.55,0.091,217.06,224.88,232.97,66.53,98.76,59.59,83.85,4.11,1.102,6.77,17.21,32.16,77.9,8.48,803.2,82.98,94.63,46.81,39.11,0
2026-04-02T00:27:00,IMM-02,MD-A12,PA6-GF30,DAY,29.45,58.66,0.131,231.81,239.89,241.76,75.56,97.24,59.77,73.45,4.79,1.179,7.74,18.37,36.32,78.3,10.08,843.1,67.35,77.28,44.56,54.89,0
2026-04-02T00:27:42,IMM-03,MD-C03,PA6-GF30,NIGHT,15.93,70.75,0.15,223.44,228.98,238.36,77.34,111.33,62.19,70.16,4.41,1.17,9.87,18.52,37.69,94.6,8.75,839.5,87.64,97.91,49.46,44.12,0
2026-04-02T00:28:24,IMM-04,MD-A12,ABS,DAY,24.43,56.35,0.099,210.21,221.79,227.33,76.56,90.31,49.07,71.22,4.46,1.189,7.36,20.51,39.21,82.4,9.43,834.4,59.41,69.04,49.3,46.63,0
2026-04-02T00:29:06,IMM-03,MD-A12,PA6-GF30,DAY,24.46,59.38,0.161,235.92,240.65,245.79,71.86,110.81,64.85,70.29,4.9,1.202,7.46,16.75,33.88,80.6,5.91,818.8,88.45,111.05,42.83,55.42,0
2026-04-02T00:29:48,IMM-03,MD-B07,PA6-GF30,EVENING,28.55,40.36,0.123,231.43,234.61,238.81,75.59,111.41,66.3,75.11,3.94,1.207,8.75,16.32,34.58,78.6,10.36,839.6,82.82,98.61,41.99,47.54,1
2026-04-02T00:30:30,IMM-02,MD-B07,ABS,DAY,27.96,44.57,0.174,213.96,225.46,229.2,68.16,84.63,48.1,64.19,3.18,1.088,8.62,20.02,38.23,76,9.75,789.4,58.72,56.89,46.68,51.7,0
2026-04-02T00:31:12,IMM-01,MD-B07,PA6-GF30,DAY,21.6,38.34,0.262,229.23,233.43,237.05,78.29,108.33,61.42,74.8,3.71,1.183,8.4,19.59,36.57,86.8,9.67,818.9,84.16,90.7,45.37,54.72,1
2026-04-02T00:31:54,IMM-01,MD-B07,PP-GF20,DAY,17.13,42.33,0.083,202.48,208.96,217.11,61.99,98.79,60.4,70.65,2.68,1.115,7.93,15.74,32.1,73.6,7.76,823.4,66.61,71.02,50.49,40.58,0
2026-04-02T00:32:36,IMM-03,MD-C03,PA6-GF30,EVENING,18.64,32.39,0.108,229.02,236.49,238.9,77.66,103.34,55.56,71.88,2.33,1.36,7.89,18.07,35.8,89.7,9.69,881.9,75.27,92.38,40.93,52.29,1
2026-04-02T00:33:18,IMM-03,MD-B07,ABS,DAY,19.79,39,0.123,206.39,216.05,220.36,67.18,92.42,52.86,74.93,3.35,1.088,8.19,18.93,36.74,85.2,10.5,849.7,63.56,76.71,43.29,47.32,0
2026-04-02T00:34:00,IMM-04,MD-B07,PA6-GF30,EVENING,23.55,54.97,0.142,232.79,239.17,245.69,72.16,110.18,61.01,75.25,5.29,1.183,7.35,16.77,33.1,90,8.25,828.2,83.97,102.29,44.73,53.08,0
2026-04-02T00:34:42,IMM-02,MD-C03,PP-GF20,EVENING,18.03,39.54,0.1,216.16,222.72,234.67,64.05,94.72,56.58,75.85,3.38,1.517,8.18,19.42,37.19,90.2,9.06,878.9,67.02,104.66,38.18,42.86,0
2026-04-02T00:35:24,IMM-01,MD-C03,PP-GF20,EVENING,19.88,58.8,0.077,210.44,219.7,225.75,67.42,86.78,49.04,84.29,3.37,1.352,8.2,19.51,38.69,78.8,9.19,900.8,,96.87,46.22,42.26,0
2026-04-02T00:36:06,IMM-02,MD-A12,PP-GF20,NIGHT,25.41,30.61,0.15,223.63,232.03,236.01,67.76,103.9,57.66,69.28,2.91,1.162,7.93,18.97,37.61,83.6,7.89,838.6,79.86,98.95,43.33,41.6,0
2026-04-02T00:36:48,IMM-04,MD-B07,PP-GF20,EVENING,21.99,47.92,0.155,214.63,221.16,224.39,69.65,104.22,58.01,70.43,4.16,1.349,7.46,18.18,37.3,75.7,10.42,813.7,80,106.31,47.44,46.28,0
2026-04-02T00:37:30,IMM-02,MD-A12,ABS,DAY,26.81,65.41,0.11,215.5,225.22,230.45,63.7,87.4,51.13,83.74,4.93,1.371,6.75,19.5,36.26,87.9,8.69,890.4,71.25,95.8,46.82,43.72,0
2026-04-02T00:38:12,IMM-04,MD-C03,PP-GF20,NIGHT,26.21,55.12,0.165,222.64,229.92,233.72,72.33,94.04,56.36,83.03,3.21,1.299,9.1,21.87,41.2,90.3,9.58,831.9,72.22,99.71,46.73,39.16,0
2026-04-02T00:38:54,IMM-03,MD-A12,PP-GF20,EVENING,22.3,47.66,0.133,216.95,223.65,227.75,78.09,101.03,60.94,78.71,4.36,1.234,9.2,18.26,37.32,91.6,8.09,837.8,76.2,89.86,48.78,41.53,0
2026-04-02T00:39:36,IMM-01,MD-B07,PA6-GF30,EVENING,24.24,42.58,0.212,230.28,234.7,241.77,80.16,107.01,64.51,79.15,3.76,1.03,7.14,20.86,36.15,81.2,10.35,853.7,83.65,81.94,45.67,52.25,0
2026-04-02T00:40:18,IMM-03,MD-A12,PA6-GF30,DAY,26.75,20,0.167,220.57,229.89,233.62,70.33,99.2,59.91,77.38,3.12,1.263,7.32,17.38,34.4,83.4,8.53,840,76.86,94.21,45.79,44.79,0
2026-04-02T00:41:00,IMM-01,MD-C03,PA6-GF30,NIGHT,22.08,30.83,0.164,225.13,235.01,242.74,77.59,101.78,53.42,64.4,4.1,1.387,8.44,19.56,37.62,86.5,9.28,866.4,76.27,111.44,45.73,53.3,1
2026-04-02T00:41:42,IMM-01,MD-B07,PA6-GF30,EVENING,25.17,54.84,0.212,219.06,224.73,233.91,70.9,108.44,60.75,70.66,5.32,1.052,8.69,17.95,36.96,71,7.8,813.5,79.2,81.62,42.31,53.93,0
2026-04-02T00:42:24,IMM-01,MD-A12,PP-GF20,DAY,26.41,45.02,0.122,216.04,220.6,225.66,69.07,81.4,45.51,74.51,4.34,1.021,8,17.19,35.05,76.2,6.45,778,65.83,64.95,41.03,43.25,0
2026-04-02T00:43:06,IMM-03,MD-B07,PP-GF20,DAY,25.83,55.73,0.16,214.15,224.66,232.69,73.01,91.06,51.76,57.86,3.84,1.259,8.12,17.53,34.82,80.3,8.03,778.3,66.1,89.46,47.21,40.51,0
2026-04-02T00:43:48,IMM-01,MD-B07,PA6-GF30,NIGHT,28.78,47.95,0.096,232.74,242.69,247.4,70.77,100.09,57.18,75.42,2.61,1.41,8.52,16,33.64,87.2,9.52,756.2,82.49,111.12,36.86,45.85,0
2026-04-02T00:44:30,IMM-02,MD-B07,PA6-GF30,NIGHT,31.29,61.96,0.223,236.3,250.15,254.45,71.77,103.17,59.49,74.62,3.96,1.033,8.61,16.49,34.96,101.3,7.7,803.6,85.77,80.45,45.28,50.51,1
2026-04-02T00:45:12,IMM-04,MD-A12,PA6-GF30,EVENING,24.43,55.63,0.142,235.17,240.64,244.19,81.05,108.58,63.94,68.25,3.18,1.234,9.36,17.29,36.92,86.8,8.03,812.2,82.52,103.91,39.31,52.58,1
2026-04-02T00:45:54,IMM-02,MD-C03,ABS,EVENING,23.99,50.02,0.079,212.67,219.74,227.45,75.46,97.31,59.84,78.28,4.75,1.237,8.36,18.64,36.92,74,7.5,930.2,80.02,100.24,47.65,34.44,0
2026-04-02T00:46:36,IMM-04,MD-B07,PP-GF20,NIGHT,23.88,43.26,0.123,205.43,211.86,217.12,67.97,93.98,51.3,74.04,3.86,1.165,8.74,20.11,37.73,80.1,7.73,850.5,70.68,75.1,50.14,38.27,0
2026-04-02T00:47:18,IMM-01,MD-B07,ABS,DAY,16.48,44.83,0.125,213.75,220.84,223.64,68.99,86.92,53.59,63.81,3.95,1.292,7.53,19.95,36.74,75.5,9.64,840.2,64.78,86.28,41.38,41.56,1
2026-04-02T00:48:00,IMM-01,MD-A12,PA6-GF30,DAY,27.95,41.54,0.142,239.5,247.95,254.43,69.13,107.04,71.64,74.62,3.06,1.154,8.38,20.71,39.07,92.3,8.53,822.8,75.73,88.66,46.17,54.96,0
2026-04-02T00:48:42,IMM-01,MD-B07,PA6-GF30,NIGHT,24.27,46.91,0.112,231.81,239.9,244.77,80.54,111.69,68.28,73.86,4.32,1.129,8.59,16.13,34.01,84.6,8.23,801.1,89.29,105.08,47.2,48.54,0
2026-04-02T00:49:24,IMM-02,MD-A12,PA6-GF30,EVENING,20.7,55.48,0.2,227.86,232.19,239.07,75.1,107.5,62.55,69.76,3.04,1.121,7.35,17.18,34.56,85.3,8.96,826.3,84.75,93.66,47.53,49.83,1
2026-04-02T00:50:06,IMM-02,MD-A12,PP-GF20,DAY,30.3,37.82,0.1,215.21,218.19,223.35,65.22,92.19,52.3,71.9,3.62,1.084,7.75,19.76,36.87,86.9,8.69,740.7,73.66,89.68,47.1,44.34,0
2026-04-02T00:50:48,IMM-01,MD-A12,PP-GF20,NIGHT,28.39,43.32,0.208,225.35,231.49,239.36,69.58,90.99,55.7,64.9,3.67,1.25,7.23,19.84,35.42,84.5,7.08,818.9,65.25,83.54,45.55,40.11,1
2026-04-02T00:51:30,IMM-01,MD-A12,PP-GF20,DAY,27.73,37.79,0.021,213.5,218.39,223.44,71.06,93.95,55.89,67.84,4.51,1.306,7.13,20.36,37.45,91.8,8.42,850.7,69.46,80.69,41.47,44.09,0
2026-04-02T00:52:12,IMM-04,MD-C03,PA6-GF30,DAY,26.32,49.26,0.16,231.65,240.36,247.28,76.05,94.79,55.08,81.38,4.35,1.225,8.25,18.84,38.16,81.7,10.36,785.9,80.27,94.6,44.47,42.34,0
2026-04-02T00:52:54,IMM-02,MD-B07,PP-GF20,EVENING,24,39.17,0.054,215.67,223.31,229.18,70.17,92.48,53.58,70.6,3.69,1.187,7.56,18.04,35.01,84.2,9.86,848.5,69.28,76.18,44.43,42.34,0
2026-04-02T00:53:36,IMM-01,MD-A12,ABS,DAY,25.06,,0.121,205.26,211.95,217.26,71.32,85.64,49.28,65.39,3.71,1.4,9.04,20.6,39.34,85,7.04,804.1,63.62,91.06,47.71,42.93,0
2026-04-02T00:54:18,IMM-02,MD-C03,ABS,DAY,24.51,50.85,0.125,211.72,222.89,225.59,64.9,100.15,57.01,67.18,2.46,1.326,7.42,21.68,39.22,73.6,8.37,842.8,81.91,110.97,41.11,38.44,0
2026-04-02T00:55:00,IMM-04,MD-A12,PP-GF20,NIGHT,22.96,44.52,0.148,220.54,227.98,234.79,77.51,92.1,54.8,86.28,3.94,1.186,6.92,18.51,35.73,95.8,8.22,762.7,60.83,66.99,52.85,52.27,0
2026-04-02T00:55:42,IMM-02,MD-C03,ABS,EVENING,20.32,47.91,0.092,214.99,219.5,230.73,72.9,92.63,57.2,80.54,5.25,1.302,7.96,18.07,35.53,80.1,9.31,876,65.15,85.49,41.87,46.69,0
2026-04-02T00:56:24,IMM-01,MD-B07,PA6-GF30,EVENING,30.92,,0.259,230.51,236.91,243.3,75.07,103.47,62.74,80.54,4.12,1.226,8.39,19.7,37.92,65.3,9.11,851.6,77.66,92.86,44.9,51.83,0
2026-04-02T00:57:06,IMM-04,MD-A12,PA6-GF30,EVENING,22.67,48.68,0.173,242.07,246.98,253.68,76.32,92.01,47.91,67.44,3.09,1.154,8.3,21.34,39.64,101.6,10.8,801.8,67.09,73.16,45.86,52.53,0
2026-04-02T00:57:48,IMM-01,MD-C03,ABS,EVENING,25.43,38.55,0.094,215.19,223.14,227.98,69.87,102.23,56.57,67.89,4.38,1.306,7.62,20.25,38.68,86.7,7.84,858.4,75.71,104.66,43.78,39.05,0
2026-04-02T00:58:30,IMM-02,MD-C03,PP-GF20,EVENING,23.01,48.5,0.166,209.98,218.05,224.56,60.54,95.68,58,72.2,3.92,1.371,8.74,20.77,40.1,80.8,8.41,861.5,68.23,88.43,45.53,48.75,0
2026-04-02T00:59:12,IMM-04,MD-B07,PP-GF20,NIGHT,26.33,61.66,0.072,215.99,220.46,225.35,68.37,101.95,64.05,81.93,2.62,1.312,7.88,18.67,35.78,92.1,7.83,797.8,80.41,109.12,51.15,45.19,1
2026-04-02T00:59:54,IMM-02,MD-C03,PP-GF20,EVENING,21.67,51.97,0.111,212.9,220.04,223.13,70.56,99.81,54.25,78.39,4.24,1.206,7.72,17.96,34.73,91.3,8.11,832.4,75.09,93.65,37.07,34.78,0
2026-04-02T01:00:36,IMM-03,MD-A12,PP-GF20,DAY,25.91,51.55,0.042,212.84,217.93,222.6,65.49,89.11,52.67,68.75,4.75,1.215,8.24,14.64,32.56,97.4,9.47,836.6,63.93,70.76,40.61,41.55,0
2026-04-02T01:01:18,IMM-02,MD-A12,ABS,DAY,22.7,41.96,0.169,211.21,218.81,222.92,66.78,91.26,46.19,71.72,4.2,1.331,8.53,21.77,38.98,82.1,8.32,778.5,71.64,97.09,39.86,41.61,0
2026-04-02T01:02:00,IMM-04,MD-B07,PP-GF20,EVENING,26.07,55.21,0.083,217.12,222.1,227.79,69.47,87.98,51.81,66.79,3.77,1.122,8.25,18.12,37.02,93.7,6.98,774.1,61.12,66.65,49,40.59,0
2026-04-02T01:02:42,IMM-02,MD-B07,ABS,DAY,21.43,53.34,0.106,214.21,220.15,227.9,77.22,96.49,55.76,70.81,3.74,1.183,7.61,20.14,37.23,72.1,7.43,842,74.39,93.09,47.65,47.17,0
2026-04-02T01:03:24,IMM-01,MD-B07,PP-GF20,NIGHT,23.47,57.89,0.098,212.05,219.96,227.98,67.89,75.58,39.75,77.78,3.27,1.287,8.19,19.52,38.26,75.8,9.4,818.8,62.03,74.86,45.64,38.4,1
2026-04-02T01:04:06,IMM-04,MD-A12,PA6-GF30,NIGHT,30.27,44.03,0.098,233.25,242.44,247.63,77.11,105.44,58.65,77.68,3.76,1.407,6.44,20.12,37.33,77.2,9.08,788.9,91.2,121.8,51.42,48.49,1
2026-04-02T01:04:48,IMM-04,MD-B07,PA6-GF30,NIGHT,27.28,54,0.206,230.96,240,243.2,80.38,100.17,61.78,65.68,3.92,1.212,8.02,18.31,36.93,89.3,6.1,841.8,76.74,83.26,46.65,49.2,0
2026-04-02T01:05:30,IMM-03,MD-C03,PA6-GF30,DAY,25.16,41.99,0.113,227.81,231.63,236.4,76.5,106.85,60.43,86.05,3.96,1.218,8.22,20.32,39.08,87.5,7.89,882.1,75.89,94.14,48.8,55.7,0
2026-04-02T01:06:12,IMM-04,MD-C03,ABS,DAY,19.61,66.67,,210.26,215,220.2,67.59,92.39,51.54,75.05,3.23,1.487,8.58,19.62,37.89,76.4,6.84,874.1,68.02,100.14,49.41,36.06,0
2026-04-02T01:06:54,IMM-02,MD-B07,PP-GF20,DAY,23.28,42.76,0.102,215.61,222.11,228.82,68.22,105.89,57.28,86.75,4.63,1.033,7.33,18.39,34.73,87.1,8.07,839.3,84.68,82.9,41.67,39.03,0
2026-04-02T01:07:36,IMM-01,MD-A12,ABS,EVENING,30.08,54.31,0.109,204.21,214.66,217.84,71.83,96.85,52.24,73.69,4.02,1.077,8.35,17,34.49,90.8,8.47,868.4,67.13,61.54,46.07,44.44,0
2026-04-02T01:08:18,IMM-01,MD-A12,PA6-GF30,NIGHT,19.8,51.09,0.048,233.94,245.35,251.12,70.31,105.2,62.18,68.4,3.18,1.329,7.51,17.26,36.03,83.6,8.66,902.4,79.69,113.39,41.66,54.92,0
2026-04-02T01:09:00,IMM-01,MD-B07,ABS,EVENING,27.31,64.35,0.117,212.36,216.91,222.17,70.23,90.15,58.32,84.73,5.52,1.167,8.95,19.27,38.76,69.5,9.83,851,72.22,83.16,45.76,51.63,0
2026-04-02T01:09:42,IMM-03,MD-C03,PA6-GF30,EVENING,31.13,34.74,0.175,227.65,236.84,239.88,73.81,129.48,73.09,78.87,4.38,1.498,8.59,21.37,39.63,76.7,9.03,880.9,99.29,149.04,48.06,50.12,1
2026-04-02T01:10:24,IMM-04,MD-A12,PA6-GF30,NIGHT,23.06,59.5,0.163,227.18,231.77,239.09,73.2,105.75,64.82,68.13,4.44,1.106,8.02,19.4,36.03,79.3,8.35,835.6,72.62,78.6,46.74,48.57,0
2026-04-02T01:11:06,IMM-04,MD-B07,PP-GF20,DAY,20.86,34.74,0.189,222,227.18,234.29,63.77,98.57,58.08,70.43,4.28,1.199,7.72,18.57,36.42,73.5,8.1,784.5,76.21,87.45,47.51,42.64,1
2026-04-02T01:11:48,IMM-01,MD-A12,PA6-GF30,DAY,18.24,54.11,0.107,231.32,240.54,245.8,71.72,101.67,60.74,64.1,3.59,1.21,6.61,19.71,36.98,94.4,7.14,813.5,82.77,95.57,41.24,53.75,0
2026-04-02T01:12:30,IMM-04,MD-B07,PP-GF20,DAY,24.16,50.23,0.052,216.32,225.84,232.49,70.65,88.08,53.02,69.27,5.01,1.2,8.36,17.38,34.99,84.7,8.83,762,69.47,76.09,49.11,46.19,0
2026-04-02T01:13:12,IMM-01,MD-C03,PP-GF20,EVENING,21.2,49.97,0.14,218.21,224.71,229.79,68.79,104.31,62.12,69.76,3.94,1.326,8.63,19.12,37.53,77.7,5.98,929.4,78.37,100.15,36.89,45.69,0
2026-04-02T01:13:54,IMM-02,MD-A12,PP-GF20,EVENING,29.95,56.28,0.111,220.78,228.76,233,68.22,83.59,49.73,70.17,4.31,1.216,7.61,19.68,36.18,83.4,7.5,818.5,62.78,89.27,49.66,39.79,1
2026-04-02T01:14:36,IMM-02,MD-A12,PP-GF20,EVENING,19.91,39.41,0.077,216.15,222.88,233.83,77.68,94.15,57.65,75.16,2.74,1.322,8.44,19.09,36.72,82.6,6.87,819.8,75.08,90.9,45.28,43.6,0
2026-04-02T01:15:18,IMM-02,MD-B07,PA6-GF30,DAY,28.52,50.06,0.105,239.35,249.6,255.43,72.71,115.41,69.24,71.63,4.89,1.283,8.28,16.9,35.5,80.2,8.04,869.4,88.65,110.08,46.68,48.4,0
2026-04-02T01:16:00,IMM-03,MD-A12,ABS,EVENING,24.8,59.88,0.072,206.59,216.62,221.75,66.47,83.26,48.74,77.66,3.37,1.136,7.18,20.4,38.01,82.2,8.35,812.6,58.18,69.41,37.61,46.04,0
2026-04-02T01:16:42,IMM-01,MD-A12,PA6-GF30,NIGHT,28.61,45.89,0.168,225.93,235.3,246.15,75.32,88.52,50.85,66.93,4.98,1.158,9.36,17.15,34.9,72.2,8.5,804.1,69.67,75.71,52.77,43.97,1
2026-04-02T01:17:24,IMM-01,MD-A12,PA6-GF30,DAY,25.26,58.3,0.173,230.04,237.91,242.51,69.54,102.35,60.21,67.9,4.2,1.286,7.65,16.39,33.26,79.3,7.72,795.5,78.92,104.65,40.95,54.7,0
2026-04-02T01:18:06,IMM-02,MD-B07,PP-GF20,DAY,29.13,55.79,0.098,215.81,219.67,226.67,70.74,95.64,54.83,62.16,4.19,1.179,8.16,17.13,36.18,85.3,5.91,827.9,73.36,87.55,48.27,41.86,0
2026-04-02T01:18:48,IMM-03,MD-A12,PP-GF20,EVENING,23.72,54.43,0.046,205.26,212.91,218.38,64.87,103.35,62.77,80.62,4.31,1.014,9.02,21.06,39.15,87.9,7.55,802.8,84.33,83.64,43.9,41.78,0
2026-04-02T01:19:30,IMM-04,MD-A12,ABS,DAY,24.52,60.3,0.116,202.16,206.44,208.94,63.8,105.53,61.25,78.66,4.79,1.44,8.95,18.01,37.36,83.1,9.18,759.9,82.47,121,43.87,40.06,0
2026-04-02T01:20:12,IMM-03,MD-C03,PP-GF20,NIGHT,31.06,,0.088,212.82,218.46,223.62,68.48,94.51,55.53,72,4.85,1.147,7.59,18.98,36.18,95.4,8.46,775.3,69.56,77.21,48.55,48.09,0
2026-04-02T01:20:54,IMM-01,MD-B07,ABS,DAY,22.99,44.04,0.109,214.04,228,232.67,66.35,89.67,49.74,69.42,4.62,1.023,8.15,16.19,34.18,73.1,8.46,784.6,62.66,65.86,47.01,41.75,1
2026-04-02T01:21:36,IMM-02,MD-A12,PP-GF20,DAY,26.63,60.82,0.079,213.02,216.66,224.84,72.68,96.23,60.11,62.98,3.04,1.024,7.68,16.23,33.17,90,9.4,851.9,85.41,81.57,46.26,44.01,0
2026-04-02T01:22:18,IMM-04,MD-A12,PP-GF20,NIGHT,23.54,43.83,0.056,221.93,227.45,231.09,68.2,103.6,67.04,77.79,3.68,1.284,7.62,18.66,36.88,87.9,6.53,811.2,76.8,94.25,41.79,41.62,0
2026-04-02T01:23:00,IMM-02,MD-C03,PA6-GF30,DAY,22.23,46.87,0.138,225.95,236.5,241.04,75.61,113.59,65.47,61.79,2.24,1.403,7.79,20.23,37.97,80,11.38,805.3,82.51,115.2,45.4,48.86,0
2026-04-02T01:23:42,IMM-04,MD-B07,PA6-GF30,EVENING,19.65,53.83,0.103,230.5,238.62,242.25,68.53,96.39,59.3,76.35,4.45,1.145,7.38,20.24,36.13,79.2,7.65,866,75.82,82.61,43.79,54.24,0
2026-04-02T01:24:24,IMM-02,MD-C03,PP-GF20,DAY,18.3,42.88,0.031,218.83,226.54,232.71,62.73,99.89,57.59,69.48,3.3,1.373,8.17,19.31,37.48,71.3,9.48,887.9,76.32,102.32,49.54,45.89,0
2026-04-02T01:25:06,IMM-03,MD-C03,PA6-GF30,DAY,18.39,44.59,0.118,220.03,228.26,235.02,72.24,102.95,58.61,67.32,4.93,1.277,7.53,19.19,36.4,94.8,8.68,902.6,78.47,93.06,41.94,52.34,0
2026-04-02T01:25:48,IMM-01,MD-C03,PP-GF20,EVENING,23.01,47.72,0.07,213.9,221.83,228.84,72.94,104.44,55.42,73.6,4.07,1.266,7.31,21.02,37.62,82.4,6.79,922.9,76.78,102.63,42.01,41.61,0
2026-04-02T01:26:30,IMM-01,MD-C03,PA6-GF30,EVENING,30.37,64.61,0.143,227.88,234.45,241.12,72.53,112.35,68.01,66.19,3.54,1.168,7.96,17.31,34.07,80.8,8.57,896.6,78.53,100.62,49.85,51.21,0
2026-04-02T01:27:12,IMM-02,MD-B07,PA6-GF30,EVENING,24.3,58.92,0.275,233.64,242.76,248.93,82.17,108.61,59.74,63.77,4.02,1.331,6.93,18.92,36.11,69.5,7.76,783.4,78.3,106.36,42.63,55.13,1
2026-04-02T01:27:54,IMM-01,MD-B07,PA6-GF30,EVENING,25.26,52.91,0.126,236.09,243.83,245.06,78.14,96.74,56.56,72.01,3.95,1.068,8.49,18.91,37.61,90.8,6.9,781.8,78.64,92.92,43.62,46.9,0
2026-04-02T01:28:36,IMM-04,MD-B07,ABS,NIGHT,25.02,34.59,0.075,209.26,215.67,222.24,67.99,82.07,51.54,86.36,4.02,0.95,7.23,17.64,34.91,87.4,6.66,809.4,58.87,62.22,45.95,42.8,0
2026-04-02T01:29:18,IMM-01,MD-C03,ABS,EVENING,21.71,55.64,,218.86,227.56,235.11,69.9,94.99,53.58,68.55,4.84,1.346,6.62,17.59,34.43,78.9,11.17,888.1,75.52,107.21,42.8,36.9,0
2026-04-02T01:30:00,IMM-03,MD-A12,ABS,EVENING,28.36,64.19,0.116,209.49,217.02,222.98,72.11,80.67,49.07,78.54,4.02,1.279,8.2,18.46,37.09,85.2,9.01,837.2,61.77,74.95,45.64,39.07,0
2026-04-02T01:30:42,IMM-02,MD-A12,PA6-GF30,NIGHT,17.84,34.92,0.109,232.04,241.98,247.95,73.04,119.37,69.45,77.05,3.8,1.207,8.25,16.34,34.39,75.6,9.08,781.3,96.02,112.43,51.92,50.89,1
2026-04-02T01:31:24,IMM-01,MD-A12,PP-GF20,EVENING,30.86,41.55,0.104,202.07,209.76,218.31,69.49,103.51,65.41,70.74,3.13,1.031,7.76,17.7,35.57,70.4,8.53,763.8,82.73,70.85,45.08,47.54,0
2026-04-02T01:32:06,IMM-04,MD-C03,PP-GF20,DAY,19.41,48.07,0.186,212.47,215.85,219.72,73.82,82.48,46.27,67.89,3.32,1.231,7.78,20.86,39,90,8.07,839.3,58.02,64.38,42,31.25,1
2026-04-02T01:32:48,IMM-04,MD-C03,PP-GF20,EVENING,26.78,42.08,0.224,208.95,214.75,220.69,65.01,96.95,58.2,73.79,4.35,1.157,8.59,19.1,36.96,85.9,7.67,942.6,74.77,91.37,44.87,40.23,0
2026-04-02T01:33:30,IMM-01,MD-C03,PP-GF20,DAY,26.29,56.87,0.098,210.86,217.61,222.88,71.29,99.85,61.37,70.17,3.59,1.196,8.71,18.15,35.98,78,8.71,891.8,85.34,105.26,47.12,43.93,0
2026-04-02T01:34:12,IMM-02,MD-C03,PP-GF20,DAY,27.9,53.45,0.102,209.63,216.27,221.15,65.67,106.8,62.74,75.7,3.95,1.336,8.3,18.79,35.63,77.7,7.4,763.7,82.55,106.72,47,43.32,0
2026-04-02T01:34:54,IMM-01,MD-C03,PP-GF20,NIGHT,25.24,57.33,0.123,212.09,220.36,222.77,64.7,88.38,47.4,77.02,1.85,1.494,8.72,16.04,35.18,82.5,6.55,793.6,70.34,107.01,47.39,37.55,0
2026-04-02T01:35:36,IMM-03,MD-A12,ABS,DAY,32.26,62.46,0.112,207.43,213.95,218.51,69.48,99.88,57.08,58.95,5.28,1.153,6.48,15.85,31.95,83,8.87,781.4,76.82,92.39,47.94,37.76,0
2026-04-02T01:36:18,IMM-01,MD-A12,ABS,NIGHT,24.4,66.37,0.148,213.27,221.54,228.08,65.31,91.76,52.99,71.32,5.37,1.218,7.04,17.15,33.4,90.4,7.5,794.2,63.05,73.41,42.92,44.68,0
2026-04-02T01:37:00,IMM-03,MD-B07,PP-GF20,NIGHT,30.03,45.02,0.11,220.28,227.31,234.38,66.35,91.93,56.66,80.54,4.31,1.126,7.45,19.05,36.03,79.1,10.61,841.7,58.88,60.89,44.95,42.21,0
2026-04-02T01:37:42,IMM-04,MD-A12,PA6-GF30,EVENING,21.52,59.13,0.214,228.39,235.68,238.46,72.36,87.36,48.52,78.29,5.17,1.009,8.49,19.03,35.79,66.8,8.19,844.3,67.78,70.14,44.66,44.78,0
2026-04-02T01:38:24,IMM-03,MD-B07,PA6-GF30,DAY,28.63,63.44,0.166,232.79,240.88,244.55,78.74,108.25,59.64,69.52,3.11,1.333,7.04,20.34,39.01,77.7,9.27,862,75.4,95.22,51.82,44.23,0
2026-04-02T01:39:06,IMM-01,MD-C03,PP-GF20,EVENING,24.48,45.81,0.067,210.41,216.72,225.44,71.84,100.11,55.92,58.4,4.05,1.265,7.66,19.44,36.52,84.9,8.71,868.9,76.73,103.43,51.36,44.3,1
2026-04-02T01:39:48,IMM-04,MD-A12,PP-GF20,DAY,24.69,60.86,0.148,222.78,232.54,237.66,72.62,97.3,56.27,79.92,3.95,1.24,7.5,15.84,32.25,97,8.11,772,75.85,92.37,45,49.12,1
2026-04-02T01:40:30,IMM-01,MD-B07,PP-GF20,DAY,31.75,71.68,0.183,210.93,216.69,223.26,69.58,84.35,48.98,72.12,4.48,1.113,8.34,19.89,38.84,84.5,9.2,813.7,64.96,79.88,44.08,37.27,0
2026-04-02T01:41:12,IMM-04,MD-A12,ABS,EVENING,24.22,44.45,0.069,214.48,225.21,228.78,70.52,84.29,52.46,82.06,3.61,1.042,7.42,18.71,36.23,86.7,7.37,817.6,56.98,54.93,46.9,33.64,0
2026-04-02T01:41:54,IMM-01,MD-B07,PA6-GF30,DAY,28.08,38.33,0.14,225.43,233.09,239.01,80,100.5,64.23,80.15,3.75,1.108,7.04,15.02,32.4,73.5,8.28,802,83.29,104.46,49.34,52.01,0
2026-04-02T01:42:36,IMM-04,MD-A12,PA6-GF30,EVENING,23.68,53.31,0.123,236.52,248.23,252.87,77.97,94.92,57.18,71.63,3.36,1.347,8.63,19.55,38.26,89.1,8,838.7,66.34,88.13,47.45,47.41,0
2026-04-02T01:43:18,IMM-03,MD-B07,PP-GF20,EVENING,22.4,39.13,0.097,216.57,218.41,220.9,69.49,95.52,56.9,64.97,4.78,1.227,8.77,17.33,35.64,72.7,7.71,849.7,78.34,94.2,42.84,45.21,0
2026-04-02T01:44:00,IMM-02,MD-A12,PP-GF20,DAY,23.09,48.31,0.087,215.93,218.92,224.73,70.59,89.38,56.74,73.24,4.39,0.971,7.68,20.6,38.02,70.1,7.03,830.3,65.67,61.96,42.65,43.59,0
2026-04-02T01:44:42,IMM-02,MD-C03,ABS,NIGHT,30.54,46.18,0.129,207.16,215.73,223.06,60.05,99.23,59.56,80.38,4.28,1.177,7.31,21.3,37.9,74.2,6.55,841.2,73.53,74.25,47.94,44.15,0
2026-04-02T01:45:24,IMM-01,MD-C03,PP-GF20,EVENING,24.29,57.99,0.213,221.5,229.49,234.67,76.74,95,55.26,85.31,4.77,1.316,8.04,17.79,35.59,70.2,10.23,860.9,68.96,87.33,45.98,43.9,1
2026-04-02T01:46:06,IMM-01,MD-A12,ABS,DAY,19.43,34.28,0.231,210.33,220.24,223.63,69.04,75.24,47.42,63.15,4.7,0.988,7.55,19.04,37.31,77.4,8.41,777.5,55.97,52.47,41.17,39.34,1
2026-04-02T01:46:48,IMM-02,MD-C03,ABS,EVENING,23.69,28.38,0.02,208.08,217.24,221.14,64.3,90.37,51.58,71.4,3.95,1.285,8.71,17.56,36.19,71.4,10.06,897,74.22,89.88,48.69,35.15,0
2026-04-02T01:47:30,IMM-01,MD-A12,PP-GF20,DAY,20.03,38.42,0.118,221.96,233.43,241.85,73.37,104.99,60.13,67.02,3.22,0.987,8.35,18.93,37.96,86.2,10.16,859.2,76.85,68,44.98,41.53,0
2026-04-02T01:48:12,IMM-01,MD-B07,PP-GF20,NIGHT,19.2,,0.097,223.95,228.92,233.23,70.75,92.19,53.74,72.66,3.78,1.307,7.67,16.97,35.63,96.9,9.48,839.2,70.07,93.3,46.72,39.95,0
2026-04-02T01:48:54,IMM-03,MD-C03,ABS,DAY,24.98,49.81,0.02,214.81,224.77,231.33,72.2,104.04,62.12,85.76,4.22,1.355,7.91,17.6,34.62,94.6,8.09,908,76.01,99.93,46.64,43.23,0
2026-04-02T01:49:36,IMM-01,MD-C03,ABS,DAY,8.62,47.52,0.153,224.34,234.43,237.94,66.96,93.95,54.81,73.51,2.95,1.399,6.69,20.11,35.54,80.8,7.92,832.1,76,105.54,43.05,46.96,0
2026-04-02T01:50:18,IMM-01,MD-B07,ABS,DAY,19.13,65.43,0.124,204.97,211.04,217.42,69.16,89.26,50.52,78.9,3.51,1.241,8.12,19.44,36.37,82.4,9.33,807.1,68.62,82.64,41.92,41.25,0
2026-04-02T01:51:00,IMM-01,MD-A12,PP-GF20,EVENING,23.27,58.75,0.085,208.58,216.52,221.4,74.8,97.98,52.94,76.57,3.07,1.11,7.42,15.28,31.65,76.9,8.24,830.7,74.32,79.85,45.96,46.75,1
2026-04-02T01:51:42,IMM-03,MD-A12,ABS,NIGHT,24.12,51.46,0.08,206.04,213.26,216.55,64.07,101.91,55.55,78.58,3.93,1.152,7.52,19.53,36.76,84.8,9.13,819.7,70.21,74.21,49.32,39.74,0
2026-04-02T01:52:24,IMM-02,MD-C03,PA6-GF30,EVENING,29.44,50.37,0.192,228.24,236.41,241.17,79.69,102.14,58.64,67.86,2.98,1.344,7.73,20.26,37.06,82,7.56,915.5,81.83,111.41,47.28,53.24,0
2026-04-02T01:53:06,IMM-01,MD-A12,PP-GF20,EVENING,28.85,48.13,0.053,220.43,227.63,233.27,66.8,95.77,57.48,78.55,3.69,1.401,7.6,16.09,33.94,91.8,9.49,817.1,75.07,109.38,47.72,37.93,0
2026-04-02T01:53:48,IMM-02,MD-B07,PP-GF20,DAY,31.63,43.11,0.085,206.75,214.52,220.63,62.96,103.92,60.58,80.79,4.01,1.219,8.99,20.28,39.4,68.4,9.23,798.6,79.1,96.56,48.37,47.23,1
2026-04-02T01:54:30,IMM-03,MD-B07,PA6-GF30,DAY,24.21,39.22,0.206,231.04,240.28,245.05,73.87,100.28,55.08,71.9,3.79,1.149,8.03,17.49,35.44,83.4,10.28,828,84.32,103.39,44.41,53.54,0
2026-04-02T01:55:12,IMM-01,MD-B07,ABS,EVENING,26.66,38.58,0.115,210.48,218.61,222.12,75.38,90.65,54.74,73.92,3.38,0.975,7.8,19.86,35.74,103.8,9.27,751.5,72.14,71.29,47.81,43.09,0
2026-04-02T01:55:54,IMM-03,MD-B07,ABS,DAY,27.94,58.61,0.121,219.21,228.77,233.24,69.88,112.39,62.02,73.26,4.19,1.067,8.93,17.51,36.24,90.2,9.16,810.3,85.91,92.51,47.83,45.46,1
2026-04-02T01:56:36,IMM-04,MD-A12,ABS,EVENING,22.2,,0.111,198.25,209.64,214.95,69.83,83.65,49.68,72.78,3.11,1.242,8.78,17.91,34.83,85.5,9.64,845.1,66.95,76.09,45.73,51.54,1
2026-04-02T01:57:18,IMM-02,MD-A12,PP-GF20,EVENING,22.1,44.88,0.045,216.99,227.65,236.02,70.82,94.07,51.72,80.17,4.57,1.273,7.06,18.49,34.25,78.3,9.58,821.2,66.55,74.76,38.16,45.92,0
2026-04-02T01:58:00,IMM-02,MD-C03,PA6-GF30,DAY,26.69,26.2,0.228,235.58,245.08,249.1,71.5,103.27,57.55,66.55,3.51,1.344,7.19,17.36,33.85,103.4,7.76,842,78.83,111.17,46.33,49.91,0
2026-04-02T01:58:42,IMM-01,MD-B07,PA6-GF30,NIGHT,26.62,43.62,0.116,230.43,240.64,246.3,72.32,100.01,57.62,68.46,4.87,1.168,7.73,20.85,38.54,92.6,6.77,857.7,78.93,91.81,49.31,46.88,0
2026-04-02T01:59:24,IMM-03,MD-B07,PP-GF20,DAY,29.43,66.29,0.133,222.52,230.99,238.62,69.4,101.97,54.34,74.73,2.94,1.034,6.07,18.56,34.58,76.6,9.29,843,78.76,81.62,42.42,41.59,0
2026-04-02T02:00:06,IMM-04,MD-C03,PP-GF20,DAY,21,47.17,0.171,210.49,219.76,227.87,73.77,91.43,56.76,85.17,3.75,1.254,8.75,20.64,39.06,89.1,7.98,859.4,64.88,92.7,49.51,36.85,0
2026-04-02T02:00:48,IMM-03,MD-A12,PP-GF20,EVENING,24.86,49.72,0.203,217.38,225.07,230.95,65.49,94.2,55.72,71.86,4.25,1.067,7.72,19.2,35.7,89.2,7.49,867.3,70.77,78.78,45.09,46.14,0
2026-04-02T02:01:30,IMM-02,MD-C03,PP-GF20,DAY,25.67,26.68,0.127,220.28,225.94,230.26,66.89,91.11,52,78.07,4.2,1.232,7.14,18.01,35.74,80.1,7.38,844.1,70.59,91.91,44.37,45.16,0
2026-04-02T02:02:12,IMM-03,MD-A12,PA6-GF30,EVENING,20.78,60.29,0.244,231.39,236.67,243.42,76.73,107.28,63.23,60.94,3.98,1.035,7.95,15.73,32.47,84.3,8.33,807,80.67,75.22,47.28,50.92,1
2026-04-02T02:02:54,IMM-04,MD-B07,ABS,EVENING,29.21,32.91,0.02,207.01,217.22,224.64,73.88,86.84,50.91,69.6,5.25,0.951,8.39,15.87,33.55,79.9,7.59,833.9,64.45,63.66,46.52,39.86,0
2026-04-02T02:03:36,IMM-03,MD-B07,PP-GF20,DAY,25.75,20,0.189,206.8,211.48,215.63,72.08,87.16,55.37,74.77,3.35,1.094,8.04,17.25,35.24,80.4,9.49,809.4,67.6,70.69,55.86,48.73,1
2026-04-02T02:04:18,IMM-02,MD-A12,PP-GF20,EVENING,17.22,77.96,0.079,222.5,228,237.27,75.72,89.23,51.81,71.65,4.11,1.222,7.76,16.72,33.64,77.3,10.21,800.8,62.95,80.69,42.63,45.43,1
2026-04-02T02:05:00,IMM-04,MD-C03,PP-GF20,EVENING,22.94,72.3,0.189,211.89,215.36,220.79,70.15,100.03,54.73,86.3,4.75,1.425,7.67,20.09,37.66,97.6,9.87,878.2,74.16,102.98,47.38,38.58,0
2026-04-02T02:05:42,IMM-04,MD-C03,PP-GF20,DAY,21.26,48.89,0.028,207.28,215.01,222.38,69.71,107.93,64.48,70.7,4.16,1.166,7.33,16.85,34.57,90.2,9.69,859.1,81.94,99.82,48.23,39.24,1
2026-04-02T02:06:24,IMM-03,MD-A12,PP-GF20,DAY,19.84,47.36,0.142,220.29,228.56,235.35,71.44,96.81,56.21,67.06,4.2,0.94,8.55,20.02,37.46,66.6,9.69,819.7,73.67,66.82,46.96,38.03,0
2026-04-02T02:07:06,IMM-04,MD-B07,ABS,NIGHT,25.13,39.13,0.183,207.76,213.25,218.8,62.85,110.65,66.03,81.4,4.83,1.038,7.14,20.83,37.59,80.4,7.92,680.2,79.66,75.26,54.54,34.84,1
2026-04-02T02:07:48,IMM-03,MD-B07,PP-GF20,DAY,26,49.39,0.094,214.09,224.55,232.44,75.8,108.65,61.47,78.29,4.26,1.241,8.26,16.28,34.56,94.8,7.73,821,82.66,99.64,44.45,33,0
2026-04-02T02:08:30,IMM-04,MD-B07,PA6-GF30,EVENING,31.54,63.85,0.104,231.55,240.26,244.2,78.12,97.29,59.15,81.81,3.31,1.275,7.81,18.17,34.79,83.6,10.78,812.9,81.4,110.38,46.58,49.5,0
2026-04-02T02:09:12,IMM-01,MD-A12,ABS,DAY,28.1,65.04,0.17,221.25,228.53,235.11,63.63,110.99,62.13,78.28,4.78,1.009,8.04,16.13,33.52,70.9,9.22,766.7,81.37,83.93,40.48,33.94,0
2026-04-02T02:09:54,IMM-03,MD-B07,PA6-GF30,NIGHT,22.16,49,0.139,230.14,235.01,240.38,75.82,103.88,62.21,82.01,3.8,1.358,8.01,18.72,35.41,74.5,7.64,814.2,78.02,110.77,46.05,54.11,0
2026-04-02T02:10:36,IMM-02,MD-B07,PA6-GF30,DAY,19.91,53.53,0.223,237.14,243.79,250.41,79.23,106.34,64.46,75.97,3.93,1.151,6.44,20.38,36.91,71.8,7.84,831.3,79.56,93.54,38.42,50.93,0
2026-04-02T02:11:18,IMM-04,MD-A12,PA6-GF30,DAY,27.56,61.24,0.194,238.41,245.39,254.29,75.26,105.91,57.94,77.22,4.94,1.159,7.74,17.29,35.57,74.1,7.22,812.9,82.97,97.18,52.09,50.91,1
2026-04-02T02:12:00,IMM-04,MD-C03,PA6-GF30,EVENING,27.68,52.04,0.16,230.39,238.73,246.41,79.32,113.83,62.42,71.44,3.26,1.231,7.09,19.04,35.83,84.3,10.91,789.2,86.35,103.85,46.86,55.33,1
2026-04-02T02:12:42,IMM-04,MD-B07,PP-GF20,EVENING,23.54,43.81,0.124,216.86,227.29,228.66,69.9,81.04,42.88,77.89,3.24,1.279,6.93,17.45,33.58,71.2,9.56,795.4,65.83,94.1,46.19,38.25,1
2026-04-02T02:13:24,IMM-02,MD-A12,ABS,EVENING,27.69,40.54,0.061,208.37,221.1,226.88,71.11,85.6,53.06,86.6,4.48,1.216,7.39,20.13,37.14,76.5,6.79,829.6,70.62,77.11,45.94,42.74,0
2026-04-02T02:14:06,IMM-02,MD-C03,PA6-GF30,DAY,25.47,79.48,0.152,240.84,248.25,258.9,77.76,112.02,67.01,76.54,2.55,1.208,8.2,18.63,35.98,66.2,8.28,819.5,83.75,101.61,46.15,45,0
2026-04-02T02:14:48,IMM-02,MD-B07,PA6-GF30,EVENING,29.78,33.62,0.123,233.46,241.68,247.71,72.73,99.61,62.95,77.1,4.43,1.246,8.05,17.17,35.12,71.2,8.06,801.1,71.03,81.74,44.28,53.92,0
2026-04-02T02:15:30,IMM-01,MD-B07,PA6-GF30,EVENING,22.79,20,0.153,225.99,233.57,238.46,76.49,99.88,64.6,62.22,4.54,1.352,7.51,17.11,34.88,79.3,6.79,811.7,78.82,106.79,43.18,59.2,0
2026-04-02T02:16:12,IMM-04,MD-A12,ABS,EVENING,20.03,49.06,0.121,207.08,217,225.09,70.2,99.25,55.76,73.12,4.71,1.115,6.99,17.14,34.42,96.7,9.15,829,70.34,68.57,46.46,40.76,0
2026-04-02T02:16:54,IMM-01,MD-C03,PA6-GF30,EVENING,24,29.19,0.149,230.01,238.25,243.25,69.88,105.98,59.49,72.17,3.82,1.36,7.06,21.23,38.93,93.8,8.9,838.2,80.14,108.27,42.72,52.95,0
2026-04-02T02:17:36,IMM-01,MD-A12,ABS,DAY,26.53,60.97,0.165,212.97,223.52,226.23,70.3,94.95,59.24,72.16,4.53,0.878,6.89,18.92,35.65,81.1,9.94,769.2,71.58,63.04,48.26,42.41,0
2026-04-02T02:18:18,IMM-01,MD-B07,ABS,EVENING,30.11,52.92,0.054,208.08,213.8,218.48,68.88,102.5,57.61,73.99,3.16,0.986,8.25,17.75,35.07,83.2,8.58,856.9,73.09,68.92,45,38.53,0
2026-04-02T02:19:00,IMM-01,MD-C03,PA6-GF30,EVENING,18.99,42.76,0.198,228.35,232.74,238.76,75.99,117.62,69.24,64.2,4.43,1.295,8.32,21.39,39.51,85.9,7.7,820.2,77.97,100.41,41.19,48.42,1
2026-04-02T02:19:42,IMM-03,MD-B07,ABS,EVENING,27.35,50.5,0.083,221.52,231.1,233.61,59.96,97.2,55.56,62.17,3.6,0.924,6.27,17.71,33.46,82.8,8.96,805.7,75.35,69.42,43.09,42.31,0
2026-04-02T02:20:24,IMM-04,MD-C03,PP-GF20,EVENING,30.69,,0.103,216.4,223.99,228.99,69.42,90.29,49.69,80.67,4.48,1.159,8.96,19.62,39.12,88.2,9.8,868.7,66.78,79.94,46.78,35.7,0
2026-04-02T02:21:06,IMM-01,MD-B07,PA6-GF30,DAY,24.53,55.58,0.234,228.02,234.89,241.28,66.69,94.14,57.46,75.55,3.75,1.222,6.53,17.33,34.19,78.8,7.89,817.2,71.22,99.35,48.1,47.6,1
2026-04-02T02:21:48,IMM-04,MD-C03,ABS,DAY,28.79,36.5,0.035,204.39,218.17,222.91,64.18,108.12,64.97,79.52,4.68,1.416,7.61,20.48,38.48,80.2,8.52,802.9,81.34,114.02,48.18,44.43,1
2026-04-02T02:22:30,IMM-01,MD-A12,PP-GF20,DAY,19.1,49.49,0.173,210.1,216.77,223.36,60.78,88.04,52.53,76.17,4.01,1.044,7.12,15.66,33.28,88.6,8.96,877.6,57.82,54.09,39.46,45.19,0
2026-04-02T02:23:12,IMM-03,MD-C03,PP-GF20,EVENING,24.48,39.81,0.161,209.18,214.4,216.83,74.17,90.42,56.93,59.73,4.58,1.342,8.01,20.55,38.61,84,8.36,830.2,68,92.87,43.05,44.61,0
2026-04-02T02:23:54,IMM-03,MD-C03,PP-GF20,DAY,22.71,37.24,0.231,211.22,221.48,224.9,71.72,95.23,59.43,83.27,3.16,1.201,8.96,18.49,36.85,73.4,7.29,801,73.8,81.14,50.15,40.86,1
2026-04-02T02:24:36,IMM-04,MD-B07,PP-GF20,DAY,28.49,46.84,0.02,214.74,217.59,225.14,73.75,94.62,53.77,73.07,4.56,1.093,7.42,16.83,32.82,80.5,8.21,828.6,65.84,72.91,47.83,40.97,0
2026-04-02T02:25:18,IMM-01,MD-B07,PP-GF20,EVENING,28.45,39.36,0.045,217.43,228.52,236.59,76.27,103.16,59.97,80.52,5.11,1.061,6.64,17.12,33.17,84.3,10.44,834.5,83.75,94.94,49.38,39.27,0
2026-04-02T02:26:00,IMM-02,MD-C03,PA6-GF30,EVENING,29.87,34.46,0.105,234.49,244.37,247.37,77.83,107.5,64.54,66.86,3.48,1.18,6.13,19.99,36.56,73.6,11.11,859.2,88.33,113.84,49.02,44.78,0
2026-04-02T02:26:42,IMM-04,MD-B07,PP-GF20,EVENING,24.46,43.46,0.085,225.81,233.75,238.62,79.07,89.63,55.24,72.51,3.67,1.202,7.29,21.12,38.55,77.4,7.03,794.5,68.86,80.15,49.02,41.12,0
2026-04-02T02:27:24,IMM-01,MD-C03,ABS,DAY,18.69,52.59,0.207,210.65,220.83,223.11,75.88,93.4,55.13,66.48,4.86,1.211,8.11,17.5,35.44,60.6,9.28,852.5,72.07,83.76,50.9,46.9,0
2026-04-02T02:28:06,IMM-04,MD-C03,ABS,DAY,18.96,32.26,0.141,211.76,218.37,223.92,76.19,98.68,62.73,82.77,3.09,1.208,7.71,20.2,37.07,96.9,8.09,906.2,68.87,84.23,47.38,44.2,0
2026-04-02T02:28:48,IMM-04,MD-A12,PA6-GF30,DAY,22.56,57.33,0.151,220.65,224.79,228.34,80.91,99.77,57.9,84.41,4.36,1.228,7.29,20.97,38.52,87.6,9.73,834.1,,90.47,48.63,56.15,0
2026-04-02T02:29:30,IMM-01,MD-C03,ABS,DAY,21.66,47.95,0.075,217.97,228.49,232.8,67.66,87.06,46.52,73.42,4.81,1.312,8.47,19.14,37.37,80.6,9.37,793.8,64.41,78.91,45.07,41.56,0
2026-04-02T02:30:12,IMM-01,MD-B07,PP-GF20,NIGHT,23.41,51.54,0.177,224.13,233.11,237.05,64.78,93.69,52.62,79.53,4.07,1.223,7.06,16.77,32.96,70.1,8.84,854.7,74.85,90.15,51.79,43.66,1
2026-04-02T02:30:54,IMM-01,MD-B07,PP-GF20,NIGHT,19.73,55.09,0.147,205.81,215.97,220.51,68.19,101.8,63.83,69.6,3.57,0.996,7.36,19.63,36.23,78.5,8.73,882.4,87.8,98.2,47.03,42.14,0
2026-04-02T02:31:36,IMM-01,MD-B07,ABS,EVENING,27.28,39.82,0.136,213.55,224.31,228.4,69.37,95.54,56.7,82.45,4.47,1.046,8.3,17.84,35.53,79.1,7.27,837.2,65.49,69.56,48.73,37.14,0
2026-04-02T02:32:18,IMM-02,MD-B07,PA6-GF30,NIGHT,21.95,59.63,0.128,233.7,241.64,248.63,75.19,101.45,52.87,67.59,3.9,1.191,7.94,20.02,38.43,72,7.31,858.5,81.99,92.46,48.27,48.61,0
2026-04-02T02:33:00,IMM-02,MD-A12,PP-GF20,EVENING,26.28,59.62,0.177,214.92,221.85,225.76,71.48,96.9,55.33,64.89,4.12,0.996,7.65,16.82,34.35,84.9,9.73,825.4,69.52,63.86,46.91,39.26,0
2026-04-02T02:33:42,IMM-01,MD-A12,PA6-GF30,NIGHT,30.89,47.56,0.081,245.81,255.34,262.49,78.73,96.71,52.24,67.32,3.57,1.157,8.1,18.53,37.24,74.7,8.75,838.8,67.3,73.67,44.75,44.92,0
2026-04-02T02:34:24,IMM-02,MD-B07,PP-GF20,DAY,24.32,52.28,0.101,217.95,228.24,235.49,64.12,96.3,54.13,83.52,4.31,0.924,8.06,18.16,35.92,94.1,7.52,879.4,70.84,59.58,47.85,40.7,0
2026-04-02T02:35:06,IMM-04,MD-C03,PA6-GF30,DAY,30.86,39.84,0.17,235.05,246.69,251.2,80.58,100.75,59.97,75.32,3.11,1.509,6.44,18.64,35.55,74.1,5.87,889.5,71.5,111.88,46.17,48.18,1
2026-04-02T02:35:48,IMM-02,MD-B07,PP-GF20,DAY,23.44,38.67,0.138,206.96,213.49,220.02,70.04,104.21,59.29,72.18,4.05,1.326,8.47,17.57,35.82,96.3,8.54,809.3,81.22,110.19,47.47,36.22,0
2026-04-02T02:36:30,IMM-01,MD-C03,PA6-GF30,NIGHT,24.85,44.78,0.176,240.87,246.13,248.68,77.71,94.36,56.7,75.64,3.09,1.136,7.75,18.98,37.08,88.1,9.52,892.6,71.05,80.59,45.63,51.05,0
2026-04-02T02:37:12,IMM-02,MD-C03,PA6-GF30,NIGHT,27.57,38.7,0.157,228.9,237.08,242.24,78.09,101.05,60.46,65.01,3.58,1.206,7.92,21.87,39.62,90.4,9.68,852.4,81.76,99.76,48.82,54.07,0
2026-04-02T02:37:54,IMM-01,MD-A12,ABS,NIGHT,20.17,43.82,0.101,210.51,216.06,217.47,73.78,94.16,54.54,65.35,3.46,0.989,6.58,18.73,33.95,52.8,8.69,828,77.53,75.22,45.91,46.47,0
2026-04-02T02:38:36,IMM-02,MD-B07,PP-GF20,EVENING,23.89,55.76,0.124,211.36,221.72,226.22,69.83,92.42,52.64,67.69,4.44,1.103,5.94,17.38,33.61,79,9.12,767.4,73.46,79.76,40.55,49.19,1
2026-04-02T02:39:18,IMM-01,MD-C03,PP-GF20,DAY,26.96,55.18,0.033,215.19,222.63,226.19,66.18,108.29,65.59,73.17,3.53,1.635,7.87,20.97,39.3,87.7,9.78,847.8,84.64,136.34,45.63,40.01,1
2026-04-02T02:40:00,IMM-03,MD-A12,ABS,EVENING,26.46,34.96,0.084,213.69,217.57,222.55,72.03,88.7,53.65,79.19,2.77,1.036,7.85,15.97,33.43,76.1,9.25,808.2,64.93,80.66,47.89,46.24,0
2026-04-02T02:40:42,IMM-02,MD-A12,PP-GF20,NIGHT,27.28,28.06,0.076,215.91,222.72,234.55,74.07,102.95,57.64,69.72,4.72,1.146,8.65,18.02,36.56,80.2,7.57,807.4,82.97,114.06,40.54,47.3,0
2026-04-02T02:41:24,IMM-03,MD-C03,PP-GF20,NIGHT,23.68,48.95,0.134,212.93,221.47,226.69,65.25,100.16,55.62,73.27,3.44,1.379,6.73,17.66,35.25,78.5,9.18,844.2,71.59,90.71,46.45,38.36,0
2026-04-02T02:42:06,IMM-01,MD-B07,PA6-GF30,DAY,24.59,39.3,0.134,227.92,235.88,240.17,76.69,104.85,58.8,67.28,4.8,1.241,8.15,18.72,37.1,100.8,9.13,827.3,79.67,101.55,50.16,49.53,0
2026-04-02T02:42:48,IMM-02,MD-B07,ABS,DAY,26.58,43.6,0.175,215.18,226.57,232.67,62.83,87.56,52.49,76.58,4.5,1.206,8.55,17.63,35.5,93.1,8.54,839.6,65.08,73.58,44.58,36.12,0
2026-04-02T02:43:30,IMM-03,MD-B07,PA6-GF30,NIGHT,18.14,72.06,0.179,230.95,235.66,243.1,75.24,105.86,63.78,73.08,3.96,1.089,6.17,17.06,33.3,90.4,9.98,831,79.83,89.89,52.99,50.84,0
2026-04-02T02:44:12,IMM-01,MD-B07,ABS,EVENING,20.01,45.96,0.131,204.28,208.82,213.73,67.82,95.75,60.61,71.63,3.68,1.445,7.97,16.25,33.83,76.7,8.49,834.4,69.97,93,49.71,52.32,0
2026-04-02T02:44:54,IMM-02,MD-C03,PA6-GF30,DAY,22.08,46.73,0.11,231.16,237.2,245.18,73.08,110.87,66.77,68.32,3.44,1.118,9.43,21.18,39.96,93.8,9.31,832.3,89.92,95.27,49.36,49.03,0
2026-04-02T02:45:36,IMM-02,MD-A12,PP-GF20,EVENING,24.36,46.33,0.153,211.02,216.27,223.54,67.93,97.31,52.38,79.82,3.31,1.305,8.52,18.29,37.32,81.3,8.68,804.8,74.68,92.59,36.39,39.51,0
2026-04-02T02:46:18,IMM-03,MD-A12,PA6-GF30,DAY,27.27,43.79,0.179,229.37,234.21,240.1,70.46,110.05,64.02,65.8,3.61,1.239,6.88,18.19,32.93,74.1,8.26,803.8,81.62,94.71,38.57,44.89,1
2026-04-02T02:47:00,IMM-03,MD-C03,PP-GF20,NIGHT,20.55,58.37,0.135,222.76,229.33,233.21,69.89,95.07,63.11,81.14,3.43,1.08,6.67,17.49,34.4,89.5,9.55,906.2,73.57,78.13,44.3,58.92,0
2026-04-02T02:47:42,IMM-02,MD-B07,PP-GF20,DAY,26.63,36.51,0.111,205.41,213.86,219.86,72.26,86.68,55.28,69.6,4.17,1.242,7.56,16.71,33.47,76,8.58,804.9,68.59,78.36,39.46,45.53,1
2026-04-02T02:48:24,IMM-03,MD-A12,PA6-GF30,DAY,16.71,46.17,0.151,231.49,236.26,242.16,80.96,111.19,65.75,77.23,4.89,1.156,7.94,18.54,35.54,77.4,8.76,896.7,89.19,87.78,45.03,49.14,0
2026-04-02T02:49:06,IMM-01,MD-A12,PA6-GF30,EVENING,29.25,51.49,0.18,232.19,242.72,248.58,74.48,108,62.18,79.9,4.9,1.114,9.39,16.2,35.74,83,10.07,828.2,82.75,92.41,44.3,50.19,0
2026-04-02T02:49:48,IMM-04,MD-A12,ABS,DAY,22.61,46.92,0.181,210,217.58,225.43,72.89,84.09,48.14,71.84,4.19,1.24,6.98,20.78,36.65,88.2,8.78,866.2,57.48,67.91,48.75,35.87,1
2026-04-02T02:50:30,IMM-02,MD-A12,PP-GF20,DAY,23.81,53.4,0.065,217.86,225.52,228.98,74.91,86.8,51.65,75.23,4.41,1.16,6.98,19.02,35.97,94,9.03,853.9,66.83,79.03,48.5,41.26,0
2026-04-02T02:51:12,IMM-01,MD-A12,PA6-GF30,NIGHT,25.32,40.64,0.103,226.49,230.3,234.04,76.3,98.61,54.04,70.01,4.36,1.212,7.51,19.59,37.2,90.6,9.06,812,71.99,96.85,46.03,52.84,1
2026-04-02T02:51:54,IMM-02,MD-B07,ABS,NIGHT,20.51,49.61,0.19,208.79,218.34,220.46,68.65,95.22,56.56,73.84,4.08,1.2,8.09,18.01,35.48,81.2,7.81,865.1,73.83,92.36,44.05,48.19,0
2026-04-02T02:52:36,IMM-01,MD-A12,PP-GF20,NIGHT,20.51,57.54,0.146,211.25,217.55,224.07,65.01,89.34,47.59,64.14,3.95,1.259,8.39,18.57,37.15,89.9,7.23,810.2,73.1,98.24,46.16,38.4,0
2026-04-02T02:53:18,IMM-03,MD-B07,PA6-GF30,DAY,26.23,52.2,0.149,222.02,229.6,234.67,70.24,106.67,62.02,80.52,2.65,1.397,8.85,16.61,35.18,88.9,7.85,800,80.04,110.77,47.59,52.67,0
2026-04-02T02:54:00,IMM-03,MD-B07,PP-GF20,DAY,24.44,50.35,0.068,209.15,216.6,224.55,71.94,111.93,63.31,61.34,4.13,1.139,8.95,17.98,37.08,88,9.25,763,82.25,102.21,46.76,43.92,0
2026-04-02T02:54:42,IMM-02,MD-B07,PP-GF20,DAY,29.76,38.66,0.066,215.27,220.6,224.61,59.77,99.2,60.93,60.73,3.22,1.123,6.8,19.21,35.25,79.6,8.57,824.5,68.01,84.1,49.56,44.75,1
2026-04-02T02:55:24,IMM-03,MD-C03,PP-GF20,DAY,24.31,60.9,0.161,209.01,214.9,218.43,77.22,89.61,49.04,78.53,4.07,1.294,8.25,17.05,35.38,69.3,7.58,824.3,64.57,81.62,47.57,47.15,0
2026-04-02T02:56:06,IMM-02,MD-B07,PP-GF20,DAY,26.75,49.69,0.115,224.57,233.24,240.05,72.44,88.02,50.48,79.37,3.11,1.23,6.59,18.29,34.76,68.2,8.23,852.8,66.95,78.29,49.8,40.92,0
2026-04-02T02:56:48,IMM-02,MD-A12,ABS,DAY,30.43,43.36,0.173,214.07,220.23,226.9,67.45,97.79,59.28,84.86,4.86,1.307,7.86,16.63,34.79,74.4,8,856,77.28,96.68,52.58,40.4,1
2026-04-02T02:57:30,IMM-02,MD-A12,PP-GF20,NIGHT,23.84,43.32,0.077,217.46,220.11,223.72,63.68,95.43,52.78,78.41,2.77,1.287,7.41,18.44,35.49,84.1,9.3,812.6,73.08,97.27,43.63,48.8,0
2026-04-02T02:58:12,IMM-02,MD-B07,PA6-GF30,EVENING,21.66,44.7,0.192,231.94,235.03,241.41,76.68,103.26,66.95,60.57,4.84,1.289,8.26,20.9,38.08,73.8,9.99,782.4,80.64,110.78,44.98,57.62,0
2026-04-02T02:58:54,IMM-04,MD-A12,PA6-GF30,DAY,27.14,68.28,0.1,225.09,230.13,232.18,80.59,95.33,52.28,83.75,3.62,1.258,7.63,17.82,35.96,76.5,8.74,796.5,65.61,74.85,49.87,46.9,0
2026-04-02T02:59:36,IMM-03,MD-A12,PP-GF20,DAY,21.93,38.01,0.099,221.33,232.99,238.37,63.02,94.58,54.06,71.13,3.62,1.033,6.93,17.34,32.98,88.5,7.59,795.8,71.55,81.43,47.76,46.18,0
2026-04-02T03:00:18,IMM-03,MD-A12,PA6-GF30,EVENING,26.11,57.6,0.107,231.7,237.72,243.55,78.4,116.09,67.82,69.82,2.87,1.277,8.8,19.33,37.92,82.5,10.41,831.8,79.73,107.44,45.57,53.56,0
2026-04-02T03:01:00,IMM-01,MD-A12,ABS,EVENING,17.81,51.37,0.048,212.15,216.73,223.45,72.77,97.48,51.48,72.54,3.93,1.353,8.42,14.68,33.81,80.1,7.23,835.6,74.28,98.38,46.65,37.68,0
2026-04-02T03:01:42,IMM-02,MD-C03,PA6-GF30,NIGHT,25.96,41.72,0.185,238.62,247.22,251.01,73.19,93.54,53.04,78.99,4.04,1.483,7.46,18.06,35.52,79.3,8.63,804.9,80.2,120.2,45.27,45.86,0
2026-04-02T03:02:24,IMM-04,MD-B07,PP-GF20,EVENING,22.89,56.97,0.157,214.04,219.67,224.91,67.59,96.71,51.13,82.53,4.54,1.078,9.48,20.57,39.22,87.9,8.17,853.7,77.88,84.35,43.48,47.28,0
2026-04-02T03:03:06,IMM-01,MD-B07,ABS,EVENING,25.93,54.35,0.164,207.85,214.12,217.4,74.79,93.25,50.87,79.75,4.43,1.104,6.74,17.26,33.13,86.4,7.78,829.2,72.02,81.14,43.17,45.17,0
2026-04-02T03:03:48,IMM-01,MD-B07,PA6-GF30,DAY,29.06,25.53,0.109,236.95,245.23,251.84,82.89,97.81,55.9,68.57,3.75,1.285,7.44,17.66,35.7,81.9,7.37,834.2,76.9,105.6,43.71,59.67,0
2026-04-02T03:04:30,IMM-01,MD-A12,PA6-GF30,EVENING,25.09,52.74,0.169,225.5,231.18,236.7,73.75,101.56,55.07,72.15,3.92,1.372,8.01,16.16,33.2,84.5,7.41,855.1,75.88,104.54,47.7,53.01,0
2026-04-02T03:05:12,IMM-04,MD-A12,PA6-GF30,DAY,21.99,65.01,0.161,237.09,247.4,256.29,73.95,103.8,60.26,74,4.97,1.238,7.86,17.73,34.74,75.8,6.22,815,79.28,94.19,42.09,52.49,0
2026-04-02T03:05:54,IMM-03,MD-C03,PA6-GF30,NIGHT,23.29,58.09,0.263,229.59,234.45,241.29,78.32,117.92,74.49,75.03,3.74,1.487,8.35,19.68,37.31,86,7.4,800.3,89.06,134.58,45.76,50.84,1
2026-04-02T03:06:36,IMM-01,MD-C03,ABS,DAY,18.89,39.49,0.165,215.78,225.24,228.11,69.77,96.45,52.88,72.44,3.69,1.183,6.3,19.5,36.65,91.1,8.42,841.8,75.69,98.33,41.79,43.53,0
2026-04-02T03:07:18,IMM-01,MD-B07,PP-GF20,EVENING,18.55,40.32,0.113,216.31,228.4,238.69,69.03,95.28,56.45,67.88,3.75,1.169,7.59,20.66,38.25,80.9,8.76,769,69.37,78.6,47.2,36.8,0
2026-04-02T03:08:00,IMM-02,MD-A12,ABS,EVENING,21.93,63.27,0.082,216.17,220.84,225.58,68.74,82.73,44.36,66.08,4.42,1.173,6.89,17.2,33.33,96.5,7.67,874.8,62.7,72.12,45.41,51.72,1
2026-04-02T03:08:42,IMM-01,MD-A12,PP-GF20,DAY,28.27,41.68,0.09,203.44,211.16,214.76,71.74,84.46,50.01,57.44,4.02,0.995,8.65,18.09,36.72,81.6,7.04,821.5,66.81,64.8,45.54,44.05,0
2026-04-02T03:09:24,IMM-04,MD-A12,ABS,DAY,31.04,59.13,0.133,211.78,222.34,227.85,67.97,100.04,60.43,80.94,2.95,1.237,6.41,19.07,35.69,88.1,7.11,828.1,71.07,95.92,48.61,36.85,1
2026-04-02T03:10:06,IMM-04,MD-B07,PP-GF20,DAY,23.97,68.26,0.137,215.11,223.79,232.24,69.04,87.3,55.3,70.44,2.39,1.246,6.5,17.61,33.11,82.2,8.2,800,75.32,98.18,44.18,43.07,0
2026-04-02T03:10:48,IMM-01,MD-A12,PP-GF20,EVENING,25.44,54.69,0.122,220.05,228.79,233.74,65,102.14,66.41,77.08,3.68,1.244,8.25,16.28,34.88,81.3,8.07,838.9,76.19,87.86,41.36,39.97,0
2026-04-02T03:11:30,IMM-02,MD-A12,PA6-GF30,EVENING,27.31,22.51,0.265,223.76,230.23,235.84,75.1,117.46,65.04,71.52,4.45,1.23,8.48,18.29,36.88,73.6,7.3,872.9,79.51,97.08,43.38,47.2,1
2026-04-02T03:12:12,IMM-01,MD-A12,ABS,NIGHT,27.31,55.2,0.172,208.52,212.49,219.52,68.76,82.45,48.07,67.62,3.96,1.117,8,19.14,36.98,82.4,7.84,770.5,65.18,80.46,46.66,41.81,1
2026-04-02T03:12:54,IMM-04,MD-C03,PP-GF20,EVENING,27.43,58.96,0.092,214.14,221.53,226.24,71.45,101.44,59.54,76.24,2.38,1.361,6.97,20.2,37.07,68.1,8.12,859.5,76.79,99.21,45.38,43.63,0
2026-04-02T03:13:36,IMM-02,MD-B07,ABS,EVENING,27.89,31.24,0.113,211.99,219.05,224.52,72,97.23,54.11,67.69,3.95,1.16,10.21,16.07,35.44,80.3,7.46,826.9,74.07,79.53,40.75,40.5,0
2026-04-02T03:14:18,IMM-03,MD-B07,PA6-GF30,DAY,24.05,34.52,0.211,224.29,232.57,237.4,77.94,100.62,56.66,72.14,3.81,1.222,6.09,17.97,32.79,72.5,8.68,805.4,71.79,95.77,48.38,43.9,0
2026-04-02T03:15:00,IMM-04,MD-B07,PP-GF20,EVENING,28.01,49.35,0.069,218.26,222.45,227.58,68.08,108.95,58.19,65,3.52,0.982,8.18,16.98,34.14,104.2,8.1,806,89.5,96.14,41.95,41.5,0
2026-04-02T03:15:42,IMM-03,MD-A12,ABS,DAY,29.23,25.49,0.071,203.47,205.49,210.77,74.9,99.01,57.87,70.12,4.66,1.416,7.07,18.28,34.95,88.1,9.17,790.8,76.97,107.96,42.58,45.9,0
2026-04-02T03:16:24,IMM-04,MD-A12,PP-GF20,EVENING,19.89,47.31,0.073,221.02,229.7,233.08,72.31,94.45,54.75,78.79,4.29,1.136,7.71,17.05,34.98,82.8,8.85,814.6,77.25,93.48,53.5,30.41,0
2026-04-02T03:17:06,IMM-01,MD-A12,ABS,DAY,21.52,66.28,0.057,206.26,216.18,224.47,70,93.07,50.71,77.45,4.67,1.187,6.4,17.01,33.08,81.1,10.15,816.2,71.63,76.86,47.66,38.41,0
2026-04-02T03:17:48,IMM-04,MD-B07,PP-GF20,DAY,22.64,39.28,0.159,210.68,214.93,222.32,70.48,100.71,57.8,61.86,3.35,1.405,8.67,21.45,40.39,78.9,9.86,834.2,68.99,96.9,47.24,38.12,0
2026-04-02T03:18:30,IMM-03,MD-A12,PP-GF20,EVENING,30.83,44.02,0.17,211.78,218.05,222.9,73.04,95.83,57.89,70.88,4.06,1.135,8.25,17.87,35.67,83.8,7.62,797.7,70.89,83.43,47.49,46.38,0
2026-04-02T03:19:12,IMM-01,MD-C03,ABS,DAY,22.97,27.66,0.103,206.98,210.21,213.6,74.18,95.44,52.05,78.84,5.14,1.257,7.49,21.67,38.37,82.5,8.6,907,73.34,85.31,47.92,47.25,0
2026-04-02T03:19:54,IMM-01,MD-A12,PP-GF20,NIGHT,21.36,33.54,0.095,221.65,227.04,231.42,67.58,109.47,65.22,73.16,4.17,1.044,6.29,17.14,33.14,81.9,7.58,852.3,74.95,84.02,45.64,43.14,0
2026-04-02T03:20:36,IMM-03,MD-C03,ABS,DAY,22.65,38.92,0.102,215.41,222.18,227.71,63.06,101.91,58.46,76.74,2.32,1.097,6.9,18.18,34.23,90,7.09,842.8,81.85,98.5,44.02,43.98,0
2026-04-02T03:21:18,IMM-03,MD-B07,PA6-GF30,DAY,25.19,67.6,0.155,233.46,242.35,246.13,72.65,103.51,61.65,70.59,4.13,1.087,6.79,18.15,33.17,92.5,8.81,853,88.63,94.65,41.48,53.26,0
2026-04-02T03:22:00,IMM-02,MD-A12,PP-GF20,NIGHT,18.49,41.95,0.141,210.36,214.07,222.32,62.72,100.25,51.65,77.44,4.46,1.262,7.51,18.36,35.82,74.5,10.37,777.7,70.81,95.63,45.63,41.8,0
2026-04-02T03:22:42,IMM-03,MD-A12,ABS,DAY,20.72,58.82,0.167,215.45,228.63,234.16,62.84,93.13,53.99,71.58,4.81,0.995,8.95,17.81,35.95,85.9,7.79,805.8,78.56,69.51,45.46,46.16,0
2026-04-02T03:23:24,IMM-02,MD-C03,ABS,DAY,26.2,61.32,0.17,212.88,222.3,225.79,70.24,97.08,56.54,84.19,3.3,1.27,7.7,20,36.88,86.1,9.12,886.8,75.29,100.19,43.03,38.86,0
2026-04-02T03:24:06,IMM-04,MD-B07,ABS,DAY,18.57,63.36,0.048,213.21,219.38,224.66,70.57,95.21,53.56,70.45,4.34,1.245,8.71,17.81,36.72,94.6,10.08,765.1,71.6,83.53,47.68,34.74,0
2026-04-02T03:24:48,IMM-03,MD-A12,PP-GF20,NIGHT,21.95,47.4,0.047,202.09,208.53,214.79,67.57,101.8,62.15,77.02,4.62,1.138,7.1,17.11,32.45,85.1,9.55,867.5,76.13,87.13,49.42,43.07,0
2026-04-02T03:25:30,IMM-04,MD-B07,ABS,EVENING,22.82,70.21,0.168,217.93,222.04,230.16,71.92,96.31,54.68,76.32,4.04,1.123,7.45,17.47,35.03,75.6,9.32,815.2,68.35,80.87,42.86,43.58,0
2026-04-02T03:26:12,IMM-01,MD-A12,PP-GF20,DAY,31.22,42.85,0.177,213.83,222.72,232.35,69.27,105.48,62.57,72.09,2.62,0.99,7.7,16.74,34.37,73.6,9.04,816.8,,78.85,42.92,45.71,0
2026-04-02T03:26:54,IMM-04,MD-B07,PP-GF20,NIGHT,18.91,35.82,0.112,221.51,226.36,231.07,76.19,87.89,52.59,68.19,3.72,1.095,6.85,20.24,37.01,79.4,8.62,843,70.99,81.44,45.61,44.21,1
2026-04-02T03:27:36,IMM-04,MD-A12,PP-GF20,EVENING,20.82,58,0.19,216.8,221.8,226.87,69.33,87.56,51.44,58.76,3.54,1.232,7.86,20.49,38.49,86.6,6.88,784.7,62.73,74.46,47.52,46.34,0
2026-04-02T03:28:18,IMM-01,MD-C03,PA6-GF30,DAY,22.97,54.99,0.089,234.76,242.92,249.21,77.6,112.71,67.35,72.13,4.04,1.129,7.68,23.19,41.16,77.8,9.36,871.1,81.77,88.06,41.57,57.14,0
2026-04-02T03:29:00,IMM-02,MD-B07,PA6-GF30,DAY,27.32,41.96,0.135,238.25,247.44,251.03,76.26,96.02,51.93,72.61,4.39,1.263,8.44,19.4,36.41,86.2,9.56,802.9,70.69,87.62,46.7,52.2,0
2026-04-02T03:29:42,IMM-02,MD-C03,PP-GF20,DAY,24.76,46.88,0.037,216.95,224.05,227.23,65.67,99.96,65.08,81.85,3.89,1.232,7.67,20,37.08,79.8,7.68,788.3,80.83,107.59,42.73,42.7,0
2026-04-02T03:30:24,IMM-03,MD-C03,ABS,NIGHT,22.92,53.82,0.107,217.36,227.83,236.06,66.91,116.16,70.74,82.08,5.42,1.174,9.03,19.26,36.81,91.1,7.21,845,88.26,104.53,46.86,42.71,0
2026-04-02T03:31:06,IMM-03,MD-A12,ABS,EVENING,21.35,37.52,0.09,214.52,220.19,230.71,70.96,91.3,52.6,72.51,4.65,1.057,8.32,17.45,34.98,79.5,9.36,823.5,70.21,65.83,49.19,52.37,1
2026-04-02T03:31:48,IMM-01,MD-B07,PP-GF20,NIGHT,23.71,42.08,0.076,217.67,226.48,232.81,72.87,89.72,52.58,76.66,5.08,1.311,8.26,19.25,37.49,81.6,7.85,834.6,71.88,106.83,45.87,37.35,1
2026-04-02T03:32:30,IMM-04,MD-C03,PP-GF20,DAY,18.94,47.05,0.062,204.06,210.02,219.14,71.99,103.89,58,76.52,5.25,1.253,7.63,20.39,39.49,80.8,8.51,866.6,82.18,103.22,40.32,41.28,0
2026-04-02T03:33:12,IMM-04,MD-B07,ABS,DAY,22.16,52.28,0.038,211.04,220.11,227.59,74.68,84.97,53.7,90.26,4.56,1.03,7.52,17.24,33.43,86.4,8.71,763.9,61.86,51.87,43.31,42.89,0
2026-04-02T03:33:54,IMM-03,MD-C03,ABS,DAY,19.8,51.97,0.081,215.67,225.12,232.31,64.25,91.55,52.84,72.82,3.46,1.501,6.7,17.53,34.44,73.6,6.58,847.9,64.19,88.24,53.47,48.33,1
2026-04-02T03:34:36,IMM-01,MD-C03,ABS,DAY,29.08,53.12,0.095,212.35,220.68,225.77,67.18,92.72,50.74,81.85,4.03,1.377,8.62,16.69,34.13,75.3,8.6,880.7,68.95,94.39,44.53,43.77,0
2026-04-02T03:35:18,IMM-03,MD-C03,PP-GF20,NIGHT,22.16,39.44,0.13,218.49,230.53,237.17,63.94,98.3,55.21,71.22,3.47,1.306,8,19.16,37.38,90,9.22,852.1,76.16,101.72,47.88,35.8,0
2026-04-02T03:36:00,IMM-02,MD-C03,PA6-GF30,EVENING,19.99,54.41,0.22,236.64,242.77,248.85,68.16,112.27,62.16,63.91,4.05,1.35,7.57,18.82,36.18,79,7.9,850.2,94.18,128.51,42.44,61.48,1
2026-04-02T03:36:42,IMM-02,MD-A12,ABS,EVENING,25.66,47.89,0.171,206.72,212.96,219.05,70.05,95.56,53.55,66.87,3.63,1.264,8.07,15.96,33.33,75.2,9.69,740.4,75.64,85.79,46.41,40.9,0
2026-04-02T03:37:24,IMM-02,MD-C03,PA6-GF30,EVENING,25.01,55.8,0.177,229.7,236.52,243.51,76.09,106.19,61.86,72.18,5.65,1.224,7.41,19.76,36.7,85.1,9.37,874.5,81,92.18,44.4,56.25,1
2026-04-02T03:38:06,IMM-03,MD-A12,PP-GF20,EVENING,22.59,56.39,0.135,215.22,223.17,231.67,66.48,94.36,53.57,64.55,4.91,1.156,9.52,20.43,40.08,86.8,9.13,867,78.52,91.01,44.08,45.54,0
2026-04-02T03:38:48,IMM-04,MD-C03,PP-GF20,DAY,16.78,42.84,0.034,217.4,222.85,227.39,71.24,105.15,63.47,68.63,4.03,1.186,7.96,19.42,35.49,76.8,10,930.5,80.23,88.74,46.67,39.72,0
2026-04-02T03:39:30,IMM-02,MD-C03,ABS,DAY,22.33,24.59,0.092,215.42,223.06,228.11,72.53,99.74,55.7,75.63,4.56,1.251,7.64,20.66,38.71,84.6,7.18,870,77.63,104.88,44.55,46.11,0
2026-04-02T03:40:12,IMM-01,MD-B07,PA6-GF30,NIGHT,32.13,49.74,,235.8,245.57,249.99,79.24,101.36,57.16,70.91,5.08,1.243,7.65,19.21,36.84,91.2,7.98,805.4,78.37,78.69,47.38,52.58,1
2026-04-02T03:40:54,IMM-04,MD-B07,PP-GF20,NIGHT,23.57,51.52,0.166,219.41,228.24,231.06,72.75,81.92,48.43,81.11,4.12,1.103,8.09,18.16,35.89,87.7,8.18,866,67.64,65.66,50.17,44.37,0
2026-04-02T03:41:36,IMM-04,MD-A12,ABS,DAY,23.44,49.43,0.102,209.65,217.11,222.83,70.5,105.95,61.07,79.1,4.78,0.977,7.76,21.07,39.22,67.5,6.28,713.1,,84.42,38.52,39.96,0
2026-04-02T03:42:18,IMM-02,MD-A12,PP-GF20,EVENING,23.13,47.71,0.077,215.61,226.09,230.65,71.95,95.43,57.7,61.31,3.01,1.125,8.88,17.78,35.44,86.8,8.14,831,67.18,78.73,43.17,45.4,0
2026-04-02T03:43:00,IMM-03,MD-C03,PA6-GF30,EVENING,17.71,45.94,0.125,232.54,241.7,242.15,81.51,113.17,64.87,79.06,4.57,1.297,8.07,19.38,37.73,87.2,9.35,894.5,89.33,111.62,44.08,54.52,1
2026-04-02T03:43:42,IMM-03,MD-A12,PA6-GF30,EVENING,28.48,38.93,0.177,233.16,243.03,248.73,71,106.73,64.06,77.79,4.43,1.059,7.98,16.99,34.32,73.3,11.46,807.5,81.03,82.47,48.72,53.72,0
2026-04-02T03:44:24,IMM-01,MD-B07,PA6-GF30,DAY,21.11,50.26,0.087,232.99,237,241.04,73.99,94.45,56.36,70.51,5.16,1.115,7.81,18.42,35.3,74.6,7.71,795,73.39,84.69,44.59,50.78,0
2026-04-02T03:45:06,IMM-02,MD-B07,PP-GF20,DAY,28.51,63.87,0.13,213.83,218.8,225.58,68.25,90.33,54.21,71.18,3.97,1.175,8.08,19.21,37.56,81,6.2,843.8,72.34,79.31,40.61,54.02,0
2026-04-02T03:45:48,IMM-04,MD-B07,ABS,NIGHT,22.62,34.13,0.068,208.63,217.16,220.9,65.92,81.36,49.01,81.92,3.19,0.917,8.42,18.79,36.7,68.5,9.03,825.9,67.41,68.17,47.53,45.99,1
2026-04-02T03:46:30,IMM-02,MD-A12,ABS,DAY,27.3,49.73,0.11,202.93,207.01,210.57,77.09,95.68,58.49,77.17,3.95,1.335,8.69,18.93,37.14,82.5,7.11,855.4,64.24,88.82,39.33,40.27,0
2026-04-02T03:47:12,IMM-04,MD-C03,ABS,NIGHT,23.56,60.31,0.112,220.55,229.77,230.06,70.28,101.35,58.65,67.47,4.18,1.43,7.67,17.95,35.79,82.8,7.06,848.2,78.69,111.71,45.38,45.29,0
2026-04-02T03:47:54,IMM-02,MD-A12,ABS,EVENING,25.05,47.07,0.044,211.83,216.26,219.6,71.21,87.43,51.21,81.89,4.13,0.894,7.1,17.43,33.35,83.6,9.03,791.6,68.09,62.23,44.57,46.56,0
2026-04-02T03:48:36,IMM-04,MD-C03,PP-GF20,DAY,24.28,43.86,0.108,208.61,218.12,219,64.5,101.29,60.35,77.5,4.23,1.333,7.63,21.07,38.19,82.2,8.44,836.8,73.76,104.54,44.95,47.78,0
2026-04-02T03:49:18,IMM-03,MD-A12,PA6-GF30,EVENING,17.49,64.64,0.205,224.59,229.47,234.87,73.11,110.94,66.08,68.34,4.3,1.346,7.93,17.93,35.28,70.6,8.4,841.7,85.95,112.91,44.44,46.06,1
2026-04-02T03:50:00,IMM-01,MD-A12,PP-GF20,EVENING,22.99,65.97,0.21,210.45,220.54,222.1,69.26,86.51,54.71,75.38,5.12,1.43,7.92,18.75,36.09,77.2,7.67,842.3,75.3,102.17,44.79,47.28,0
2026-04-02T03:50:42,IMM-04,MD-A12,PP-GF20,EVENING,22.8,37.7,0.065,215.19,222.03,225.04,64.81,87.56,43.54,65.91,4.67,1.218,8.59,18.23,36.05,86.7,10.05,739.5,63.61,75.22,45.92,47.81,0
2026-04-02T03:51:24,IMM-01,MD-C03,PP-GF20,DAY,19.49,71.09,0.162,215.4,223.43,231.11,69.26,90.74,50.31,77.04,4.4,1.186,7.75,20.84,38.15,77.9,7.36,858.1,76.25,99.03,47,44.32,0
2026-04-02T03:52:06,IMM-03,MD-A12,ABS,NIGHT,25.49,56.92,0.119,205.25,212,220.38,67.01,92.94,54.7,71.93,4.1,1.272,7.85,18.32,35.96,88,9.63,857.8,75.08,98.31,47.02,37.71,0
2026-04-02T03:52:48,IMM-03,MD-C03,PA6-GF30,NIGHT,28.38,44.52,0.239,233.25,244.15,245.67,65.47,108.25,70.05,78.69,2.05,1.303,9.39,18.26,37.2,93,7.77,856.5,82.78,105.64,46.73,54.15,1
2026-04-02T03:53:30,IMM-01,MD-C03,PP-GF20,EVENING,23.51,45.35,0.073,211.5,217.94,218.6,69.03,105.54,61.91,81.28,3.29,1.151,8.08,19.74,37.71,79.9,7.59,847.5,86.03,102.12,48.64,47.37,0
2026-04-02T03:54:12,IMM-04,MD-B07,PP-GF20,NIGHT,26.05,59.7,0.142,218.61,228.13,231.7,73.38,95.34,57.44,66.54,4.37,1.098,7.18,17.19,33.54,86.7,7.93,836.3,77.62,97.93,48.03,45.39,0
2026-04-02T03:54:54,IMM-02,MD-A12,ABS,DAY,23.67,44.68,0.076,209.04,211.23,214.83,68.91,97.33,52.44,64.07,4.33,0.932,8.4,15.86,33.26,75.2,8.11,808.5,80.08,70.9,46.55,46.73,0
2026-04-02T03:55:36,IMM-01,MD-C03,PA6-GF30,NIGHT,25.28,34.47,,233.76,239.3,247.65,72.98,102.86,55.93,71.84,5.48,1.247,6.78,19.71,35.16,67.7,9.41,819.5,79.4,100.94,43.97,46.74,0
2026-04-02T03:56:18,IMM-04,MD-C03,PP-GF20,EVENING,27.06,38.96,0.105,219.16,227.46,233.44,66.74,90.31,51.81,70.05,4.09,1.341,8.24,17.88,36.13,81.8,8.22,861.7,70.02,93.02,46.41,46.62,0
2026-04-02T03:57:00,IMM-04,MD-C03,ABS,DAY,23.34,51.27,0.107,209.96,217.53,223.23,72.93,97.07,60.17,77.49,6.2,1.233,7.95,20.81,39.2,103,8.01,880,71.4,90.08,42.09,36.73,0
2026-04-02T03:57:42,IMM-03,MD-A12,PP-GF20,EVENING,28.72,58.45,0.092,216.68,219.9,225.17,75.75,104.41,60.34,70.04,3.27,1.093,7.52,20.73,38.19,83.2,9.33,807.1,78.21,82.45,46.03,40.51,0
2026-04-02T03:58:24,IMM-04,MD-A12,PA6-GF30,DAY,20.91,61.43,0.194,231.58,237.85,243.24,74.62,108.62,61.44,77.98,4.69,1.427,8.23,17.61,34.64,71.5,7.49,790.3,85.1,127.3,44.08,46.99,0
2026-04-02T03:59:06,IMM-04,MD-B07,PP-GF20,NIGHT,21.95,62.79,0.077,216.77,221.46,226.03,69.64,89.37,53.15,77.18,5.04,1.407,7.29,18.73,35.47,87,9.75,807.7,61.37,88.56,44.32,42.3,1
2026-04-02T03:59:48,IMM-03,MD-B07,ABS,DAY,24.33,52.75,0.178,208.72,216.93,221.81,69.33,100.83,58.98,61.62,3.2,1.142,7.24,17.97,35.23,71.6,9.29,859.8,76.35,88.73,48.91,51.16,0
2026-04-02T04:00:30,IMM-04,MD-A12,ABS,DAY,23.89,28.62,0.126,213.22,218.13,223.21,66.41,85.39,51.07,75.64,3.46,1.218,7.13,18.25,35.35,86.4,8.94,831,56.03,56.51,47.58,42.51,0
2026-04-02T04:01:12,IMM-03,MD-A12,PP-GF20,EVENING,21.85,,0.02,213.36,219.55,226.17,71.46,80.75,43.06,72.27,4.3,1.1,8.27,17,34.44,88.1,6.44,838.2,63.36,68.1,44.21,44.69,0
2026-04-02T04:01:54,IMM-02,MD-C03,PA6-GF30,NIGHT,21.02,69.06,0.204,229.51,239.23,242.23,76.92,86.33,51.17,65.57,3.6,1.088,7.64,16.65,34.8,84.5,8.59,807.3,62.98,71.01,51.89,53.14,0
2026-04-02T04:02:36,IMM-02,MD-A12,PP-GF20,EVENING,22.17,61.12,0.034,218.23,228.65,234.54,74.74,98.97,59.51,77.45,3.98,1.223,7.82,19.11,36.97,73.4,9.22,885.6,75.14,91.47,47.05,43.84,0
2026-04-02T04:03:18,IMM-02,MD-A12,ABS,DAY,21.88,56.94,0.049,205.94,208.99,211.64,72.57,87.86,50.5,71.97,4.06,1.112,8.32,19.71,38.1,81.5,8.59,770.6,64.88,83.15,48.19,43.52,0
2026-04-02T04:04:00,IMM-02,MD-A12,ABS,EVENING,29.39,55.71,0.17,214.53,225.56,229.07,71.3,83.16,55.39,70.84,4.3,1.035,7.24,17.53,33.76,82.2,8.32,778.6,56.86,51.61,42.97,42.78,0
2026-04-02T04:04:42,IMM-04,MD-B07,PP-GF20,EVENING,25.34,41.06,0.209,205,216.14,218.05,73.51,91.17,52.17,62.17,3.37,1.187,8.35,17.48,34.74,74.6,8.96,868.1,75.67,85.21,43.31,40.36,0
2026-04-02T04:05:24,IMM-01,MD-A12,ABS,DAY,23.53,36.06,0.124,212.21,220.66,224.47,67.55,86.33,48.22,82.73,4.13,1.017,8.08,20.91,36.65,82.3,8.06,889.6,63.6,58.61,40.19,46.99,0
2026-04-02T04:06:06,IMM-02,MD-A12,PP-GF20,NIGHT,26.56,58.92,0.106,225.46,234.04,236.16,65.65,92.28,53.02,70.51,4.09,1.228,8.77,18.29,36.94,91,7.65,804.9,74.92,96.89,43.52,41.13,1
2026-04-02T04:06:48,IMM-01,MD-A12,PP-GF20,NIGHT,22.41,52.88,0.105,214.13,221.27,225.61,69.97,84.62,49.72,77.26,4.54,1.115,7.69,17.47,34.4,81.1,7.43,765.2,69.73,74.06,50.9,46.36,1
2026-04-02T04:07:30,IMM-04,MD-B07,PA6-GF30,DAY,19.39,33.31,0.172,228.32,236.98,242.71,77.48,105.49,63.38,82.97,4.72,1.345,7.29,17.3,33.6,75.1,7.89,815.4,82.98,109.43,45.98,45.59,1
2026-04-02T04:08:12,IMM-03,MD-B07,PP-GF20,EVENING,25.83,21.75,0.148,222.13,231.78,238.8,69.24,95.44,55.68,74.23,4.58,1.111,7.37,17.8,35.38,77.6,10.51,837.3,74.97,82.32,46.41,42.67,0
2026-04-02T04:08:54,IMM-02,MD-A12,PP-GF20,EVENING,15.73,52.56,0.076,216.51,219.87,225.72,65.71,97.03,51.22,65.1,3.99,1.189,6.51,18.51,35.03,78.1,6.78,898.7,71.72,86.01,45.53,51.2,0
2026-04-02T04:09:36,IMM-01,MD-A12,PP-GF20,NIGHT,24.92,36.89,0.083,208.46,218.15,223.16,65.49,95.14,55.92,62.85,4.54,1.219,6.88,19.65,36.75,75,10.8,839.1,66.01,76.05,49.97,40.58,0
2026-04-02T04:10:18,IMM-02,MD-C03,PA6-GF30,DAY,22,41.88,0.212,234.29,238.58,244.77,75.88,101.37,62.65,72.31,4.48,1.165,8.11,19.95,38.66,87.5,9.41,845.3,76.66,93.74,43.57,47.47,0
2026-04-02T04:11:00,IMM-02,MD-B07,PP-GF20,EVENING,28.45,48.3,0.188,214.39,221.3,225.8,62.36,82.37,48.48,78.95,5.04,1.004,7.67,16.03,32.35,78.5,9.72,819.8,62.69,66.77,44.17,41.44,1
2026-04-02T04:11:42,IMM-01,MD-A12,PA6-GF30,EVENING,24.54,37.53,0.151,225.54,229.66,235.46,74.54,102.91,64.1,74.56,4.18,0.939,7.81,19.95,38.21,84.7,8.4,839.7,85.04,78.21,43.01,52.82,0
2026-04-02T04:12:24,IMM-03,MD-B07,PP-GF20,EVENING,23.22,56.52,0.159,205.67,210.26,213.38,69.23,93.31,55.06,72.5,3.67,1.059,7.37,19.45,36.04,79.1,10.03,787.6,80.06,83.79,46.01,46.33,0
2026-04-02T04:13:06,IMM-01,MD-C03,ABS,EVENING,20,50.17,0.113,211.7,223.2,228.64,70.07,113.37,64.37,76.24,3.43,1.26,7.68,18.49,34.91,73.3,9.48,829.6,91.24,120.15,47.39,51.88,0
2026-04-02T04:13:48,IMM-01,MD-C03,ABS,EVENING,24.34,30.65,0.11,207.61,214.97,222.75,67.67,112.24,67.72,62.08,3.42,1.425,7.58,19.51,36.48,80.6,10.1,795.8,82.51,109.13,38.56,42.58,0
2026-04-02T04:14:30,IMM-04,MD-A12,PA6-GF30,NIGHT,20.43,53.45,0.135,229.33,237.5,243.27,73.76,99.53,59.31,65.73,4.21,1.006,7.78,21,38.29,90,8.37,823.6,81.03,71.45,51.67,47.68,0
2026-04-02T04:15:12,IMM-03,MD-B07,ABS,EVENING,27.18,55.48,0.073,205.04,212.47,216.93,68.6,90.39,51.95,75.55,3.97,1.082,7.45,17.06,35.35,79.8,9.03,777.6,66.59,76.84,49.59,42.3,0
2026-04-02T04:15:54,IMM-02,MD-A12,PA6-GF30,DAY,21.51,50.43,0.191,217.09,225.73,233.5,76.16,100.2,57.11,67.79,4.27,1.213,7.52,16.95,34.32,67.6,7.82,816.3,85.05,106.69,48.42,43.01,0
2026-04-02T04:16:36,IMM-03,MD-B07,PA6-GF30,EVENING,22.9,81.06,0.169,241.68,249.31,252.23,81.87,107.33,60.71,62.62,3.01,1.141,8.95,17.97,36.19,78.1,9.1,839.4,80.66,74.55,43.44,39.08,0
2026-04-02T04:17:18,IMM-02,MD-B07,PP-GF20,EVENING,19.61,40.65,0.108,209.09,216.81,223.85,66.58,92.9,57.43,62.34,4.6,1.291,8.23,16.77,35.62,90.5,6.17,796.1,75.66,94.82,41.01,43.09,0
2026-04-02T04:18:00,IMM-02,MD-B07,PP-GF20,NIGHT,23.48,49.57,0.097,218.25,224.22,229.53,66.12,80.21,47.59,84.01,4.2,1.132,8.75,19.43,38.53,77.8,9.33,857.4,54.77,64.73,48.44,43.66,0
2026-04-02T04:18:42,IMM-02,MD-C03,ABS,EVENING,23.05,30.21,0.125,206.84,212.73,218.91,63.78,96.62,59.08,66.9,3.83,1.303,7.81,17.2,35.37,78.1,10.67,837.5,78.26,96.81,45.88,45.09,0
2026-04-02T04:19:24,IMM-03,MD-B07,ABS,EVENING,27.03,50.16,0.164,204.53,206.74,212.78,62.69,90.2,48.67,75.15,4.27,1.052,6.59,18,34.56,83.4,6.53,754.9,66.26,70.86,45.79,47.5,0
2026-04-02T04:20:06,IMM-01,MD-B07,PP-GF20,DAY,22.08,55.77,0.218,209.73,223.33,228.2,65.78,101.29,63.15,66.18,3.57,1.189,7.26,20.68,38.73,89.8,10.95,839.5,76.53,94.5,41.02,48.28,0
2026-04-02T04:20:48,IMM-03,MD-A12,ABS,EVENING,21.07,56.05,0.14,211.53,215.75,220.49,70.05,98.71,55.87,79.87,5.27,1.147,7.56,18.33,34.3,82.9,7.49,820.4,70.44,95.56,38.77,39.3,0
2026-04-02T04:21:30,IMM-03,MD-B07,PA6-GF30,EVENING,25.44,58.98,0.137,232.24,239.06,240.38,69.35,112.22,65.08,69.77,3.66,1.026,8.05,19.36,37.88,72,8.06,805.6,83.25,86.65,42.97,49.24,0
2026-04-02T04:22:12,IMM-01,MD-B07,ABS,DAY,18.47,38.63,0.226,212.74,220.75,223.75,68.58,97.31,54.01,74.62,3.39,1.044,8.15,18.19,35.6,88.3,8.64,802.4,74.27,76.75,50.39,44.92,0
2026-04-02T04:22:54,IMM-03,MD-B07,PP-GF20,EVENING,15.17,51.94,0.134,217.15,222.38,226.55,65.63,83.47,42.89,67.11,4.07,1.121,7.83,19.86,36.79,69.5,8.71,794.1,56.81,70.3,46.82,43.04,0
2026-04-02T04:23:36,IMM-02,MD-B07,PA6-GF30,EVENING,22.99,54.76,0.145,222.77,232.65,236.32,76.46,98.16,57.7,72.57,4.3,1.252,9.06,19.65,38.88,75.1,6.97,803.9,75.06,80.23,45.03,48.46,0
2026-04-02T04:24:18,IMM-04,MD-B07,PA6-GF30,DAY,28.82,65.26,0.116,235.06,239.31,246.83,77.82,101.33,57.77,68.95,4.07,1.158,7.63,18.06,35.11,87.7,9.27,791.4,,81.09,48.75,50.17,0
2026-04-02T04:25:00,IMM-03,MD-A12,PA6-GF30,EVENING,22.07,70.6,0.185,222.79,232.17,240.3,79.01,94.91,54.42,85.06,4.61,1.071,7.54,17.09,35.16,89,7.6,801.4,69.95,72.06,47.91,45.87,0
2026-04-02T04:25:42,IMM-02,MD-A12,PP-GF20,EVENING,26.8,40.79,0.1,217.23,221.72,227.25,68.06,105.5,60.12,76.28,4.79,1.075,7.41,17.71,34.46,73.2,8.41,848.8,84.83,83.89,43.6,42.9,0
2026-04-02T04:26:24,IMM-01,MD-A12,PP-GF20,DAY,24.55,50.39,0.089,215.86,221.23,226.95,64.24,100.16,55.23,64.97,4.11,1.145,7.71,15.41,32.54,93.2,6.96,832.1,79.76,83.96,42.74,42.29,0
2026-04-02T04:27:06,IMM-02,MD-C03,PP-GF20,DAY,31.43,56.87,0.091,224.03,232.45,239.27,69.01,93.73,51,65.07,3.22,1.279,9.2,19.77,38.58,85.3,7.11,865.9,73.44,94.78,41.93,38.49,0
2026-04-02T04:27:48,IMM-02,MD-C03,PP-GF20,DAY,29.42,45.34,0.151,207.38,213.26,219.4,63.76,106.77,62.2,81.02,5.26,1.554,8.42,19.22,37.32,91.8,6.15,854,86.21,127.5,42.59,46.24,0
2026-04-02T04:28:30,IMM-02,MD-A12,ABS,EVENING,28.16,70.35,0.095,219.79,224.27,229.98,67.09,98.71,54.48,76.18,3.68,0.985,8.08,19.54,36.94,78.7,7.67,865.4,77.29,78.52,44.68,41.36,0
2026-04-02T04:29:12,IMM-01,MD-B07,ABS,EVENING,17.61,25.36,0.119,208.59,214.05,217.49,73.39,90.51,47.84,81.64,5.67,1.23,8.45,20.02,37.76,86.3,7.7,854.4,63.24,71.32,45.68,45.84,0
2026-04-02T04:29:54,IMM-04,MD-C03,PP-GF20,DAY,21.21,43.68,0.059,201.72,207.93,215.28,70.79,101.41,62.95,77.72,2.63,1.235,7.64,19.13,37.63,87.7,8,825.1,74.26,89.42,49.68,46.83,0
2026-04-02T04:30:36,IMM-02,MD-C03,PA6-GF30,EVENING,19.7,54.27,0.199,226.69,235.62,242.08,83.99,103.54,64.44,53.63,4.95,1.291,8.37,19.72,36.63,81.9,8.56,847,78.8,109.64,50.25,53.58,0
2026-04-02T04:31:18,IMM-01,MD-A12,PP-GF20,DAY,32.67,48.33,0.117,211.65,218.29,223.44,68.96,100.99,58.91,75.55,4.17,1.224,8.11,19.28,37.12,67.9,9.08,852,84.48,98.82,44.04,39.52,0
2026-04-02T04:32:00,IMM-02,MD-A12,ABS,DAY,17.45,47.68,0.117,215.5,222.86,228.27,65.01,92.54,52.9,58.55,3.9,1.254,7.73,18.35,35.32,81,8.1,829.2,72.81,86.64,50.3,41.87,0
2026-04-02T04:32:42,IMM-02,MD-A12,PA6-GF30,NIGHT,23.09,56.07,0.152,237.88,243.45,250.1,72.47,103.68,58.74,75,4.7,1.152,7.43,18.68,36.43,92.3,11.02,844.7,81.25,95.33,44.47,46.94,0
2026-04-02T04:33:24,IMM-01,MD-B07,PA6-GF30,EVENING,26.18,54.12,0.17,235.41,242.56,246.8,69.03,88.8,52.78,72.13,3.32,1.319,6.31,18.03,34.28,68.8,7.35,809.5,72,96.1,42.69,51.36,1
2026-04-02T04:34:06,IMM-01,MD-B07,PA6-GF30,NIGHT,21.74,38.12,0.142,232.68,242.84,247.66,78.05,90.41,53.55,66.32,4.08,1.198,7.72,20.22,38.46,90.4,8.21,797.4,69.31,75.66,46.9,52.3,0
2026-04-02T04:34:48,IMM-02,MD-B07,ABS,DAY,28.06,36.57,0.136,211.08,221.74,224.96,67.85,94.3,53.79,64.66,4.02,1.048,6.97,20.89,38.22,79.8,7.72,845.9,73,80.93,45.81,47.94,0
2026-04-02T04:35:30,IMM-02,MD-B07,PA6-GF30,NIGHT,23.29,65.3,0.188,221.04,225.3,233.4,78.3,110.57,69.24,63.88,4.13,1.328,8.39,15.59,33.73,81.4,9.32,823.6,91.23,114.32,45.27,44.59,0
2026-04-02T04:36:12,IMM-03,MD-A12,ABS,EVENING,26.21,55.29,0.11,207.39,211.82,215.7,74.01,100.57,55.33,86.76,5.07,1.251,8.26,17.5,35.31,78.6,8.17,837.8,84.83,105.53,47.47,45.25,0
2026-04-02T04:36:54,IMM-01,MD-C03,PA6-GF30,EVENING,22.76,45.02,0.121,223.63,227.85,229.15,73.13,98.36,60.25,64.23,3.45,1.333,7.11,20.51,37.07,85.3,7.91,860.2,75.18,107.14,43.85,48.93,0
2026-04-02T04:37:36,IMM-01,MD-A12,ABS,EVENING,30.36,28.64,0.116,210.76,218.52,223.24,70.12,98.97,57.49,69.58,1.61,1.073,6.93,18.95,36.64,88,4.94,864.5,70.82,78,47.33,47.15,0
2026-04-02T04:38:18,IMM-01,MD-A12,ABS,DAY,20.27,54.99,0.215,211.54,217.24,220.43,67.38,88.72,56.04,64.18,4.64,1.159,7.67,20.35,38.59,62.4,7.76,794.4,63.77,80.16,36.47,41.61,1
2026-04-02T04:39:00,IMM-01,MD-B07,PA6-GF30,DAY,24.52,27.41,0.104,225.48,234.53,236.95,73.03,101.2,54.84,70.85,4.78,1.241,8.88,19.95,38.35,81.8,8.54,887.6,74.87,92.47,48.53,43.02,0
2026-04-02T04:39:42,IMM-04,MD-A12,PP-GF20,NIGHT,23.62,58.92,0.125,217.19,223.8,228.92,66.57,102.54,59.75,82.23,4.47,1.298,7.25,18.81,36.88,77.2,9.54,770.7,79.72,101.61,47.83,42.5,0
2026-04-02T04:40:24,IMM-02,MD-B07,PP-GF20,DAY,27.69,51.98,0.114,209.69,218.08,225.98,67.63,90.48,49.06,63.96,2.58,1.146,7.82,20.15,37.02,73.4,9.33,791.2,79.84,83.53,45.37,45.83,1
2026-04-02T04:41:06,IMM-01,MD-C03,PP-GF20,DAY,26.02,49.71,0.021,201.63,208.02,213.57,65.27,93.33,53.29,77.08,4.07,1.239,8.39,17.55,34.97,85.1,8.89,862.7,75.14,82.66,52.3,42.56,0
2026-04-02T04:41:48,IMM-03,MD-B07,ABS,EVENING,27.48,52.11,0.105,208.1,214.97,220.96,65.62,87.22,43.93,70.14,3.35,1.285,7.5,16.55,33.18,76.5,7.95,773.7,69.1,94.81,48.4,48.22,0
2026-04-02T04:42:30,IMM-04,MD-C03,PA6-GF30,DAY,20.13,36.84,0.192,232.94,241.06,246.49,76.79,105.65,64.77,82.12,2.26,1.245,7.66,17.57,34.01,88.3,6.33,894,69.77,95.39,43.58,51.07,0
2026-04-02T04:43:12,IMM-01,MD-B07,ABS,DAY,21.46,55.03,0.149,222,233.31,233.49,74.84,84.11,52.67,71.44,4.17,1.265,7.68,18.25,36.09,84.5,7.42,836,60.28,81.9,40.63,42.85,0
2026-04-02T04:43:54,IMM-04,MD-B07,ABS,DAY,25.39,36.4,0.114,218.23,227.47,229.61,66.6,89.94,55.93,74.99,4.71,1.226,8.06,19.98,37.29,76,8.85,849.6,65.86,80.18,50.46,44.61,0
2026-04-02T04:44:36,IMM-03,MD-A12,PA6-GF30,EVENING,13.17,39.11,0.084,239.05,245.71,251.69,74.64,99.76,55.96,79.74,3.4,1.162,7.76,17.51,35.48,79.2,8.24,822.6,75.47,83.51,41.14,46.35,0
2026-04-02T04:45:18,IMM-01,MD-A12,ABS,DAY,18.72,61.3,0.159,205.36,211.32,215,72.43,102.7,54.87,70.91,4.76,1.168,7.55,17.17,33.45,88,8.03,808.4,77.89,84.2,51.63,43.92,0
2026-04-02T04:46:00,IMM-03,MD-B07,PA6-GF30,EVENING,25.44,39.42,0.167,239.95,246.8,251.14,68.16,97.86,56.06,80.67,5.47,1.189,7.99,17.38,32.88,96.5,9.74,820.2,69.37,82.11,46.96,53.7,0
2026-04-02T04:46:42,IMM-04,MD-B07,PA6-GF30,NIGHT,24.07,72.23,0.118,231.69,234.92,242.52,73.54,88.36,54.22,67.09,3.44,1.304,8.61,17.33,34.85,78.6,8.76,817.9,67.82,79.39,50.65,44.5,1
2026-04-02T04:47:24,IMM-03,MD-C03,PP-GF20,EVENING,24.09,51.43,0.132,216.48,227.14,231.1,68.71,109.59,63.65,65.25,1.83,1.244,8.77,20.27,39.15,88.2,8.18,797.9,84.17,98.49,47.89,39.5,0
2026-04-02T04:48:06,IMM-03,MD-C03,PA6-GF30,DAY,26.9,45.43,0.112,226,231.96,240.2,78.14,103.61,64.58,78.42,4.1,1.349,8.93,16.39,34.57,92.4,8.18,855.1,80.99,97.62,48.32,56.4,0
2026-04-02T04:48:48,IMM-03,MD-A12,ABS,EVENING,21.79,49.24,0.071,210.11,215.99,218.3,67.95,85.19,47.36,74.02,3.54,1.512,8.16,19.16,37.1,85.2,9.15,839.8,67.86,105.99,45.17,43.18,1
2026-04-02T04:49:30,IMM-03,MD-A12,ABS,EVENING,17.83,57.83,0.089,208.74,215.93,218.46,71.64,88.28,46.52,80.98,3.61,1.157,6.58,17.11,33.68,88.9,8.32,812.1,66.71,80.42,49.43,45.61,0
2026-04-02T04:50:12,IMM-02,MD-A12,ABS,DAY,23.08,55.11,0.173,201.98,212.89,215.36,77.19,88.63,45.77,80.33,3.37,1.45,8.25,17.38,35.26,93.1,8.02,849.5,73.13,112.61,45.33,46.83,0
2026-04-02T04:50:54,IMM-01,MD-C03,ABS,EVENING,21.6,44.64,0.081,206.86,216.62,221.54,69.72,97.26,53.82,68.09,2.06,1.337,7.37,18.99,37.4,82.4,8.5,823.7,75.12,98.95,44.09,41.53,0
2026-04-02T04:51:36,IMM-02,MD-B07,PP-GF20,EVENING,25.11,57.16,0.18,219.81,226.81,231.88,68.33,100.72,63.39,75.65,4.39,1.367,5.75,19.52,35.25,89.5,7.54,791.4,81.72,110.39,48.14,43.12,0
2026-04-02T04:52:18,IMM-02,MD-B07,PP-GF20,DAY,20.77,32.23,0.163,206.12,212.87,219.92,68.29,99.2,54.15,68.55,4.19,1.174,7.78,18.34,35.31,67.6,5.92,814.1,79.12,85.04,45.83,46.24,0
2026-04-02T04:53:00,IMM-01,MD-B07,ABS,EVENING,22.28,47.23,0.067,209.74,221.51,225.45,75.68,100.74,55.79,71.06,3.56,1.25,8.11,17.75,36.61,75.4,9.98,833,72,86.78,51.04,47.3,0
2026-04-02T04:53:42,IMM-03,MD-A12,PP-GF20,NIGHT,24.98,47.25,0.087,214.24,221.42,228.77,72.23,93.22,53.48,76.61,3.21,1.229,7.75,16.85,35.09,88.3,11.81,803.2,72.17,75.54,48.24,38.86,0
2026-04-02T04:54:24,IMM-01,MD-C03,ABS,EVENING,22.38,43.68,0.02,205.26,214.25,222.07,74.21,91.75,47.84,77.49,4.75,1.375,7.77,19.59,36.65,88.6,10.28,868.5,63.02,87.86,46.89,37.93,0
2026-04-02T04:55:06,IMM-01,MD-C03,PP-GF20,NIGHT,19.52,,0.145,217.34,220.47,223.37,71.27,96.02,54.42,71.55,3.1,1.544,6.89,19.8,36.46,86.3,6.94,897.4,74.46,108.78,44.99,45.04,1
2026-04-02T04:55:48,IMM-03,MD-B07,PA6-GF30,DAY,28.36,,0.15,229.36,237.66,243.6,77.25,111.01,63.75,64.73,3.58,1.221,6.93,19.43,35.67,76.7,9.04,831.6,80.92,107.58,47.32,51.88,0
2026-04-02T04:56:30,IMM-03,MD-A12,PA6-GF30,EVENING,32.4,42.69,0.248,235.01,244.64,246.77,68.38,95.74,51.7,80.02,5.29,1.385,8.86,15.28,34.53,69,11.51,828,,102.13,45.87,49.27,0
2026-04-02T04:57:12,IMM-02,MD-C03,ABS,EVENING,20.91,56.98,0.106,203.7,209.42,213.43,70.51,95.49,55.15,84.2,3.36,1.285,8.95,21.43,39.68,84.2,8.12,771.2,77.65,97.13,40.93,42.31,0
2026-04-02T04:57:54,IMM-02,MD-B07,ABS,NIGHT,27.49,48.7,0.09,221.4,231.13,238.05,67.7,86.83,45.32,72.9,2.67,1.215,7.1,15.76,31.63,69.6,8.02,769.5,63.3,76.46,48.98,36.87,1
2026-04-02T04:58:36,IMM-04,MD-A12,ABS,EVENING,25.01,55.41,0.087,215.54,218.82,223.17,66.49,107.03,67.5,79.18,3.8,1.442,8.13,18.31,35.66,83.3,9.96,861.7,82.04,117.58,45.6,42.13,0
2026-04-02T04:59:18,IMM-03,MD-B07,ABS,NIGHT,17.93,42.23,0.128,209.33,219.13,223.2,67.19,100.76,58.41,67.56,3.33,1.188,7.93,16.41,34.38,82.5,6.69,833,76.21,104.92,42.73,42.35,0
2026-04-02T05:00:00,IMM-04,MD-B07,PP-GF20,DAY,17.49,52.47,0.128,207.26,214.33,219.82,66.01,92.68,58.07,78.65,3.79,1.216,8.35,21.28,39.45,83.3,9.4,748.2,69.58,94.63,45.24,42.06,0
2026-04-02T05:00:42,IMM-02,MD-C03,PA6-GF30,EVENING,21.74,36.56,0.168,235.04,240.24,247.17,68.87,114.93,64.11,73.16,3.98,1.381,8.16,18.95,37.04,102.4,7.44,834.6,88.16,120.78,48.94,46.59,1
2026-04-02T05:01:24,IMM-02,MD-C03,ABS,DAY,25.09,61.26,0.067,207.46,213.34,215.86,67.89,99.02,55.63,78.16,3.07,1.391,6.76,15.78,32.31,89.6,7.89,871.9,76.3,99.79,45.61,37.97,0
2026-04-02T05:02:06,IMM-04,MD-A12,ABS,EVENING,26.39,51.68,0.055,203.13,212.11,217.91,71.52,83.79,53.98,67.76,3.74,1.34,8.49,20.7,38.8,75.9,7.69,822,57.76,71,47.98,46.59,0
2026-04-02T05:02:48,IMM-04,MD-A12,ABS,DAY,27.28,50.7,0.148,202.94,213,218.81,65.39,96.25,60.72,79.13,2.44,1.472,8.98,18.17,36.25,94.4,9.36,753.4,76.07,110.54,44.44,40.74,0
2026-04-02T05:03:30,IMM-04,MD-B07,ABS,DAY,34.97,20,0.152,221.24,229.17,237.57,71.3,93.55,58.37,60.29,3.94,1.129,8.37,20.88,38.75,98,7.87,820.5,71.26,77.21,48.78,46.66,0
2026-04-02T05:04:12,IMM-04,MD-C03,PP-GF20,EVENING,17.26,65.3,0.198,215.45,219.82,227.01,70.49,94.45,54.87,70.9,2.83,1.206,7.26,20.89,37.88,72.3,8.4,839.7,75.18,91.28,52.67,44.46,0
2026-04-02T05:04:54,IMM-03,MD-A12,PP-GF20,EVENING,23.19,33.63,0.15,218.79,228.41,233.19,66.2,98.69,57.78,66.24,4.49,1.242,7.55,16.33,33.36,79.5,10.04,789.6,76.28,102.31,41.12,44.22,0
2026-04-02T05:05:36,IMM-04,MD-A12,PA6-GF30,DAY,29.04,53.87,0.159,235.36,244.07,250.61,79.84,108.8,62.51,66.21,3.69,1.269,7.49,19.45,38.19,90.3,8.46,871.9,84.01,106.52,46.03,53.19,0
2026-04-02T05:06:18,IMM-01,MD-C03,ABS,EVENING,25.2,58.66,0.172,221.85,231.99,239.01,77.94,88.88,46.78,72.17,4.59,1.282,7.78,19.8,38.05,85.8,9.19,899.5,69,84.35,44.38,50.5,1
2026-04-02T05:07:00,IMM-02,MD-A12,ABS,EVENING,20.91,46.8,0.185,213.43,221.43,227.68,67.51,102.71,61.31,76.23,4.2,1.25,7.23,18.35,35.23,84.3,7.52,877.9,79.6,101,40.05,46.47,0
2026-04-02T05:07:42,IMM-04,MD-A12,PA6-GF30,DAY,24.05,38.09,0.183,227.34,236.08,241.38,74.74,91.67,55.12,81.82,3.37,0.931,7.76,17.75,35.63,79.5,6.66,822.7,73,66.55,45.77,49.93,0
2026-04-02T05:08:24,IMM-01,MD-B07,ABS,NIGHT,22.32,,0.092,217.39,223.36,231.47,71.63,91.34,53.62,67.12,3.52,1.068,8.02,19.12,35.75,80.9,8.38,776.1,72.11,64.81,46.11,40.86,0
2026-04-02T05:09:06,IMM-03,MD-C03,PP-GF20,EVENING,27.77,62.74,0.183,216.43,221.04,223.76,70.23,107.44,66.48,82.75,3.33,1.179,9.04,18.89,37.43,68,8,960,77.57,98.16,46.95,46.47,0
2026-04-02T05:09:48,IMM-02,MD-A12,PP-GF20,DAY,22.12,,0.093,218.3,226.28,233.61,68.45,88.84,46.99,69.21,2.8,1.119,8.97,16.45,34.38,93.9,8.88,839.1,64.67,75.1,44.89,43.93,1
2026-04-02T05:10:30,IMM-01,MD-C03,PA6-GF30,DAY,30.39,32.73,0.086,240.56,248.65,253.37,74.29,99.15,56.44,85.66,4.78,1.429,8.21,18.02,35.82,89.3,6.01,787.7,85.76,131.14,41.38,48.37,0
2026-04-02T05:11:12,IMM-04,MD-C03,PA6-GF30,DAY,25.3,48.75,0.185,224.98,232.94,236.77,79.16,103.84,65.71,72.09,4.6,1.422,7.99,19.19,37.79,84.4,8.85,877.1,77.85,111.64,41.69,54.65,0
2026-04-02T05:11:54,IMM-03,MD-B07,PP-GF20,EVENING,24.62,75.04,0.094,201.48,206.35,213.6,69.03,79.85,46.57,63.83,3.31,1.153,8.25,19.2,36.5,79.8,8.44,848.9,60.66,72.42,47.84,48.57,1
2026-04-02T05:12:36,IMM-03,MD-B07,PP-GF20,EVENING,31.18,48.19,0.091,215.61,217.76,226.36,64.91,93.88,57.74,84.25,5.7,1.241,7.88,17.95,35.69,85.9,8.71,791.4,72.1,76.01,48.89,42.9,0
2026-04-02T05:13:18,IMM-04,MD-A12,ABS,EVENING,21.79,,0.065,212.84,219.62,227.86,67.17,99.12,54.2,79.27,5.23,1.213,8.83,18.25,36.71,90.5,6.2,807.7,76.76,94.53,48.37,42.79,0
2026-04-02T05:14:00,IMM-03,MD-A12,PA6-GF30,NIGHT,27.01,56.25,0.158,234.52,236.47,240.12,76.79,97.12,56.53,68.93,3.23,1.32,8.66,16.81,35.94,73.7,6.23,844.3,73.39,89.04,53.17,52.39,0
2026-04-02T05:14:42,IMM-04,MD-B07,ABS,EVENING,22.34,44.5,0.038,199.98,205.6,210.53,74.16,95.25,51.6,58.01,4.54,1.073,7.95,20.11,36.88,88.6,9.39,803.3,73.95,91.85,42.17,46.2,0
2026-04-02T05:15:24,IMM-01,MD-A12,PA6-GF30,DAY,21.02,55.35,0.136,225.7,232.07,238.9,78.81,111.63,67.3,58,4.88,1.229,8.32,17.13,34.7,85,10.22,791.6,85.59,105.94,40.35,43.32,0
2026-04-02T05:16:06,IMM-02,MD-B07,ABS,DAY,22.65,59.81,0.084,213.25,218.69,223.53,63.11,106.02,60.57,63.23,4.45,1.378,8.2,17.98,35.66,90.4,9.6,883.5,78.75,97.02,47.23,43.7,1
2026-04-02T05:16:48,IMM-04,MD-B07,PP-GF20,DAY,21.33,58.37,0.125,213.47,223.59,228.69,60.59,91.98,54.41,74.36,3.64,1.043,7.23,20.39,36.93,68,9.06,799.5,64.49,57.94,43.5,36.01,1
2026-04-02T05:17:30,IMM-04,MD-B07,ABS,NIGHT,20.39,53.61,0.185,208.08,215.52,219.62,69.16,102.43,60.89,76.26,3.72,0.981,8.1,18.83,36.25,88.3,10.44,778.8,,61.95,46.43,47.56,1
2026-04-02T05:18:12,IMM-04,MD-A12,ABS,DAY,21.66,30.75,0.161,214.34,218.73,222.18,73.99,99.54,64.56,77.58,4.42,1.202,7.49,18.09,36.6,81.7,8.33,832.9,79.45,93.7,49.27,44.41,0
2026-04-02T05:18:54,IMM-04,MD-B07,PA6-GF30,EVENING,22.83,46.11,0.186,217.25,228.11,233.34,73.28,98.13,61.23,73.76,3.09,1.342,7.72,17.15,34.01,84.2,7.89,774.2,73.12,86.09,41.16,54.29,0
2026-04-02T05:19:36,IMM-02,MD-A12,PP-GF20,EVENING,25.42,45.1,0.112,224.22,233.77,239.96,73.4,86.99,47.76,64.22,4.6,1.193,8.41,18.02,36.48,84.5,7.25,791.4,65.83,72.86,42.31,43.38,0
2026-04-02T05:20:18,IMM-02,MD-C03,PP-GF20,NIGHT,31.4,48.2,0.02,225.06,233.16,238.51,71.06,85.85,47.27,68.13,4.57,1.371,9.31,20.33,38.81,74.9,6.29,858.8,67.73,88.23,41.75,40.71,0
2026-04-02T05:21:00,IMM-03,MD-B07,PA6-GF30,DAY,16.93,41.76,0.141,232.6,238.18,241.51,77.68,100.9,56.45,61.78,5.12,1.344,7.71,19.54,36.58,81.9,7.66,813.5,77.62,109.77,42.33,49.62,0
2026-04-02T05:21:42,IMM-01,MD-C03,PP-GF20,DAY,19,46.85,0.098,208.1,213.15,221,64.8,92.58,52.3,80.42,2.67,1.037,7.94,21.48,38.59,91.9,8.64,906.4,64.32,68.08,42.58,38.27,0
2026-04-02T05:22:24,IMM-01,MD-C03,PA6-GF30,DAY,22.85,20,0.141,231.6,240.31,249.41,76.56,103.55,62.67,80.97,3.5,1.419,7.81,17.6,34.71,81.9,8.43,855.2,78.49,104.66,49.98,46.86,0
2026-04-02T05:23:06,IMM-01,MD-A12,PA6-GF30,EVENING,30.72,57.38,0.118,233.7,246.63,251.66,82.87,84.24,50.53,67.97,2.99,1.044,8.55,20.28,38.53,88.9,8.19,816.3,68.38,67.14,46.81,54.93,0
2026-04-02T05:23:48,IMM-03,MD-C03,PA6-GF30,DAY,26.95,49.07,0.119,230.24,237.68,240.39,78.98,108.35,60.02,72.39,4.5,1.498,7.29,20.64,39.17,80.9,9.56,870.2,81.94,114.74,47.6,54.09,0
2026-04-02T05:24:30,IMM-02,MD-C03,PP-GF20,NIGHT,28.33,54.34,0.123,208.53,213.45,220.48,66.2,102.04,66.47,81.73,3.96,1.217,7.18,19.18,36.17,76.1,7.69,932.7,77.36,91.25,50.06,39.32,0
2026-04-02T05:25:12,IMM-03,MD-C03,PP-GF20,DAY,25.47,68.44,0.041,223.18,229.38,234.54,69.94,81.49,45.66,69.93,4.8,1.485,7.71,17.88,35.32,83.9,9.05,888.9,62.27,96.55,47.18,44.47,1
2026-04-02T05:25:54,IMM-02,MD-A12,PP-GF20,NIGHT,20.9,35.59,0.124,216.41,225.57,233.97,70.22,103.38,55.25,71.02,4.37,1.142,7.3,18.82,37.32,83.9,8.51,856,72.69,83.46,50.48,47.46,0
2026-04-02T05:26:36,IMM-02,MD-B07,ABS,DAY,25.7,40.69,0.168,214.58,222.59,229,69.8,86.62,47.09,85.65,2.71,0.92,9.57,17.56,37.34,76.1,7.53,835.3,71.33,68.91,51.53,40.97,0
2026-04-02T05:27:18,IMM-02,MD-B07,PA6-GF30,DAY,22.24,62.14,0.175,227.89,236.93,239.09,72.85,100.22,57.34,76.79,3.98,1.258,8.07,18.15,35.99,72.3,8.72,858.8,78.16,107.04,49.67,52.7,0
2026-04-02T05:28:00,IMM-03,MD-B07,ABS,DAY,22.89,46.73,0.069,222.1,226.76,232.06,67.54,95.01,49.8,69.48,3.6,1.086,7.59,18.05,35.57,95.7,8.94,805.6,74.07,80.52,45.49,42.56,0
2026-04-02T05:28:42,IMM-02,MD-B07,PP-GF20,EVENING,29.62,45.77,0.093,223.56,232.33,237.15,70.5,104.98,60.1,55.46,4,1.042,8.86,19.05,36.85,94.5,8.45,899.3,78.88,84.44,48.17,41.9,0
2026-04-02T05:29:24,IMM-01,MD-A12,ABS,DAY,29.58,57.45,0.118,216.08,225.84,229.76,66.11,94.62,56.5,80.46,4.09,1.2,7.18,20.25,37.35,103.4,9.08,773,73.12,83.05,42.33,43.02,1
2026-04-02T05:30:06,IMM-01,MD-A12,PP-GF20,EVENING,23.29,55.18,,220.29,229.34,236.98,68.62,90.6,58.21,82.56,5.05,1.259,7.75,17.6,35.38,94.7,7.39,860.4,70.21,96.46,48.66,36.63,0
2026-04-02T05:30:48,IMM-01,MD-A12,PP-GF20,EVENING,25.39,57.56,0.14,215.86,223.34,228.79,73.6,93,52.1,78.73,3.53,1.311,6.63,18.56,33.66,81.9,9.92,790.9,66.95,83,48.23,42.39,1
2026-04-02T05:31:30,IMM-01,MD-A12,PA6-GF30,DAY,23.15,37.74,0.219,220.12,227.97,232.2,70.18,114.08,67.31,71.36,3.68,1.109,6.97,19.67,35.69,83.9,7.55,827.9,86.04,104.39,43.93,48.01,1
2026-04-02T05:32:12,IMM-02,MD-B07,PP-GF20,DAY,29.63,38.38,0.078,211.8,224.11,231.2,69.06,90.16,50.5,68.56,3.1,1.326,7.33,18.18,35.17,79.2,8.11,824.8,65.7,87.77,49.65,44.25,0
2026-04-02T05:32:54,IMM-04,MD-B07,PA6-GF30,NIGHT,21.64,37.67,0.158,229.28,235.12,241.27,74.44,101.08,55.02,65.83,2.87,1.377,8.47,17.66,35.36,91.8,7.88,850.9,78.1,98.11,46.31,52.43,0
2026-04-02T05:33:36,IMM-02,MD-A12,ABS,NIGHT,22.6,46.89,0.073,203.63,210.52,215.9,63.13,82.48,49.8,69.87,3.1,1.031,7.89,14.71,32.62,94.5,8.61,797.4,68.32,74.07,48.14,46.34,1
2026-04-02T05:34:18,IMM-04,MD-A12,ABS,DAY,22.2,55.66,0.069,208.14,219.52,226.03,67.37,96.1,56.04,82.43,4.67,0.973,7.19,17.96,35.69,89.4,9.14,780.2,74.99,83.86,47.76,41.37,0
2026-04-02T05:35:00,IMM-04,MD-B07,ABS,NIGHT,25.62,53.79,0.131,206.64,212.46,218.12,74.59,90.31,55.47,88.42,3.43,1.206,7.8,17.53,35.8,77.5,6.56,897.3,57.86,59.09,49.84,39.94,1
2026-04-02T05:35:42,IMM-02,MD-C03,PA6-GF30,NIGHT,28.25,48.47,0.091,226.9,230.24,234.78,70.19,101.52,58.03,73.79,3.61,1.25,9.09,17.26,36.05,90.5,8.93,897.8,74.42,96.17,50.23,48.58,0
2026-04-02T05:36:24,IMM-03,MD-C03,PA6-GF30,DAY,22.13,40.42,0.136,218.17,226.41,231.53,77.07,103.42,61.62,58.94,3.31,1.36,7.34,18.02,36.1,96.5,7.21,843.1,76.71,102.05,48.71,47.74,0
2026-04-02T05:37:06,IMM-01,MD-A12,ABS,NIGHT,27.64,42.55,0.07,208.46,210.44,215.58,68.27,109.73,68.65,79.09,3.89,1.258,8.69,18.08,37.4,72.6,8.41,835,85.88,104.16,44.41,50.62,0
2026-04-02T05:37:48,IMM-03,MD-C03,ABS,DAY,23.96,69.16,0.072,202.4,209.82,214.06,71.67,100.58,60.77,75.65,5.71,1.142,6.98,19.72,35.39,82,11.34,873.1,72.76,76.84,44.64,35.57,0
2026-04-02T05:38:30,IMM-01,MD-A12,PP-GF20,EVENING,26.22,39.7,0.072,225.93,236,240.33,69.01,99.17,53.34,68.48,2.81,1.062,7.61,18.37,35.76,84.1,7.73,781.1,,80.35,43.44,47.2,0
2026-04-02T05:39:12,IMM-03,MD-C03,PA6-GF30,DAY,27.67,69.22,0.14,236.36,243.49,246.91,80.81,88.76,54.8,72.35,5.64,1.247,8.7,20.48,39.38,84.4,7.43,892.4,55.62,75.63,48.08,43.11,0
2026-04-02T05:39:54,IMM-03,MD-B07,PA6-GF30,EVENING,22.33,50.74,0.111,231.72,241.13,245.56,77.77,96.7,56.54,78.93,4.03,1.103,7.84,17.8,34.95,85.2,10.33,898.7,76.75,93.89,45.08,54.27,0
2026-04-02T05:40:36,IMM-03,MD-A12,PA6-GF30,DAY,25.2,48.23,0.202,230.16,238.16,245.27,73.69,93.67,50.98,89.79,4.2,1.057,7.47,20.86,38.3,86.2,7.95,822.4,74.83,75.8,45.89,48.16,1
2026-04-02T05:41:18,IMM-03,MD-B07,PP-GF20,DAY,20.07,47.71,0.133,218.7,222.3,227.21,62.22,90.53,52.23,64.4,4.71,1.074,7.27,19.53,36.48,85.3,7.36,812.1,71.52,76.24,45.87,42.93,0
2026-04-02T05:42:00,IMM-03,MD-A12,ABS,DAY,20.73,47.81,0.09,215.02,224.31,233.66,68.32,99.62,56.86,71.72,3.94,1.25,7.14,19.12,36.66,83.1,6.37,830.6,75.68,98.77,46.08,42.81,0
2026-04-02T05:42:42,IMM-04,MD-B07,PP-GF20,DAY,28.74,42.86,0.161,215.41,218.88,226.08,73.39,89.03,55.03,78.05,4.25,1.28,9.54,16.35,36.35,101.2,8.56,851.5,69.47,83.09,45.92,38.83,0
2026-04-02T05:43:24,IMM-03,MD-B07,PP-GF20,EVENING,25.03,55.09,0.145,213.28,219.95,225.6,74.7,91.05,53.04,78.07,5.32,1.121,7.71,19.75,36.91,90.1,6.81,837.5,65.67,67.99,44.93,43.93,0
2026-04-02T05:44:06,IMM-03,MD-B07,PA6-GF30,EVENING,19.52,59.36,0.164,221,225.65,229.52,74.38,103.58,57.73,69.34,3.88,1.293,8.61,20.45,37.88,72.9,7.59,830.9,76.56,102.23,42.93,33.4,0
2026-04-02T05:44:48,IMM-01,MD-C03,ABS,NIGHT,30.65,50.88,0.1,208.24,213.67,220,68.06,104.48,57.14,78.26,3.05,1.266,8,20.47,37.35,78.1,10.48,850,80.99,102.35,45.29,41.49,0
2026-04-02T05:45:30,IMM-02,MD-B07,PP-GF20,DAY,28.39,46.54,0.101,205.08,212.12,218.87,71.43,88.72,50.39,74.27,4.66,1.185,7.33,17.91,34.97,81.6,7.89,785.1,73.35,85.58,51.17,41.29,0
2026-04-02T05:46:12,IMM-02,MD-C03,PP-GF20,EVENING,24.18,56.5,0.121,203.44,214.15,220.07,68.7,81.19,50.05,71.15,3.05,1.429,6.99,17.97,33.9,96.1,11.99,831,65.78,90.58,41.79,43.67,0
2026-04-02T05:46:54,IMM-02,MD-B07,ABS,DAY,24.98,38.85,0.129,214.1,219.62,227.58,68.04,89.33,54.72,78.77,4.41,1.067,8.18,20.71,36.58,83.7,9.79,878.5,69,80.58,45.83,41.25,1
2026-04-02T05:47:36,IMM-03,MD-C03,PA6-GF30,EVENING,32.1,36.7,0.159,228.73,233.57,237.57,72.8,99.63,54.51,74.45,5.25,1.421,8.64,19.46,39.36,77.5,8.04,846.8,75.71,105.64,50.7,47.7,1
2026-04-02T05:48:18,IMM-02,MD-A12,PA6-GF30,NIGHT,21,42.42,0.158,228.67,241.51,246.66,78.24,100.79,62.45,65.04,4.19,0.97,6.57,19.9,36.53,89,8.99,876.7,73.32,64.96,47.79,47.21,0
2026-04-02T05:49:00,IMM-01,MD-C03,PA6-GF30,DAY,22.44,24.74,0.138,232.76,240.37,245.99,75.17,109.79,65.27,74.52,4.08,1.015,7.62,19.06,36.73,71.5,7.33,899.7,83.82,91.12,38.15,51.21,0
2026-04-02T05:49:42,IMM-03,MD-A12,PP-GF20,EVENING,21.59,73.23,0.111,214.57,223.51,228.02,72.25,105.5,57.07,62.56,5.03,1.162,9.94,17.84,36.25,91.6,7.99,788.1,75.74,98.56,42.57,42.91,0
2026-04-02T05:50:24,IMM-01,MD-A12,PP-GF20,DAY,25.56,50.92,0.143,211.67,216.84,222.48,67.73,93.05,58.1,78.87,3.41,1.372,7.6,17.08,34.32,76.4,8.7,839.4,66.48,82.35,41.58,41.77,0
2026-04-02T05:51:06,IMM-01,MD-A12,ABS,DAY,18.69,45.65,0.126,207.44,220.15,224.18,66.43,91.8,50.68,77.49,3.07,1.121,8.61,17.02,35.5,73,9.75,862.1,74.88,87.53,37.72,42.53,0
2026-04-02T05:51:48,IMM-04,MD-B07,PP-GF20,DAY,31.83,53.46,0.111,206.19,213.11,223.55,65.79,81.18,45.79,74.09,3.39,1.231,7.19,17.58,34.01,62.4,8.5,816.4,63.38,77.45,44.27,37,0
2026-04-02T05:52:30,IMM-01,MD-C03,PA6-GF30,NIGHT,25.2,32.49,,236.1,240.37,244.11,71.93,94.65,50.01,66.21,4.52,1.103,6.88,21.07,38.61,80.1,6.78,870.4,70.38,80.56,44.85,46.48,0
2026-04-02T05:53:12,IMM-03,MD-C03,PA6-GF30,DAY,28.22,41.31,0.113,239.73,247.79,252.09,73.55,109.37,63.73,72.28,4.47,1.5,7.79,17.95,35.81,83.1,9.28,839.3,79.58,110.45,48.3,46.38,0
2026-04-02T05:53:54,IMM-04,MD-B07,PA6-GF30,EVENING,21.14,56.32,0.122,227.94,237.53,243.18,79.79,90.73,52.26,76.36,1.71,0.967,8.8,16.72,34.56,82.2,7.1,761,69.61,68.68,46.52,44.89,0
2026-04-02T05:54:36,IMM-01,MD-B07,ABS,NIGHT,21.27,43.84,0.139,210.5,215.54,223.25,67.62,99.02,54.58,73.3,4.48,1.139,8.53,19.53,38.73,80.6,7.2,789.9,77.98,94.69,43.23,36.02,0
2026-04-02T05:55:18,IMM-03,MD-B07,PP-GF20,DAY,21.23,48.15,0.046,204.17,213.53,219.12,69.52,90.26,52.46,75.68,2.96,1.222,7.83,14.37,32.54,60.3,7.3,903,72.86,95.02,49.34,43.62,0
2026-04-02T05:56:00,IMM-03,MD-A12,PP-GF20,EVENING,16.62,55.93,0.108,205.65,218.22,224.21,67.41,100.03,54.94,63.03,4.73,1.129,8.26,19.33,37.64,74.4,9.18,790.3,77.66,95.83,44.99,42.57,0
2026-04-02T05:56:42,IMM-02,MD-C03,PA6-GF30,DAY,29.17,53.32,0.245,226.84,234.29,240.04,73.38,109.39,62.13,78.34,4.17,1.336,5.44,17.17,33.16,72.1,9.16,893.9,82.99,112.22,45.13,50.94,0
2026-04-02T05:57:24,IMM-02,MD-A12,PP-GF20,DAY,19.49,50.54,0.156,209.72,216.69,220.09,68.24,91.65,55.45,69.17,4.8,1.167,7.25,17.59,33.14,80.2,10.23,819.8,65.09,73.39,44.84,47.18,0
2026-04-02T05:58:06,IMM-02,MD-A12,ABS,DAY,27.64,60.31,0.203,212.6,220.97,228.14,67.01,88.34,53.75,60.8,3.25,1.189,8.13,19.28,37.07,73.1,8.94,819.2,65.96,77.04,45.73,50.84,0
2026-04-02T05:58:48,IMM-01,MD-A12,PP-GF20,EVENING,25.04,40.55,0.066,212.96,218.36,224.44,61.92,86.43,52.96,69.92,3.75,1.212,7.69,18.34,35.86,80.4,8.53,825.5,,73.13,46.48,38.23,0
2026-04-02T05:59:30,IMM-02,MD-B07,ABS,NIGHT,27.19,51.39,0.209,214.71,221.55,227.28,70.85,88.55,48.27,84.38,4.2,1.283,7.92,19.21,36.64,89.8,8.78,769.7,70.5,88.76,42.54,37.27,0
2026-04-02T06:00:12,IMM-03,MD-B07,PP-GF20,DAY,23.89,47.39,0.158,219.52,226.8,232.62,70.06,102.95,55.4,69.85,2.44,1.053,7.04,18,35.18,94.4,10.64,865.7,79.68,82.34,42.31,44.76,0
2026-04-02T06:00:54,IMM-03,MD-A12,ABS,EVENING,24.71,29.06,0.049,207.89,214.53,217.9,71.82,85.07,45.38,73.09,5.78,1.037,7.34,17.61,36.27,80.8,10.93,769,59.75,54.28,49.97,43.61,0
2026-04-02T06:01:36,IMM-01,MD-A12,PP-GF20,DAY,40.95,45.41,0.245,210.09,213.56,218.87,74.46,95.45,52.92,73.41,4.96,1.261,7.43,18.32,35.03,76.6,9.91,861.3,74.66,97.72,44.28,42.59,0
2026-04-02T06:02:18,IMM-02,MD-B07,PP-GF20,NIGHT,24.71,57.57,0.189,225.17,233.08,235.62,64.65,100.93,56.92,71.29,4.86,1.282,8.29,18.63,36.08,68.9,8.48,805.4,84.53,106.44,43.42,38.54,0
2026-04-02T06:03:00,IMM-02,MD-C03,PP-GF20,NIGHT,29.45,51.51,0.193,217.66,224.12,229.29,71.41,107.76,60.65,79.26,4.55,1.347,8.11,17.98,37.2,77.1,9.46,843.2,85.69,120.81,50.53,47.03,0
2026-04-02T06:03:42,IMM-04,MD-A12,ABS,EVENING,20.64,55.01,0.105,211.37,217.64,224.25,65.66,95.83,59.84,80.49,3.69,1.312,5.7,19.34,34.28,90.1,7.41,807.9,70.24,89.85,47.35,37.9,0
2026-04-02T06:04:24,IMM-03,MD-A12,PA6-GF30,DAY,17.02,45.97,0.209,228.26,238.66,245.02,70.15,99.66,62.1,70.59,3.93,1.145,9.58,17.81,36.2,83.2,8.44,852.1,84.04,98.5,47.28,53.01,0
2026-04-02T06:05:06,IMM-04,MD-C03,PA6-GF30,DAY,22.62,55.93,,224.85,233.03,238.32,75.27,98.86,54.66,68.96,4.85,1.248,8.36,20.87,39.78,107.6,7.29,837.3,84.79,104.19,50.97,50.07,1
2026-04-02T06:05:48,IMM-04,MD-B07,PA6-GF30,EVENING,29.78,37.11,0.117,231.77,237.94,242.68,69.03,106.85,56.92,80.5,2.79,1.158,7.26,18.9,35.95,77.6,10.46,867.1,77.06,81.6,48.85,42.13,0
2026-04-02T06:06:30,IMM-02,MD-A12,PP-GF20,DAY,27.7,53.05,0.178,225.9,233.79,239.27,71.97,83.41,48.19,76.91,4.13,1.298,8.03,15.08,32.45,74.5,8.07,823.1,63.3,88.56,46.19,52.66,0
2026-04-02T06:07:12,IMM-01,MD-A12,PP-GF20,EVENING,19.71,57.05,0.112,217.24,224.46,231.95,62.9,105.03,60.42,66.39,5.58,1.346,7.67,18.28,36.08,91.7,8.65,761.4,81.8,100.15,50.52,36.23,0
2026-04-02T06:07:54,IMM-03,MD-C03,PA6-GF30,DAY,24.04,51.07,0.128,221.22,228.83,232.47,81.01,121.41,75.68,66.63,4.54,1.247,7.75,19.61,38.46,86.8,9.33,842.5,88.69,110.68,44.31,41.3,1
2026-04-02T06:08:36,IMM-03,MD-A12,PP-GF20,DAY,14.58,53.69,0.086,209.11,218.33,221.53,70.27,87.79,51.73,79.54,4.51,1.268,7.71,18.13,35.23,76.9,8.75,803.1,71.16,93.61,42.28,46.32,0
2026-04-02T06:09:18,IMM-02,MD-A12,PP-GF20,DAY,20.25,42.52,0.075,221.6,228.3,232.43,73.21,101.39,58.18,62.23,4.76,1.077,6.82,19.49,35.26,68.5,7.39,834.2,82.02,83.84,42.93,43.84,0
2026-04-02T06:10:00,IMM-01,MD-A12,PP-GF20,DAY,28.13,51.83,0.059,221.66,225.53,230.45,72.87,99.06,63.41,74.86,3.95,1.187,7.25,16.52,33.4,65.7,7.53,863.7,70.16,87.79,44.99,41.71,1
2026-04-02T06:10:42,IMM-03,MD-C03,ABS,DAY,28.91,56.79,0.136,213.39,216.98,221.42,66.85,93.11,57.91,76.61,4.2,1.226,8.29,19,36.32,84.5,10.27,931.5,76.3,93.05,43.45,45.09,0
2026-04-02T06:11:24,IMM-02,MD-C03,PA6-GF30,EVENING,28.05,40.72,0.12,234.23,239.4,246.15,71.39,105.85,59.54,67.44,4.52,0.997,6.67,18.81,35.36,92.8,8.34,901,83.82,84.5,44.48,46.41,1
2026-04-02T06:12:06,IMM-02,MD-A12,PP-GF20,EVENING,29.32,47.64,0.127,210.18,220.63,224.29,69.41,102.42,59.27,65.34,3.54,1.263,7.09,15.81,32.86,96.8,8.21,823.4,77.92,94.23,41.25,40.87,0
2026-04-02T06:12:48,IMM-03,MD-A12,PP-GF20,EVENING,28.74,24.4,0.123,208.8,217.33,223.55,66.67,93.8,55.63,68.46,5.18,1.225,8.75,18.14,36.83,85.4,11.44,836.2,70.1,93.72,48.79,48.72,0
2026-04-02T06:13:30,IMM-02,MD-A12,PA6-GF30,EVENING,23.08,50.17,0.208,227.55,230.15,237.6,79.9,95.46,60.08,80.99,3.24,0.805,8.66,18.41,35.28,91.9,7.97,823.5,76.62,53.51,45.35,50.52,0
2026-04-02T06:14:12,IMM-02,MD-C03,ABS,DAY,23.44,37.72,0.062,210.41,219.36,224.41,67.89,115.38,66.07,71.12,4.1,1.306,8.61,21.17,38.94,74.5,8.47,861.1,78.03,105.69,46.86,40.51,0
2026-04-02T06:14:54,IMM-02,MD-C03,ABS,EVENING,28.18,67.38,0.152,209.3,217.41,223.88,63.46,88.65,51.4,74.85,4.92,1.389,7.43,21.5,37.93,77.9,8.63,854.8,76.56,108.22,43.34,49.35,0
2026-04-02T06:15:36,IMM-03,MD-A12,ABS,EVENING,29.5,54.65,0.114,214.15,222.03,222.68,69.08,89.67,53.76,67.22,4.73,1.157,6.94,17.92,34.48,81.1,11.46,820.1,,71.35,47.01,45.29,0
2026-04-02T06:16:18,IMM-01,MD-B07,PA6-GF30,NIGHT,23.87,70.22,0.251,238.99,246.36,251.55,74.15,101.8,57.31,72.4,4.31,1.292,7.21,17.68,34.57,67.4,9.38,861.4,79.5,96.07,45.7,52.42,0
2026-04-02T06:17:00,IMM-04,MD-B07,PA6-GF30,EVENING,26.1,32.45,0.148,227.96,233.85,240.05,74.26,100.47,59.19,78.89,3.29,1.181,8,19.17,36.38,83.1,8.99,779.9,75.9,97.13,43.26,46.06,1
2026-04-02T06:17:42,IMM-03,MD-B07,ABS,DAY,21.64,45.33,0.146,212.54,219.96,227.66,71.86,93.36,55.15,68.82,4.1,1.086,6.09,16.55,32.69,88.2,7.19,823.6,73.97,85.9,43.85,45.2,0
2026-04-02T06:18:24,IMM-04,MD-B07,ABS,DAY,30.06,51.05,0.128,214.56,221.75,227.02,68.69,110.5,63.2,79.28,3.21,1.196,6.13,18.85,34.89,91.8,9.08,752.5,88.53,106.26,54.25,39.59,0
2026-04-02T06:19:06,IMM-03,MD-A12,PP-GF20,EVENING,24.83,47.89,0.184,206,211.78,218.4,65.16,89.14,55.27,69.77,3.71,1.222,7.48,22.4,38.63,79.2,8.1,830.1,66.87,88.3,42.95,43.65,0
2026-04-02T06:19:48,IMM-03,MD-C03,PA6-GF30,DAY,22.66,51.97,0.123,240.09,251.31,259.05,68.02,97.98,57.71,76.64,2.77,1.414,7.21,20.61,36.34,82.6,9.68,862.9,77.42,115,45.87,54.5,0
2026-04-02T06:20:30,IMM-01,MD-B07,PP-GF20,EVENING,21.96,47.76,0.096,212.2,217.23,222.21,72.62,102.45,60.53,65.61,5.44,1.016,6.66,19.38,35.31,91.7,8.62,844.1,77.11,68.59,47.35,47.35,0
2026-04-02T06:21:12,IMM-02,MD-A12,ABS,DAY,20.51,31.7,0.147,219.03,229.15,232.8,68.42,106.93,60.96,70.67,4.35,1.202,6,16.57,33.42,80.8,8.76,781.2,93.71,116.87,43.69,41.11,0
2026-04-02T06:21:54,IMM-01,MD-C03,PA6-GF30,EVENING,31.04,49.73,0.224,221.88,226.84,232.45,71.7,121.97,71.1,66.22,3.72,1.396,6.56,21.99,37.56,88.3,8.49,825.2,91.53,125.12,48.14,47.5,1
2026-04-02T06:22:36,IMM-04,MD-A12,ABS,NIGHT,30.16,38.29,0.138,200.08,207.59,211.38,70.06,89.7,56.21,66.94,4.35,1.216,8.56,20.36,39.52,89.7,8.87,767,57.71,72.11,45.53,43.1,0
2026-04-02T06:23:18,IMM-01,MD-B07,PP-GF20,DAY,23.38,45.65,0.136,212.96,222.29,226.44,70.69,93.66,49.14,67.49,4.86,1.145,7.63,17.98,34.45,79.7,8.94,854.2,68.09,75.1,43.48,41.45,0
2026-04-02T06:24:00,IMM-02,MD-C03,ABS,DAY,23.94,43.38,0.114,204.12,212.33,217.54,65.07,90.77,51.63,67.39,5.55,1.129,7.48,17.34,35.05,65,7.5,825.8,60.91,57.7,44.3,38.71,0
2026-04-02T06:24:42,IMM-02,MD-A12,PA6-GF30,EVENING,20.84,24.28,0.151,231.61,237.05,241.35,77.67,94.31,55.73,69.63,5.22,1.114,8.26,17.87,36.29,84,7.76,770.1,74.08,84.28,46.36,47.84,0
2026-04-02T06:25:24,IMM-01,MD-B07,PP-GF20,NIGHT,29.04,30.3,0.126,215.27,222.32,228.01,68.77,102.54,59.37,73.19,4.25,1.283,6.84,18.77,35.45,73.1,8.82,760.6,76.57,95.94,51.11,41.2,0
2026-04-02T06:26:06,IMM-04,MD-A12,PA6-GF30,DAY,22.23,52.79,0.137,227.75,236.92,243.57,70.22,106.09,60.22,83.67,3.82,1.126,7.23,16.68,33.16,86,7.52,768.3,76.32,81.75,45.74,53.9,0
2026-04-02T06:26:48,IMM-03,MD-A12,ABS,NIGHT,32.34,55.31,0.183,211.72,217.13,221.26,66.81,102.78,62.12,77.72,3.39,1.035,7.18,20.72,37.93,84.2,9.56,802.7,76.21,83.8,44.05,41.42,1
2026-04-02T06:27:30,IMM-03,MD-B07,PA6-GF30,DAY,28.55,,0.17,233.75,244.27,249.51,84.03,108.9,58.21,69.76,3.4,1.214,7.68,16.85,33.42,77.9,6.8,809.9,78.88,90.58,44.57,46.73,0
2026-04-02T06:28:12,IMM-01,MD-B07,ABS,DAY,26.09,58.39,0.087,215.29,219.46,223.78,69.41,96.29,49.12,80.08,3.41,1.17,8.6,16.02,33.8,79.6,9.12,789.8,77.94,89.3,48.71,47.43,0
2026-04-02T06:28:54,IMM-02,MD-B07,PP-GF20,EVENING,20.37,29.69,0.122,216.73,224.05,228.86,69.39,98.55,57.48,70.73,3.94,1.135,8.71,19.14,38.32,81.7,8.16,812.9,69.77,84.51,47.29,40.71,0
2026-04-02T06:29:36,IMM-02,MD-B07,PA6-GF30,NIGHT,15.65,48.49,,233.46,240.77,246.49,69.58,106.79,59.5,66,4.64,1.109,6.51,19.21,35.07,79.9,8.2,832.4,81.19,90.81,50.65,55.73,0
2026-04-02T06:30:18,IMM-02,MD-C03,PA6-GF30,DAY,28.75,45.81,0.169,223.26,227.01,232.82,68.83,111.37,66.54,83.64,4.37,1.075,6.4,18.69,34.54,80,6.65,841.8,87.51,95.58,42.46,50.21,1
2026-04-02T06:31:00,IMM-04,MD-A12,PA6-GF30,EVENING,21.21,40.4,0.154,234.72,242.1,247.4,75.08,101.42,55.51,78.16,2.82,1.025,7.77,19.88,37.1,85.9,8.07,868.4,71.41,64.65,46.87,50.5,0
2026-04-02T06:31:42,IMM-04,MD-B07,ABS,NIGHT,23.42,44.01,0.092,215.38,222.29,228.88,69.58,95.59,59.15,72.78,4.31,1.38,7.19,19.05,36.21,88.2,7.83,833.5,73.61,100.43,40.29,45.73,0
2026-04-02T06:32:24,IMM-01,MD-B07,PP-GF20,DAY,24.7,43.85,0.075,208.01,215.34,218.47,65.6,98.75,58.05,70.24,2.26,0.996,8.29,18.73,36.7,86.5,8.23,802.3,76.73,80.29,41.88,40.36,1
2026-04-02T06:33:06,IMM-01,MD-B07,PA6-GF30,NIGHT,27.31,62.2,0.188,231.13,235,239.7,72.44,105.56,63.14,67.84,4.81,1.066,8.2,17.23,35.18,71.9,7.3,819.3,79.56,85.75,42.15,51.55,0
2026-04-02T06:33:48,IMM-04,MD-C03,PP-GF20,EVENING,34.65,45.12,0.082,205.05,207.83,211.22,76.95,97.01,56.69,74.89,4.01,1.247,7.46,16.29,34.39,76.4,9.4,830.1,81.09,94.74,48.65,39.13,0
2026-04-02T06:34:30,IMM-02,MD-A12,PA6-GF30,NIGHT,30.64,53.6,0.203,225.81,229.54,233.15,71.36,114.97,63.06,72.72,4.54,1.309,6.29,13.76,29.96,76,8.93,826.2,85.68,106.38,43.15,49.06,0
2026-04-02T06:35:12,IMM-03,MD-B07,ABS,DAY,22.39,20,0.113,209.77,219.38,222.99,68.28,98.36,60.35,76.04,4.94,1.161,8.15,18.31,37.28,75.5,9.36,854.3,72.37,80.28,47.85,43.52,0
2026-04-02T06:35:54,IMM-04,MD-A12,PA6-GF30,EVENING,23.45,47.81,0.192,229.21,238.33,242.58,75.71,93.92,57.98,75.17,2.74,1.155,8.13,19.5,37,82.1,6.58,841.5,75.95,85.16,52.98,48.47,1
2026-04-02T06:36:36,IMM-02,MD-C03,PP-GF20,DAY,24.68,57.55,0.06,214.41,227.35,233.79,66.85,95.25,51.58,75.94,3.41,1.228,6.36,18.58,35.66,91.2,7.66,814,73.16,82.78,44.58,42.31,0
2026-04-02T06:37:18,IMM-03,MD-A12,PP-GF20,EVENING,26.2,39.69,0.084,216.33,227.09,230.56,70.36,86.92,54.78,58.33,3.93,1.105,8.72,19.16,37.4,87.1,9.02,780.4,63.66,75.73,44.11,43.54,0
2026-04-02T06:38:00,IMM-02,MD-B07,ABS,NIGHT,24.33,54.55,0.161,205.94,215.17,219.34,67.57,88.4,49.66,75.86,5.32,1.271,6.66,17.35,33.34,73.2,8.01,845,70,84.88,46.76,41.22,1
2026-04-02T06:38:42,IMM-04,MD-C03,PA6-GF30,DAY,29.87,59.69,0.225,234.71,244.76,252.2,85.75,109.78,61.43,66.78,4.22,1.382,6.63,19.03,36.55,92.1,8.02,862.4,86.06,112.87,46.61,50.14,1
2026-04-02T06:39:24,IMM-02,MD-B07,PP-GF20,DAY,26.94,45.48,0.122,211.94,217.42,223.58,71.31,94.61,52.08,61.21,4.53,1.234,6.94,18.81,36.62,70,7.53,840.1,76.87,96.91,49.37,40.95,0
2026-04-02T06:40:06,IMM-03,MD-A12,PA6-GF30,DAY,28.58,51.25,0.126,231.09,238.19,246.86,72.11,107.81,67.88,77.06,3.71,1.028,8.31,17.45,33.94,81.9,10.41,785.8,85.78,85.4,48.44,41.33,0
2026-04-02T06:40:48,IMM-03,MD-A12,ABS,EVENING,20.54,55.58,0.12,210.13,219.12,222.2,78.51,97.91,53.19,80.94,4.59,1.134,7.07,18.72,33.79,70.3,7.79,822.2,72.8,77.56,43.29,42.35,0
2026-04-02T06:41:30,IMM-02,MD-B07,ABS,DAY,22.87,43.19,0.079,200.65,206.23,211.77,68.86,90.69,51.06,83.68,4.19,1.264,7.23,19.43,35.9,101.2,8.47,818.6,74.73,105.17,48.59,38.41,0
2026-04-02T06:42:12,IMM-01,MD-A12,PP-GF20,NIGHT,18.26,49.03,0.166,210.34,216.97,225.07,70.88,108.28,68.13,80.19,3.26,0.994,7.89,18.2,36.11,81.7,7.85,884,80.09,75.53,41.58,44.55,1
2026-04-02T06:42:54,IMM-04,MD-A12,PP-GF20,NIGHT,26.65,,0.172,212.71,216.73,222.58,70.67,99.76,54.78,89.72,2.49,1.031,9.14,18.54,37.88,73.3,8.22,835.5,77.92,75.75,43.54,44.33,0
2026-04-02T06:43:36,IMM-04,MD-B07,PA6-GF30,EVENING,19.64,55.36,0.142,234.13,239.43,245.4,78.16,88.06,53.41,78.2,2.74,1.152,7.88,17.47,35.48,93.2,8.47,807.2,66.94,87.53,48.89,48.55,1
2026-04-02T06:44:18,IMM-02,MD-B07,PP-GF20,EVENING,20.21,46.74,0.207,211.37,217.79,222.94,70.83,91.67,61.91,63.35,3.95,0.989,7.83,16.35,33.34,78.9,7.74,780.7,67.37,57.17,47.94,44.56,1
2026-04-02T06:45:00,IMM-03,MD-C03,PP-GF20,DAY,19.55,59.8,0.058,219.92,222.5,226.55,73.46,99.4,61.11,87.18,3.74,1.463,7.95,19.59,37.88,92,8.85,831.3,79.92,111.03,43.31,39.12,1
2026-04-02T06:45:42,IMM-03,MD-A12,PA6-GF30,EVENING,25.14,49.2,0.161,220.35,225.75,232.63,84.4,99.75,57.22,80.9,2.11,1.121,7.97,19.84,37.01,71.8,8.61,821.1,79.69,98.23,42.74,53.32,0
2026-04-02T06:46:24,IMM-04,MD-C03,ABS,DAY,22.78,58.85,0.068,207.21,211.93,219.75,72.81,95.15,55.06,90.15,3.28,1.391,7.02,19.12,35.51,73.2,9.6,876.3,73.09,99.24,42.49,42.14,1
2026-04-02T06:47:06,IMM-01,MD-A12,PP-GF20,DAY,16.82,61.54,0.075,216.21,224.67,229.69,66.87,92.69,54.11,69.48,2.77,1.06,6.91,16.99,32.87,73.1,9.43,860.4,73.4,68.27,41.44,42.97,0
2026-04-02T06:47:48,IMM-02,MD-A12,PA6-GF30,DAY,26.14,31.93,0.14,240.29,250.02,253.34,75.42,108.12,60.78,70.31,3.21,1.212,7.24,17.88,35.3,96.2,9.08,829.6,82.71,111.89,46.86,50.39,0
2026-04-02T06:48:30,IMM-02,MD-C03,ABS,NIGHT,17.53,,0.146,216.85,224.73,231.06,68.96,106.25,62.37,72.49,3.15,1.366,8.07,18.94,37.84,77,10.33,849.9,76.48,109.6,52.64,44.97,0
2026-04-02T06:49:12,IMM-04,MD-C03,PP-GF20,NIGHT,25.95,52.04,0.12,214.63,218.38,225.72,69.15,101.87,58.9,76.2,3.83,1.222,9.13,21.04,39.92,73.5,8.85,837,73.82,93.8,51.39,35.77,0
2026-04-02T06:49:54,IMM-01,MD-C03,PA6-GF30,EVENING,27.75,25.61,0.19,227.2,238.09,240.52,70.73,96.5,56.35,64.2,4.21,1.438,7.81,21.51,39.09,78.7,6.76,876,74.41,105.02,47.59,59.07,0
2026-04-02T06:50:36,IMM-01,MD-C03,PP-GF20,DAY,24.63,56.71,0.126,205.84,212.13,217.93,72.76,101.45,54.56,67.77,2.78,1.326,7.77,17.92,34.56,82.7,7.97,843.1,72.55,102.69,42.67,40.2,0
2026-04-02T06:51:18,IMM-03,MD-A12,PP-GF20,EVENING,17.92,43.6,0.042,214.75,223.29,226.26,73.26,93.48,50.51,65.69,4.52,1.031,7.91,16.94,35.33,89.1,10.66,823.7,81.26,78.29,42.07,36.79,0
2026-04-02T06:52:00,IMM-04,MD-C03,PP-GF20,DAY,26.96,41.44,0.127,214.93,223.19,226.46,66.22,99.94,57.11,64.35,4.48,1.223,7.93,16.83,34.23,79,8.17,879.3,73.61,92.48,43.47,44.87,0
2026-04-02T06:52:42,IMM-02,MD-A12,PP-GF20,EVENING,18.65,49.8,0.1,211.97,217.32,225.21,65.67,101.61,59.39,65.44,3.75,1.401,7.25,17.73,34.36,81.2,9.08,829,75.97,113.53,47.3,36.74,0
2026-04-02T06:53:24,IMM-01,MD-A12,ABS,NIGHT,22.12,38.6,0.117,213.82,223.12,226.41,70.55,85.35,49.52,65.13,3.45,1.346,8.37,17.66,35.85,91.7,8.73,862.2,66.32,89.55,46.85,37.66,0
2026-04-02T06:54:06,IMM-03,MD-C03,PP-GF20,DAY,21.32,20,0.101,213.59,221.09,228.71,64.79,103.82,60.1,71.64,5.13,1.209,8.49,18.98,37.59,80.1,5.67,887.7,75.85,84.06,46.61,43.25,0
2026-04-02T06:54:48,IMM-01,MD-A12,ABS,DAY,32.29,38.51,0.08,206.94,213.96,223,64.83,92.61,47.57,75.04,3.45,1.398,6.2,16.85,33.32,76.2,9.81,856.7,67.97,98.06,43.78,46.76,0
2026-04-02T06:55:30,IMM-01,MD-A12,PP-GF20,DAY,24.47,62.71,0.106,212.04,216.69,220.32,66.77,94.7,51.19,67.92,4.19,1.195,8.02,17.02,34.64,83.7,8.74,825.8,78.02,92.41,40.61,45.86,0
2026-04-02T06:56:12,IMM-04,MD-A12,PP-GF20,EVENING,20.9,53.35,0.107,223.78,233.29,237.14,68.41,88.48,49.98,86.3,3.9,1.277,7.17,17.93,34.14,73.3,10.1,804.4,69.37,96.94,45.27,48.16,1
2026-04-02T06:56:54,IMM-03,MD-C03,ABS,NIGHT,23.37,41.09,0.196,212.73,223.79,230.24,67.17,111.81,59.63,78.07,5.11,1.382,7.69,21.27,38.18,80.2,7.53,852.9,80.53,124.17,42.77,40.03,1
2026-04-02T06:57:36,IMM-04,MD-C03,PA6-GF30,EVENING,25.36,51.35,0.175,227.07,236.04,239.46,78.55,105.47,63.2,73.7,4.4,1.169,9.89,19.82,38.85,84.5,6.71,837.9,78.48,83.6,46.65,42.11,0
2026-04-02T06:58:18,IMM-02,MD-A12,PA6-GF30,EVENING,26.56,65.48,0.105,225.14,236.77,239.76,76.76,100.95,57.09,77.03,4.13,1.201,8.36,16.67,34.28,82.7,7.9,802.5,72.07,84.5,46.9,52.16,0
2026-04-02T06:59:00,IMM-02,MD-A12,PP-GF20,NIGHT,20.18,43.37,0.054,213.72,218.8,226.39,69.63,97.84,57.73,89.47,5.33,1.333,7.8,18.32,35.95,85.3,6.2,858.5,65.47,90.3,44.13,38.4,0
2026-04-02T06:59:42,IMM-03,MD-C03,ABS,DAY,16.55,45.39,0.112,215.4,225.3,227.58,68.61,101.34,63.26,78.71,3.5,1.454,6.14,19.56,35.07,80.5,9.81,877.9,82.4,117.31,50.53,42.28,0
2026-04-02T07:00:24,IMM-01,MD-C03,PP-GF20,DAY,20.54,50.96,0.056,211.15,221.82,224.87,69.8,94.7,55.26,64.73,3.54,1.206,8.59,21.14,39.73,81.3,8.02,881.6,71.19,83.35,42.97,48.43,0
2026-04-02T07:01:06,IMM-02,MD-A12,PP-GF20,EVENING,28.2,31.53,0.119,208.26,214.25,220.54,72.01,91.27,55.23,75.56,3.73,1.4,7.3,19.15,36.55,87.1,8.66,849.4,67.06,89.76,48.63,33.93,0
2026-04-02T07:01:48,IMM-03,MD-C03,PA6-GF30,DAY,23.86,42.49,0.152,220.7,226.17,232.04,72.75,88.14,49.69,77.75,3.61,1.231,7.73,19.17,36.99,89.2,10.76,876,65.15,85.23,45.75,48.54,1
2026-04-02T07:02:30,IMM-04,MD-B07,ABS,EVENING,26.74,44.35,0.038,206.95,214.43,220,71.71,93.71,62.56,76.37,4.01,1.16,8.35,15.34,34.06,77.2,8.66,842.4,72.73,80.42,47.26,40.52,0
2026-04-02T07:03:12,IMM-01,MD-B07,PP-GF20,NIGHT,23.37,60.72,0.145,216.97,225.01,228.11,72.74,80.84,47.78,73.52,4.56,1.141,8.38,17.83,36.8,84.1,7.02,811.8,66.25,69.5,52.03,40.73,0
2026-04-02T07:03:54,IMM-01,MD-C03,ABS,NIGHT,23.96,63.9,0.134,212.53,218.21,222.56,66.57,104.56,62.49,79.23,4.84,1.163,7.61,19.09,36.69,70,6.58,871.5,78.8,101.13,45.55,43.08,0
2026-04-02T07:04:36,IMM-04,MD-C03,PP-GF20,EVENING,22.39,46.74,0.077,211.12,216.06,221.67,67.03,89.75,51.81,82.13,5.58,1.275,8.51,19.63,37.25,79.6,12.9,833.7,70.53,98.46,45.76,52.83,0
2026-04-02T07:05:18,IMM-02,MD-A12,PA6-GF30,DAY,28.33,40.3,0.186,226.71,236,241.25,74.39,104.64,60.84,69.97,4.74,1.143,8.26,18.23,34.69,73.7,6.97,828.3,84.28,91.73,40.76,52.24,0
2026-04-02T07:06:00,IMM-03,MD-C03,ABS,EVENING,32.07,45.9,0.117,210.45,216.71,222.45,72.67,81.47,48.1,66.24,4.42,1.318,8.6,19.38,37.44,84.2,8.5,817.5,55.87,68.41,47.67,41.25,0
2026-04-02T07:06:42,IMM-01,MD-B07,PA6-GF30,DAY,22.64,50.8,0.18,219.36,223.93,230.59,74.75,105.77,64.13,55.76,2.68,1.13,8.2,16.47,33.08,84.4,6.11,818.7,78.84,97.06,45.25,54.83,1
2026-04-02T07:07:24,IMM-01,MD-B07,PP-GF20,DAY,22.01,59.7,0.134,211.48,217.74,222.98,66.13,101.1,62.08,72.74,2.47,1.332,6.41,18.88,34.53,81.8,7.81,784.6,78.35,107.74,50.87,42.38,0
2026-04-02T07:08:06,IMM-02,MD-A12,PP-GF20,DAY,21.58,70.53,0.089,212.21,218.98,220.98,69.31,90.17,54.61,68.94,3.95,1.112,6.36,19.88,36.78,84.3,8.48,870,69.02,76.16,41.77,38.56,0
2026-04-02T07:08:48,IMM-04,MD-B07,ABS,DAY,22.58,30.76,0.137,215.24,222.36,229.53,61.07,94.48,53.95,63.74,5.26,1.116,8.36,17.61,35.99,78,8.15,885.7,69.6,70.01,44.49,44.59,1
2026-04-02T07:09:30,IMM-02,MD-A12,ABS,DAY,25.18,59.63,0.053,208.53,217.42,223.38,74.07,86.46,54,81.06,3.93,1.259,7.79,20.52,38.18,82.2,6.6,808.7,68.1,90.08,46.03,57.14,1
2026-04-02T07:10:12,IMM-02,MD-C03,ABS,DAY,25.86,76.54,0.056,206.26,212.83,218.19,66.73,86.52,48.7,73.12,3.86,1.188,9.08,17.36,36.42,86.9,8.66,821.1,64.3,75.45,46.92,43.01,0
2026-04-02T07:10:54,IMM-01,MD-A12,ABS,DAY,25.54,54.48,0.141,216.16,223.46,228.32,68.8,114.98,60.81,65.5,4.76,1.261,7.3,20.79,38.16,73.8,9.03,853.2,90.7,113.5,38.64,39.33,0
2026-04-02T07:11:36,IMM-03,MD-B07,PA6-GF30,DAY,25.79,50.14,0.174,233.6,243.25,249.96,73.38,109.27,68.04,72.45,4.36,1.11,7.25,17.9,34.77,78.9,8.21,831.8,90.24,88.11,45.37,51.08,0
2026-04-02T07:12:18,IMM-04,MD-C03,ABS,NIGHT,28.77,22.09,0.066,206.1,212.36,218.23,74.24,103.42,61.13,74.83,3.57,1.367,8.92,18.49,36.91,74.3,9.9,869.9,83.21,120.49,43.58,44.37,0
2026-04-02T07:13:00,IMM-01,MD-C03,ABS,NIGHT,22.64,43.38,0.031,208.22,216.66,220.72,63.8,108.18,66.26,64.08,3.16,1.134,7.33,19.12,35.3,70.8,10.64,789.4,76.81,89.37,51.5,39.58,1
2026-04-02T07:13:42,IMM-02,MD-B07,PA6-GF30,NIGHT,23.67,55.95,0.155,230.41,239.47,244.92,76.89,110.8,63.63,75.06,4.08,1.26,8.16,19.84,37.77,88.4,8.75,814.6,87.26,106.62,50.21,52.93,0
2026-04-02T07:14:24,IMM-01,MD-B07,PA6-GF30,DAY,24.66,61.27,0.163,228.81,230.82,236.78,73.15,101.01,53.86,75.85,5.25,1.138,7.12,17.63,35.57,86,9.05,874,79.58,87.8,53.38,53.29,0
2026-04-02T07:15:06,IMM-04,MD-C03,PA6-GF30,EVENING,21.29,47.86,0.05,225.78,232.6,237.48,71.75,100.18,59.32,81.49,4.87,1.246,8.31,16.34,34.59,78.1,8.51,899.1,77.06,92.78,40.01,51.26,1
2026-04-02T07:15:48,IMM-04,MD-B07,ABS,DAY,23.55,39.05,0.114,216.71,221.82,228.69,67.53,101.13,62.23,66.2,4.1,1.198,9.45,19.7,39.34,82.3,8.03,832.5,69.43,84.76,41.47,44.87,0
2026-04-02T07:16:30,IMM-03,MD-C03,ABS,EVENING,26.12,45.78,0.143,198.57,206.09,213.63,63.74,88.95,50.41,86.02,4.76,1.252,7.43,18.32,35.17,102.2,6.79,927.1,74.31,98.45,42.3,41.9,1
2026-04-02T07:17:12,IMM-03,MD-B07,PA6-GF30,NIGHT,22.19,41.22,0.175,233.74,235.6,242.6,71.88,110.39,61.25,73.01,3.24,1.232,8.74,17.74,36.77,102.5,6.69,796.2,84.86,105.38,50.72,46.29,0
2026-04-02T07:17:54,IMM-03,MD-B07,ABS,EVENING,31.59,49.43,0.047,206.1,209.06,211.91,71.03,93.7,51.34,78.01,3.9,1.181,6.86,17.13,33.25,87,7.53,830.3,69.86,88.72,46.48,40.93,1
2026-04-02T07:18:36,IMM-02,MD-A12,PA6-GF30,NIGHT,21.31,33.45,0.049,237.87,242,246.37,73.06,98.66,58.04,68.34,4.31,1.144,6.77,17.67,33.37,92.4,8.59,856.5,75.48,81.08,47.74,37.56,0
2026-04-02T07:19:18,IMM-02,MD-B07,ABS,EVENING,26.33,45.17,0.052,213.84,224.43,228.89,66.78,85.46,50.15,78.68,4.04,1.217,7.61,20.32,38.07,80.4,7.17,853.4,66.46,73.74,44.08,39.87,0
2026-04-02T07:20:00,IMM-04,MD-B07,PA6-GF30,DAY,28.06,61.29,0.17,230.24,237.03,243.38,77.2,98.09,50.97,80.3,3.32,1.222,8.57,18.46,36.31,72.6,11.12,898.1,71.58,84.32,44.49,49.81,0
2026-04-02T07:20:42,IMM-02,MD-B07,PP-GF20,EVENING,23.04,43.13,0.186,228.69,236.89,243.53,72.89,94.68,53.46,75.79,2.91,1.269,8.01,18.23,37.38,86.1,7.44,799,70.97,91.52,40.83,44.29,0
2026-04-02T07:21:24,IMM-03,MD-B07,ABS,NIGHT,24.79,37.22,0.1,199.25,203.26,208.24,68.68,97.36,55.62,76.33,4.01,1.198,6.61,19.76,37.13,93.3,8.06,826.8,75.56,92.63,47.05,43.83,0
2026-04-02T07:22:06,IMM-02,MD-B07,ABS,DAY,26.76,79.07,0.192,219,222.52,225.94,68.54,90.9,52.29,74.8,3.82,1.24,6.8,16.94,33.2,88.7,9.49,803.2,71.55,96.41,45.26,36.56,0
2026-04-02T07:22:48,IMM-04,MD-C03,PP-GF20,DAY,32.59,62.92,0.075,212.45,222.67,226.52,68.33,91.84,57.36,63.33,2.61,1.234,7.86,20.04,38.04,84.9,8.07,834.5,72.36,86.75,45.48,35.77,0
2026-04-02T07:23:30,IMM-02,MD-A12,ABS,EVENING,23.66,55.14,0.218,206.61,210.05,217.9,69.62,95.57,51.53,57.53,4.85,1.163,6.69,15.13,31.2,97.3,8.12,812.3,81.02,97.84,47.18,41.41,0
2026-04-02T07:24:12,IMM-04,MD-B07,ABS,DAY,24.83,65.26,0.126,209.16,218.38,222.9,69.66,86.79,57.95,71.3,5.01,1.11,8.16,17.01,36.07,89.1,8.58,832.8,64.79,72.84,41.98,47.83,0
2026-04-02T07:24:54,IMM-01,MD-A12,PA6-GF30,DAY,29.3,46.17,0.193,223.22,236.23,240.37,82.27,84.7,47,81.09,2.11,1.347,8.21,16.58,34.35,87.8,8.04,796.9,60.87,86.18,43.07,52.63,1
2026-04-02T07:25:36,IMM-01,MD-B07,PP-GF20,EVENING,20.88,36.91,0.05,209.87,215.44,221.61,72.36,104.56,58.93,70.01,5.28,1.074,7.59,17.04,34.64,68.3,8.43,807.5,80.34,90.24,43.12,44.65,0
2026-04-02T07:26:18,IMM-01,MD-C03,PP-GF20,NIGHT,31.15,53.33,0.094,225.98,232.93,242.11,75.26,98.88,64.23,69.79,4.23,0.98,7.97,18.49,37.03,76.3,9.08,863.5,79.29,76.24,49.09,48.01,0
2026-04-02T07:27:00,IMM-02,MD-B07,PA6-GF30,NIGHT,19.32,36.71,0.047,225.78,236.25,243.66,78.08,109.94,67.89,74.32,3.08,1.15,7.65,18.81,36.13,85.9,7.69,851.2,80.7,80.82,47.66,59.38,0
2026-04-02T07:27:42,IMM-03,MD-A12,PA6-GF30,DAY,29.36,61.16,0.159,229.91,238.1,243.21,82.67,100.08,60.05,66.5,4.13,1.129,6.41,20.51,36.46,81.8,8.35,918.5,74.84,81.55,49.1,47.51,0
2026-04-02T07:28:24,IMM-02,MD-C03,PA6-GF30,DAY,28.69,45.15,0.172,228.88,235.05,243.49,75.71,102.73,63.43,75.76,3.16,1.241,8.91,17.16,35.02,82.7,9.34,825.4,88.99,103.57,48.14,46.48,0
2026-04-02T07:29:06,IMM-02,MD-B07,PA6-GF30,EVENING,20.39,33.79,0.149,230.7,236.24,243.13,75.5,106.43,67.34,78.3,4.87,1.249,8.34,15.98,33.74,92.1,8.44,792.6,79.28,95.51,43.6,50.4,0
2026-04-02T07:29:48,IMM-02,MD-C03,PP-GF20,EVENING,20.02,35.01,0.177,217.04,225.41,232.98,73.12,95.67,58.62,80.17,4.16,1.053,8.77,21.46,40.08,64.5,7.73,803.5,68.26,76.9,44.98,42.34,1
2026-04-02T07:30:30,IMM-02,MD-C03,PP-GF20,EVENING,25.46,50.92,0.088,218.85,224.2,227.14,65.84,105.28,58.39,79.01,4.82,1.331,7.85,21.43,37.29,72.2,7.18,809.2,79.82,99.53,41.97,41.33,0
2026-04-02T07:31:12,IMM-01,MD-B07,PA6-GF30,DAY,24.78,47.57,0.168,225.59,234.56,240.54,79.13,91.96,55.49,78.38,3.91,0.964,8.68,17.97,36.75,76.3,8.46,820.1,56.82,52.67,44.89,48.65,0
2026-04-02T07:31:54,IMM-02,MD-C03,PA6-GF30,EVENING,31.35,65.04,0.136,223.23,231.08,233.43,69.93,84.41,50.44,74.38,4.82,1.519,6.12,19.81,35.35,83,8.77,876,62.36,94.1,45.49,55.09,1
2026-04-02T07:32:36,IMM-04,MD-A12,ABS,EVENING,29.31,60.6,0.084,211.04,220.13,227.38,72.37,98.23,60.21,74.82,4.16,1.15,5.93,21.37,36.99,93.9,8.19,757.4,68.22,71.98,46.77,40.9,0
2026-04-02T07:33:18,IMM-03,MD-A12,PA6-GF30,DAY,14.13,47.01,0.158,222.62,229.69,235.78,77.27,88.73,49.73,75.42,4.34,1.126,7.26,16.66,32.63,78,9.65,744.1,65.63,75.94,48.59,52.69,0
2026-04-02T07:34:00,IMM-01,MD-C03,PP-GF20,EVENING,27.06,40.15,0.059,206.03,212,217.15,67.22,97.92,57.35,77.49,4.75,1.463,6.68,19.67,35.95,86.5,6.87,878.3,72.55,111.5,44.56,36.22,0
2026-04-02T07:34:42,IMM-02,MD-C03,ABS,DAY,20.48,47.96,0.115,212.54,221.96,228.86,64.31,102.11,60.43,79.53,2.57,1.217,8.16,19.23,36.19,98.7,9.37,824.8,76.78,91.31,46.6,52.75,0
2026-04-02T07:35:24,IMM-01,MD-C03,PP-GF20,DAY,25.82,46.41,0.069,206.89,212.11,218.19,65.89,90.76,54.19,79.94,4.93,1.173,7.86,18.46,36.62,84.2,7.79,847,75.94,82.28,41.81,39.97,0
2026-04-02T07:36:06,IMM-04,MD-A12,PP-GF20,NIGHT,20.64,31.41,0.178,214.38,223.04,226.45,60.64,89.89,51.15,68.42,5.04,1.211,6.74,17.49,32.95,85.5,8.85,818.4,72.47,98.41,43.98,39.66,0
2026-04-02T07:36:48,IMM-03,MD-B07,PA6-GF30,DAY,24.71,36.33,0.189,226.74,235.34,242.67,79.76,107.86,59.63,72.02,5.15,1.292,7.15,14.55,30.94,91.2,8.15,807.1,84.22,106.92,46.68,50.44,0
2026-04-02T07:37:30,IMM-02,MD-A12,PA6-GF30,EVENING,25,35.19,0.171,232.4,240.07,245.69,74.17,98.04,63.12,71.08,3.41,1.133,7.5,18.44,35.87,78.9,9.02,830.1,72.97,77.36,45.66,48.66,0
2026-04-02T07:38:12,IMM-03,MD-B07,PP-GF20,DAY,21.57,63.83,0.141,218.24,225.2,233.13,69.94,91.15,51.45,70.57,5.21,1.097,6.66,13.97,29.71,77.1,9.16,808.9,75.24,92.19,43.83,44.18,1
2026-04-02T07:38:54,IMM-04,MD-A12,PP-GF20,EVENING,26.44,39.48,0.084,221.78,227.66,237.04,70.99,96.05,49.98,83.81,4.81,1.386,8.45,19.57,38.73,76.7,8.35,823,78.15,113.82,48.76,45.72,0
2026-04-02T07:39:36,IMM-03,MD-B07,PP-GF20,NIGHT,22.56,40.75,0.103,215.47,225.36,233.29,65.57,97.84,59.16,75.4,4.42,1.081,7.74,20.32,38.21,86.8,8.71,781,72.78,73.26,49.7,41.19,0
2026-04-02T07:40:18,IMM-01,MD-A12,ABS,DAY,19.88,42.83,0.198,207.5,212.82,216.27,67.91,83.39,46.2,79.37,5.44,1.085,7.99,19.17,36.5,73.7,8.36,818.6,59.37,62.25,46.02,42.46,0
2026-04-02T07:41:00,IMM-01,MD-C03,ABS,DAY,23.44,37.35,0.071,215.17,226.03,232.11,66.15,92.88,56.49,74.3,3.16,1.435,8.32,20.51,39.01,74.5,9.28,842.2,70.75,105.56,44.93,37.74,0
2026-04-02T07:41:42,IMM-02,MD-A12,PA6-GF30,DAY,21.87,70.27,0.167,225.44,236.49,239.16,76.42,113.54,63.68,69.71,3.3,1.274,7.37,19.29,35.97,73.2,8.57,810.7,81.78,106.01,47.36,52.05,1
2026-04-02T07:42:24,IMM-04,MD-A12,ABS,DAY,25.87,74.07,0.187,204.95,215.45,221.05,70.14,95.18,54.47,74.38,5.6,1.234,8.51,17.03,35.96,82.1,8.56,821.4,72.99,82.27,42.16,45.77,0
2026-04-02T07:43:06,IMM-04,MD-B07,ABS,EVENING,21.95,44.46,0.126,203.17,206.9,208.97,66.78,87.78,53.65,67.31,4.27,1.23,7.8,18.58,35.9,85.6,9.89,829.6,68.88,83.03,44.03,45.35,0
2026-04-02T07:43:48,IMM-04,MD-B07,ABS,EVENING,18.5,48.36,0.135,218.75,226.24,231.38,71.52,101.26,54.99,74.45,3.9,1.355,6.03,18.33,33.64,93.9,7.39,823.6,73.74,95.29,48.12,46.85,1
2026-04-02T07:44:30,IMM-03,MD-B07,ABS,EVENING,25.01,54.65,0.03,213.3,218.31,222.74,62.14,90.16,51.54,80.11,2.85,1.207,8.7,20.13,39.94,91.4,8.61,793.2,64.17,75.3,45.3,44.69,0
2026-04-02T07:45:12,IMM-04,MD-A12,PP-GF20,EVENING,20.76,50.5,0.173,222.92,231.31,238.35,66.83,100.92,64.44,72.19,3.35,1.339,7.51,18.41,36.68,92.2,7.92,802.6,66.37,87.11,47.29,44.37,1
2026-04-02T07:45:54,IMM-01,MD-B07,PP-GF20,DAY,29.4,37.69,0.146,213.89,220.15,225.65,71.71,90.79,54.22,63.86,5.06,1.123,9.06,17.76,36.57,62.6,9.02,781.6,65.11,73.36,37.7,51.62,1
2026-04-02T07:46:36,IMM-04,MD-A12,PP-GF20,EVENING,27.97,62.17,0.119,199.44,208.19,214.96,69.21,101.86,63.7,78.29,5.12,1.344,7.08,19.01,35.5,89.2,9.67,825.7,84.16,110.74,43.71,41.75,0
2026-04-02T07:47:18,IMM-02,MD-A12,ABS,NIGHT,15.5,36.9,0.104,209.45,215.48,222.44,69.21,100.96,58.4,70.65,4.14,1.026,8.11,17.98,36.65,83.8,6.64,828.9,75.77,78.26,47.29,43.32,0
2026-04-02T07:48:00,IMM-03,MD-A12,PP-GF20,NIGHT,26.31,62.41,0.09,207.58,212.85,218.96,65.18,98.47,60.64,73.22,4.25,1.364,6.99,16.78,32.37,83.3,8.52,819.2,76.28,106.21,45.03,41,0
2026-04-02T07:48:42,IMM-04,MD-B07,PP-GF20,DAY,23.65,26.6,0.028,216.67,224.42,230.72,66.27,92.99,52.1,76.6,4.14,1.215,6.82,18.45,35.12,85.2,9.88,841.8,67.48,85.66,43.29,37.4,0
2026-04-02T07:49:24,IMM-01,MD-A12,PP-GF20,DAY,22.94,62.51,0.175,208.1,214.41,221.84,60.8,95.15,56.88,67.84,4.7,0.977,7.99,19.14,35.55,88.5,9.43,805.8,68.64,70.37,52.67,44.26,0
2026-04-02T07:50:06,IMM-01,MD-B07,PP-GF20,DAY,29.01,45.54,0.16,221.12,228.63,231.17,69.29,103.11,59.11,80.95,3.86,1.377,7.98,21.19,39.16,78.9,9.54,827.2,77.72,100.79,42.07,41.73,0
2026-04-02T07:50:48,IMM-01,MD-A12,PP-GF20,EVENING,27.84,,0.16,220.02,226.9,227.43,68.44,107.85,56.94,69.04,3.94,1.204,7.48,18.61,37,87.4,9.58,786.1,75.17,91.07,45.45,40.12,0
2026-04-02T07:51:30,IMM-04,MD-C03,PA6-GF30,DAY,28.36,54.19,0.155,228.48,234.96,238.94,72.8,105.73,64.47,65.8,3.72,1.351,8.6,18.94,37.12,89.1,7.59,862.7,83.97,113.41,49.26,53.43,1
2026-04-02T07:52:12,IMM-04,MD-C03,ABS,EVENING,25.76,63.21,0.041,214.78,220.25,224.7,71.86,97.43,55.32,73.29,3.17,1.112,8.81,20.15,37.26,78.9,9.46,838.9,71.47,77.09,42.08,46.64,0
2026-04-02T07:52:54,IMM-04,MD-B07,PP-GF20,EVENING,26.49,55.52,0.132,213.03,217.13,221.17,72.31,95.18,58.34,73.85,3.76,1.246,8.86,17.64,35.44,101.6,7.2,842.4,70.22,91.27,45.19,38.57,0
2026-04-02T07:53:36,IMM-03,MD-B07,PP-GF20,NIGHT,25.93,57.05,0.095,222.04,232.76,240.45,70.47,89.21,54.31,63.58,3.36,1.096,6.51,21.18,37.28,77.9,8.15,821.5,65.1,59.6,47.05,46.78,0
2026-04-02T07:54:18,IMM-04,MD-C03,ABS,NIGHT,24.6,49.98,0.127,210.93,215.4,218.46,66.16,88.81,50.93,79.8,4.26,1.298,6.75,20.7,36.52,80.2,8.65,878.3,67.88,84.2,48.69,39.49,1
2026-04-02T07:55:00,IMM-02,MD-B07,ABS,NIGHT,26.06,52.6,0.048,209.2,216,218.87,69.88,97.06,53.52,72.01,4.2,1.406,7.93,16.4,33.82,69.1,10.51,847.2,69.99,97.21,43.25,38.66,0
2026-04-02T07:55:42,IMM-04,MD-A12,ABS,EVENING,32.18,58.07,0.139,217.72,221.72,225.56,71.7,99.14,56.28,74.19,3.85,0.963,7.58,19.82,37.26,91,7.52,817.1,70.8,64,46.22,38.17,1
2026-04-02T07:56:24,IMM-02,MD-B07,PP-GF20,NIGHT,17.63,49.69,0.133,205.97,214.09,218.34,70.25,108.06,63.24,86.31,2.89,1.223,8.28,18.8,35.68,75.1,8.15,762.5,85.61,103.84,47.63,48.46,0
2026-04-02T07:57:06,IMM-03,MD-B07,ABS,EVENING,19.57,56.09,0.184,205.57,210.78,218.48,72,95.79,56.57,73.92,4.01,1.297,8.06,17.53,35.61,84.9,6.5,811.8,71.44,87.38,46.72,37.93,0
2026-04-02T07:57:48,IMM-01,MD-A12,ABS,DAY,24.98,47.77,0.104,208.12,209.45,214.17,68.08,106.29,61.24,74.62,4.5,1.299,7.37,19.04,36.49,84.7,8.7,776,82.31,117.78,45.69,43.63,0
2026-04-02T07:58:30,IMM-03,MD-C03,PP-GF20,DAY,22.67,42.8,0.134,212.53,215.35,221.37,68.11,92.46,56.64,67.26,3.45,1.113,7.48,19.68,36.66,76.8,9.48,823.6,62.75,74.85,38.88,41.5,0
2026-04-02T07:59:12,IMM-01,MD-C03,PP-GF20,DAY,16.35,50.78,0.154,223.35,232.71,239.06,66,109.28,68.36,67.63,4.05,1.275,6.81,18.1,34.51,81.7,9.17,890.2,85,118.84,41.7,39.52,0
2026-04-02T07:59:54,IMM-02,MD-B07,ABS,NIGHT,31.68,28.44,0.144,218.34,223.08,228.89,75.77,91.18,53.93,69.1,3.09,1.256,8.02,19.55,38.24,78.9,9.75,788.7,71.58,91.97,48.92,45.04,0
2026-04-02T08:00:36,IMM-04,MD-C03,PP-GF20,DAY,27.4,49.61,0.122,217.17,225.78,229.54,63.26,89.43,50.95,78.21,3.92,1.392,7.45,20.94,39.42,94.2,8.29,859.4,73.11,93.06,44.07,38.51,0
2026-04-02T08:01:18,IMM-02,MD-A12,ABS,EVENING,28.05,25.65,0.058,219.56,229.34,233.31,74.05,101.79,61.92,79.8,5.19,1.094,7.47,17.79,34.93,89.7,8.19,856.1,85.2,92.84,43.76,44.61,0
2026-04-02T08:02:00,IMM-01,MD-A12,ABS,EVENING,27.31,35.04,0.194,208.51,217.34,222.86,64.35,89.9,60.54,60.41,3.4,1.211,8.56,18.57,36.36,77.2,8.05,832.2,70.81,87.67,48.61,45.49,0
2026-04-02T08:02:42,IMM-03,MD-A12,PP-GF20,EVENING,19.09,55.08,0.143,220.42,227.29,234.1,72.01,94.03,59.82,63.93,5.07,1.157,8.11,18.29,34.86,77.3,7.74,838.2,72.22,84.84,49.75,49.8,0
2026-04-02T08:03:24,IMM-02,MD-A12,PP-GF20,NIGHT,24.06,64.93,0.092,210.73,220.5,223.65,67,97.16,58.04,66.44,4.05,1.146,7.04,17.88,34.58,78.7,8.08,811.6,78.47,88.26,46.08,47.83,0
2026-04-02T08:04:06,IMM-03,MD-C03,ABS,EVENING,25.87,59.39,0.156,205.6,213.1,219.52,74.27,96.77,51.92,76.67,2.63,1.281,7.99,18.85,36.38,73.6,10.24,819,76.34,103.92,47.51,41.07,0
2026-04-02T08:04:48,IMM-03,MD-A12,PP-GF20,DAY,21.52,38.3,0.055,219.09,224.41,231.29,70.52,101.63,56.65,64.37,5.22,1.36,6.11,20.99,36.87,85.9,9.24,786.3,76.31,108.24,52.88,46.69,1
2026-04-02T08:05:30,IMM-02,MD-A12,ABS,DAY,31.19,52.36,0.081,209.45,218.23,224.74,68.35,90.13,48.73,66.87,3.78,1.409,8.76,19.03,38.79,86.7,6.09,825.7,57.73,80.19,44.19,44.45,0
2026-04-02T08:06:12,IMM-02,MD-A12,PP-GF20,DAY,23.24,20,0.074,211.65,215.78,221.32,71.52,93.22,52.07,70.95,4.07,1.2,6.85,17.89,34.07,90.3,6.96,832.8,77.99,95.43,44.57,45.12,0
2026-04-02T08:06:54,IMM-01,MD-A12,ABS,NIGHT,28.97,56.01,0.198,211.35,215.77,222.17,65.46,91.84,50.43,76.03,4.9,1.169,7.53,18.39,35.48,81,7.93,807.3,72.67,80.9,47.27,46.97,1
2026-04-02T08:07:36,IMM-02,MD-B07,PP-GF20,DAY,25.41,52.3,0.145,211.37,218.71,227.95,74.67,81.05,40.21,74.01,4.01,1.149,8.23,17.77,35.73,88.4,6.52,863.7,67.02,79.3,42.97,45.53,1
2026-04-02T08:08:18,IMM-03,MD-A12,PA6-GF30,DAY,14.66,53.3,0.129,228.73,239.06,244.65,72.46,110.33,63.46,88.11,3.18,1.049,9.04,16.06,33.97,92.7,6.58,827.7,85.65,84.64,45.75,41.7,0
2026-04-02T08:09:00,IMM-02,MD-B07,PP-GF20,EVENING,21.5,45.24,0.147,206,212.06,219.54,76.18,91.04,52.41,83.71,4.24,1.19,7.94,20.55,38.64,74.5,9.25,806.4,70.92,76.94,46.15,43.29,1
2026-04-02T08:09:42,IMM-04,MD-B07,PP-GF20,EVENING,25.12,37.15,0.057,215.44,222.12,227.76,60.6,96.86,59.03,78.92,4.04,1.02,6.44,20.82,37.43,94.9,7.71,841,66.01,62.4,44.93,48.99,1
2026-04-02T08:10:24,IMM-02,MD-B07,PP-GF20,DAY,26.46,20.56,0.087,212.12,215.11,221,74.77,88.51,50.38,81.67,3.95,0.906,6.37,17.01,33.78,78.4,8.93,772.1,64.79,67.89,45.69,43.14,0
2026-04-02T08:11:06,IMM-03,MD-A12,ABS,NIGHT,24.07,38.43,0.099,210.94,219.33,221.83,62.69,84.13,47.43,67.67,3.14,1.092,6.96,20,37.14,63,8.69,829.5,59.02,63.62,47.69,44.45,0
2026-04-02T08:11:48,IMM-03,MD-B07,PP-GF20,EVENING,24.72,38.29,0.143,218.86,222.92,229.15,70.2,94.08,52.97,73.48,4.08,1.079,8.93,18.41,35.12,83.2,8.29,850.8,73.85,81.2,49.18,47.86,0
2026-04-02T08:12:30,IMM-04,MD-A12,PP-GF20,DAY,23,59.29,0.02,209.17,212.1,215.26,64.06,99.75,60.23,75.57,3.26,1.321,7.35,14.7,31.12,90.4,6.15,804.7,76.6,89.61,48.17,45.02,0
2026-04-02T08:13:12,IMM-03,MD-B07,PP-GF20,EVENING,27.42,34.63,0.108,217.1,225.72,229.47,67.09,104.7,58.64,77.27,4.51,1.233,8.8,18.04,35.9,88.5,9.11,803.4,78.35,98.58,45,35.24,1
2026-04-02T08:13:54,IMM-03,MD-C03,PP-GF20,NIGHT,26.41,51.51,0.139,204.96,211.1,214.58,73.01,103.98,60,83.23,4.74,1.281,7.62,19.39,37.71,76.5,9.52,836.8,72.25,85.78,46.13,36.11,0
2026-04-02T08:14:36,IMM-02,MD-B07,PA6-GF30,EVENING,22.36,20,0.112,226.14,235.51,241.27,74.64,89.55,55.03,77,4.41,0.94,8.4,19.09,35.86,78,8.26,761.7,70.29,69.31,47.46,48.02,0
2026-04-02T08:15:18,IMM-03,MD-B07,ABS,NIGHT,29.52,57,0.144,218.24,226.56,233.2,65.77,86.81,52.18,74.9,4.27,0.98,7.14,18.93,34.25,81.8,10.08,746.6,70.28,64.82,48.4,41.6,0
2026-04-02T08:16:00,IMM-03,MD-A12,PP-GF20,DAY,30.04,67.85,0.104,224.79,233.46,240.56,72.97,93.28,54.74,70.36,2.82,1.002,8.07,18.87,35.78,91.2,8.19,807.1,78.7,78.85,48.38,40.68,0
2026-04-02T08:16:42,IMM-04,MD-B07,ABS,EVENING,28.57,67.88,0.098,216.84,223.79,228.81,66.1,91.52,58.43,77.1,4.1,1.008,8.33,15.57,31.76,88.8,9.21,817,69,73.23,47.84,40.2,1
2026-04-02T08:17:24,IMM-01,MD-B07,ABS,DAY,24.35,41.69,0.128,212.98,224.04,229.09,67.78,91.97,57.81,67.16,4.98,1.375,7.81,17.7,34.73,89.6,8.33,837.9,67.69,95.91,44.79,41.9,0
2026-04-02T08:18:06,IMM-01,MD-B07,PA6-GF30,DAY,29.15,39.14,0.117,227.35,233.95,240.43,80.71,109.96,68.09,77.42,3.29,0.991,7.99,20.26,37.33,71.9,9.73,790,78.46,75.33,43.28,43.13,0
2026-04-02T08:18:48,IMM-02,MD-B07,PP-GF20,DAY,21.8,46.77,0.12,214.67,224.83,231.38,64.58,90.7,49.15,80.45,2.84,1.052,7.65,20.71,37.48,67.1,8.85,821.9,61.59,59.25,49.61,42.44,0
2026-04-02T08:19:30,IMM-02,MD-C03,PA6-GF30,EVENING,22.74,43.1,0.219,230.79,236.07,239.66,76.2,105.21,67.01,74.92,2.6,1.217,8.26,18.56,35.92,79.6,11.38,798.9,78.67,88.12,42.97,43.73,0
2026-04-02T08:20:12,IMM-02,MD-A12,PP-GF20,EVENING,24.6,45.46,0.122,223.19,233.37,236.4,65.26,96.86,53.79,75.4,4.31,1.087,8.68,17.93,35.64,73.1,8.99,789.9,74.92,77.58,42.26,48.91,0
2026-04-02T08:20:54,IMM-01,MD-A12,ABS,EVENING,25.65,37.39,0.139,219.19,227,232.12,66.04,103.64,62.53,64.99,3.8,1.131,7.49,18.54,35.62,90.3,9.74,822.1,74.94,87.01,45.23,51.88,0
2026-04-02T08:21:36,IMM-01,MD-B07,PA6-GF30,EVENING,22.96,33.81,0.214,234.17,241.15,246.71,75.69,98.14,57.14,70.4,4.83,1.29,8.72,19.8,37.93,91.5,8.34,853.8,77.01,103.9,47.96,55.99,0
2026-04-02T08:22:18,IMM-02,MD-C03,PP-GF20,DAY,26.62,53.16,0.066,222.99,230.11,236.26,72.34,106.97,62.35,64.57,4.07,1.236,8.85,18.12,36.59,70.6,7.62,818.3,82.41,103.91,44.89,36.97,0
2026-04-02T08:23:00,IMM-03,MD-C03,PP-GF20,EVENING,26.86,36.55,0.121,212.6,223.01,228.98,71.42,92.8,53.4,79.68,4.4,1.272,7.4,19.97,37.33,74.1,7.29,857.1,70.37,90.74,51.04,43.25,0
2026-04-02T08:23:42,IMM-04,MD-A12,PA6-GF30,DAY,23.56,44.91,0.194,234.69,242.9,248.43,82.08,105.85,62.33,60.92,3.35,1.14,7.75,15.21,32.18,71.7,9.04,793.9,80.66,95.63,47.27,53.47,1
2026-04-02T08:24:24,IMM-04,MD-B07,ABS,EVENING,15.22,41.95,0.189,216.6,221.98,227.32,71.6,94.06,49.2,72.95,3.95,1.232,7.22,20.08,37.9,81.2,7.42,852,73.24,91.62,48.16,42.04,0
2026-04-02T08:25:06,IMM-04,MD-C03,PA6-GF30,DAY,18.81,65.78,0.154,224.04,229.12,234.08,75.25,112.39,65.35,77.19,5.25,1.308,8.05,15.39,32.28,77.2,9.25,810.5,91.27,122.57,47.04,57.6,0
2026-04-02T08:25:48,IMM-02,MD-C03,PP-GF20,DAY,32.22,58.22,0.175,208.36,216.67,223.18,71.45,92.97,56.39,82.95,2.88,1.409,8.4,16.33,34.66,89.5,7.91,846.4,74.55,101.85,40.94,45.13,0
2026-04-02T08:26:30,IMM-01,MD-A12,PP-GF20,EVENING,24.88,45.2,,216.47,222.69,234.36,77.87,97.19,53.73,74.99,4.62,1.19,7.08,19.27,36.24,69.9,7.98,780.9,72.87,84.17,47.98,53.48,1
2026-04-02T08:27:12,IMM-04,MD-C03,ABS,NIGHT,29.79,58.31,0.125,202.76,210.82,213.02,65.38,98.61,57.3,83.44,3.69,1.263,7.59,19.45,37.54,76.4,7.04,853.9,71.49,94.3,46.17,42.5,0
2026-04-02T08:27:54,IMM-04,MD-A12,PP-GF20,EVENING,27.08,42.78,0.081,217.27,224.64,232.24,78.08,90.57,50.34,78.26,4.13,0.98,9.07,20.86,39.72,65.9,7.52,836.5,73.75,71,34.88,39.8,0
2026-04-02T08:28:36,IMM-03,MD-B07,PP-GF20,DAY,24.36,53.02,0.152,215.59,224.96,229.85,60.82,93.22,51.97,62.17,4.48,1.192,6.91,14.78,31,70.6,9.09,819.9,64.99,78.92,46.73,44.01,1
2026-04-02T08:29:18,IMM-03,MD-C03,PP-GF20,DAY,27.04,54.45,,218.99,229.96,235.62,64.6,88.17,48.62,81.02,4.34,1.299,6.79,17.74,33.41,83.4,9.12,834.2,69.66,95.43,50.08,43.99,0
2026-04-02T08:30:00,IMM-03,MD-C03,PP-GF20,DAY,24.86,44.73,0.119,208.51,214.16,220.21,73.06,93.62,56.32,66.57,5,1.227,8.36,19.93,38.65,69.6,7.9,874.7,71.48,100.37,49.96,38.74,0
2026-04-02T08:30:42,IMM-01,MD-C03,ABS,EVENING,23.82,49.1,0.068,204.48,210.77,216.44,70.21,96.25,55.37,71.76,4.95,1.152,6.77,19.29,36.01,73.9,7.47,820,77.33,84.54,41.82,50.06,0
2026-04-02T08:31:24,IMM-02,MD-C03,ABS,NIGHT,20.22,30.09,0.113,208.61,215.38,219.76,68.64,114.9,65.11,72.87,4.7,1.466,9.51,18.45,38.52,75.3,9.31,848.5,95.48,147.54,48.93,36.9,0
2026-04-02T08:32:06,IMM-04,MD-A12,PA6-GF30,EVENING,26.07,46.9,0.24,227.29,233.33,236.71,74.51,99.27,56.96,72.05,3.42,1.112,7.27,17.8,34.87,73.8,9.2,832.5,80.24,91.07,42.67,47.72,0
2026-04-02T08:32:48,IMM-01,MD-A12,ABS,NIGHT,21.13,52.32,0.142,212.08,217.96,223.32,65.48,99.14,56.49,68.01,3.37,1.106,6.25,17.11,33.13,82.3,9.45,831.9,77.91,87.94,43.13,45.4,0
2026-04-02T08:33:30,IMM-03,MD-B07,PP-GF20,EVENING,20.9,58.73,0.172,217.27,220.45,223.83,68.93,98.32,55.25,64.24,3.88,1.17,9.14,20.83,38.44,95.4,8.67,834.2,70.98,87.51,44.45,39.82,0
2026-04-02T08:34:12,IMM-01,MD-C03,PP-GF20,EVENING,16.35,53.36,0.071,201,209.43,215.45,74.59,91.96,57.93,74.4,4.72,1.304,8.02,19.88,38.11,87.7,7.16,945.5,71.94,101.56,50.45,48.1,0
2026-04-02T08:34:54,IMM-04,MD-B07,ABS,DAY,23.1,62.54,0.146,201.76,210.65,213.84,63.83,87.37,48.98,79.18,3.33,1.229,8.95,20.98,39.17,81,7.82,846.7,65.04,78.38,41.7,49.7,0
2026-04-02T08:35:36,IMM-04,MD-A12,ABS,DAY,35.05,57.15,0.02,205.31,209.95,216.23,68.62,89.64,53.44,72.24,4.02,1.308,7.09,20.02,36.28,82.4,6.45,866.3,75.19,100.09,45.58,44.33,0
2026-04-02T08:36:18,IMM-04,MD-A12,ABS,EVENING,26.15,60.26,,218.19,227.24,235.52,66.65,95.33,53.02,69.58,3.53,1.263,10.06,18.68,38.04,76.2,7.49,822.5,70.92,76.26,45.73,43.84,0
2026-04-02T08:37:00,IMM-02,MD-A12,ABS,EVENING,29.2,45.83,0.109,203.07,210.69,214.28,71.53,86.02,53.75,70.67,3.55,1.104,8.54,19.4,37.54,83.7,9.49,789,64.51,70.21,42.35,41.46,0
2026-04-02T08:37:42,IMM-03,MD-A12,PA6-GF30,DAY,28.88,36.22,,234.21,243.63,247.7,83.58,96.88,57.44,78.7,2.63,1.042,7.77,17.94,36.24,90.8,9.22,804.5,66.74,69.81,39.74,47.19,0
2026-04-02T08:38:24,IMM-04,MD-C03,ABS,DAY,25.18,65.06,0.085,209.98,216.78,221.33,65.65,107.74,61.61,65.95,2.16,1.366,6.72,20.16,36.02,72.6,8.97,868.5,80.34,104.97,43.7,41.15,0
2026-04-02T08:39:06,IMM-01,MD-A12,ABS,EVENING,27.13,47.53,0.08,206.31,214.93,220.6,64.09,85.46,49.58,78.19,4.25,1.231,7.52,17,35.22,69,8.03,839.3,68.41,75.24,45.98,47.52,0
2026-04-02T08:39:48,IMM-01,MD-A12,PA6-GF30,DAY,21.35,53.72,0.156,224.37,230.42,238.36,72.89,108.34,60.83,75.65,3.95,1.357,8.25,19.27,36.76,84.5,8.66,819.4,76.61,103.5,49.93,54.28,0
2026-04-02T08:40:30,IMM-03,MD-C03,PA6-GF30,EVENING,26.12,38.95,0.116,232.36,237.76,239.38,83.27,108.46,58.23,72.27,3.57,1.442,7.13,17.78,34.54,80.5,8.72,855.9,87.37,126.38,46.53,49.08,1
2026-04-02T08:41:12,IMM-03,MD-C03,PP-GF20,DAY,22.66,59.85,0.116,208.2,214.51,218.82,71.38,95.5,53.22,68.93,4.47,1.127,9.34,22.06,39.9,87.8,7.88,867.9,74.88,90.51,45.03,48.17,0
2026-04-02T08:41:54,IMM-03,MD-C03,ABS,NIGHT,18.15,56.54,0.106,214.45,218.58,225.4,69.26,98.23,52.73,75.16,3.3,1.253,8.37,18.56,35.72,75.7,7.45,837.9,77.58,96.28,49.61,40.49,1
2026-04-02T08:42:36,IMM-02,MD-B07,PP-GF20,EVENING,20.27,44.11,0.094,209.14,214.63,221.71,66.82,87.51,49.6,70.31,3.88,1.228,9.4,17.94,37.35,84.9,9.95,754,65.18,81.07,42.42,39.17,0
2026-04-02T08:43:18,IMM-02,MD-A12,ABS,DAY,22.76,46.3,0.115,207.58,212.22,217.02,65.14,99.59,60.97,62.72,3.61,1.14,8.39,15.79,33.76,83.9,7.39,812.4,70.47,80.03,45.44,38.74,0
2026-04-02T08:44:00,IMM-04,MD-A12,ABS,NIGHT,26.95,66.55,0.026,206.74,213.95,222.9,69.32,96.51,49.69,73.05,3.74,1.168,7.71,19.4,36.67,89.9,7.21,787.8,72.49,88.38,48.12,45.84,0
2026-04-02T08:44:42,IMM-02,MD-A12,PA6-GF30,DAY,20.28,39.08,0.186,232.77,242.63,246.13,77.51,108.25,63.01,74.88,3.86,1.201,6.03,16.31,31.75,71.1,8.13,799.5,78.65,90.3,47.68,45,1
2026-04-02T08:45:24,IMM-04,MD-B07,ABS,DAY,14.81,38.52,0.089,207.11,215.63,218.3,65.06,92.43,52.3,67.68,4.62,1.094,7.45,15.78,31.82,80.3,7.96,846.7,72.52,74.14,39.2,46.61,1
2026-04-02T08:46:06,IMM-01,MD-C03,ABS,DAY,22.59,40.46,0.159,213.43,217.73,221.36,68.67,111.38,64.59,63.3,4.76,1.247,8.33,18.37,36.21,75.7,8.02,822.2,89.8,103.62,44.83,45.9,1
2026-04-02T08:46:48,IMM-04,MD-A12,PA6-GF30,NIGHT,25.24,45.13,0.18,237.67,244.67,252.07,77.31,99.52,60.44,69.49,3.91,1.165,8.31,18.48,36.71,66.2,7.18,794.3,80.18,81.53,47.09,46.25,0
2026-04-02T08:47:30,IMM-01,MD-A12,PP-GF20,DAY,23.22,46.87,0.186,209.24,215.72,220.14,68.76,106.85,66.53,84.19,4.46,1.01,7.22,17.69,33.46,72.9,5.76,831,83.06,73.42,41.33,49.29,0
2026-04-02T08:48:12,IMM-03,MD-A12,PP-GF20,DAY,30.47,26.15,0.146,214.29,220.22,227.24,69.78,93.82,56.17,75.25,4.85,1.245,7.48,19.09,36.32,83.2,8.05,802.4,77.14,86.01,44.55,48.85,0
2026-04-02T08:48:54,IMM-01,MD-C03,ABS,DAY,27.29,42.92,0.166,213.63,216.78,221.26,68.4,96.59,60.01,65.44,3.96,1.327,7.61,20.05,37.84,76.8,9.55,788.6,74.68,98.61,44.15,36.47,0
2026-04-02T08:49:36,IMM-03,MD-B07,PP-GF20,DAY,26.12,29.26,0.158,223.43,229.94,236.48,67.01,95.45,57.73,71.07,4.86,1.184,7.77,16.84,34.23,82.7,8.33,795.2,65.12,83.94,46.53,37.2,1
2026-04-02T08:50:18,IMM-04,MD-A12,PA6-GF30,DAY,22.86,48.85,0.242,232.2,240.48,246,75.03,101.15,62.6,77.63,4.24,1.453,7.69,20.05,37.8,74.8,6.94,802.7,88.68,132.43,47.84,55.49,0
2026-04-02T08:51:00,IMM-03,MD-C03,PP-GF20,DAY,26.03,32.79,0.134,218.47,219.13,224.52,70.79,89.87,53.67,70.4,3.53,1.359,6.58,19.93,36.13,82.6,8.84,897.3,61.63,81.28,42.58,48.28,0
2026-04-02T08:51:42,IMM-01,MD-C03,ABS,EVENING,26.06,53.06,0.099,212.68,221.02,227.41,68.34,85.72,47.29,88.81,2.77,1.154,7.13,20.57,37.42,78.1,10.18,899.3,68.79,81.25,49.15,43.53,1
2026-04-02T08:52:24,IMM-03,MD-A12,PP-GF20,EVENING,31.88,33.25,0.139,220.49,227.28,232.01,63.84,87.47,52.2,63.41,3.07,1.337,7.38,16.29,32.73,83.6,7.84,804.4,60.65,80.27,50.6,34.95,0
2026-04-02T08:53:06,IMM-02,MD-B07,PA6-GF30,EVENING,22.33,68.22,0.198,231.72,239.07,245.58,74.72,108.94,62.6,87,4.49,1.155,8.91,19.47,39.15,80.1,9.42,899.4,82.62,97.49,43.35,52.91,0
2026-04-02T08:53:48,IMM-02,MD-B07,PA6-GF30,NIGHT,27.25,,0.145,228.26,237.31,240.71,72.62,109.55,67.19,67.17,3.23,1.114,6.84,17.59,33.69,78,8.71,845.9,86.24,94.9,49.77,53.17,0
2026-04-02T08:54:30,IMM-02,MD-B07,PA6-GF30,EVENING,23.03,45.7,0.222,226.73,236.4,241.2,72.47,96.55,61.38,71.2,4.73,1.187,7.91,17.54,33.7,89.4,7.77,811.7,70.59,72.4,43.75,44.12,0
2026-04-02T08:55:12,IMM-01,MD-B07,ABS,DAY,19.63,38.39,0.087,213.13,218.63,222.5,71.69,99.34,55.36,65.04,3.33,1.137,8.1,17.53,35.27,92.9,10.19,778.2,81.93,100.3,45.01,41.37,0
2026-04-02T08:55:54,IMM-03,MD-A12,PP-GF20,DAY,27.61,43.47,0.099,218.22,225.65,232.5,67.96,93.6,52.68,77.72,3.52,1.254,7.54,16.64,33.17,77.6,7.66,848.1,76.91,98.32,48.44,40.67,0
2026-04-02T08:56:36,IMM-01,MD-C03,PA6-GF30,EVENING,21.01,48.47,0.157,231.26,236.53,243.74,77.69,111.48,67.55,75.75,4.04,1.23,7.84,18.67,36.49,82.7,8.02,851.5,88.01,112.27,44.79,47.83,0
2026-04-02T08:57:18,IMM-03,MD-A12,ABS,DAY,25.76,55.24,0.111,220.71,227.4,229.9,68.91,102.8,61.42,65.11,4.2,1.157,8.6,17.52,36.05,94.1,8.22,764.6,79.53,93.61,45.65,35.25,0
2026-04-02T08:58:00,IMM-01,MD-A12,ABS,DAY,23.17,57.55,0.102,217.67,227.26,234.13,71.78,89.03,47.6,69.72,3.27,1.196,7.95,18.26,36.65,85.2,7.18,800.6,68.66,86.38,45.94,40.06,0
2026-04-02T08:58:42,IMM-01,MD-B07,PP-GF20,NIGHT,25.8,57.23,0.108,219.43,226.66,231.11,77.52,92.47,57.11,64.92,4.16,1.277,6.35,16.04,31.5,87.9,8.56,800.4,70.76,76.79,50.1,46.02,0
2026-04-02T08:59:24,IMM-02,MD-A12,PA6-GF30,DAY,30,51.86,0.09,223,228.72,237.5,77.03,110.92,63.03,70.68,3.4,1.196,8.45,19.26,36.3,71.3,8.96,791,89.55,106.89,42.93,48.54,0
2026-04-02T09:00:06,IMM-02,MD-A12,PP-GF20,EVENING,23.49,59.16,0.176,214.13,222.8,228.52,70.73,85.56,49.8,77.17,4.62,0.867,7.35,20.75,37.72,68,8.41,817.2,59.47,53.34,53.65,51.97,0
2026-04-02T09:00:48,IMM-03,MD-A12,PP-GF20,NIGHT,26.32,46.76,0.118,211.08,214.77,218.56,65.19,89.35,54.88,62.81,4.1,1.158,8.41,18.53,35.93,88.9,6.52,801.5,68.85,73.27,42.05,42.3,0
2026-04-02T09:01:30,IMM-04,MD-B07,PA6-GF30,EVENING,29.42,32.64,0.157,225.15,233.94,238.61,70.15,109.74,59.8,61.71,3.02,1.207,8.3,18.82,35.72,92.7,7.81,862.8,83.63,104.57,41.15,50.19,0
2026-04-02T09:02:12,IMM-02,MD-B07,PA6-GF30,EVENING,22.39,58.26,0.137,240.55,247.63,254.71,81.55,98.77,51.51,76.82,4.38,1.126,8.44,18.82,36.48,70,9.94,826.7,73.98,75.49,49.34,54.46,0
2026-04-02T09:02:54,IMM-03,MD-A12,PA6-GF30,NIGHT,30.37,40.84,0.064,231.03,236.63,242.69,76.03,95.67,53.46,64.33,4.55,1.128,8.6,18.3,36.32,88.7,9.12,799.9,70.23,83.9,51,54.14,0
2026-04-02T09:03:36,IMM-03,MD-C03,ABS,DAY,19.67,49.17,0.041,204.6,213.55,215.79,70.33,107.11,62.46,64.08,5,1.414,7.2,20.43,38.67,76,7.68,829.4,75.73,107.2,43.68,48.95,0
2026-04-02T09:04:18,IMM-03,MD-C03,PA6-GF30,EVENING,25.18,44.31,0.143,224.69,234.08,239.67,75.89,107.19,62.28,67.54,3.09,1.308,6.99,17.73,35.03,80.1,8.95,881.7,81.94,120,48.54,51.48,0
2026-04-02T09:05:00,IMM-03,MD-B07,PP-GF20,DAY,21.18,44.99,0.08,210.61,216.17,220.94,72.03,104.23,61.52,82.2,4.54,1.24,7.88,18.44,36.37,78.7,8.84,867.6,79.62,93.34,48.38,44.63,0
2026-04-02T09:05:42,IMM-04,MD-C03,PP-GF20,EVENING,23.1,50.13,0.194,213.55,224.08,233.51,68.19,97.84,62.86,73.57,2.22,1.304,8.03,19.06,37.4,91.7,7.7,900.7,68.82,92.66,47.08,44.61,0
2026-04-02T09:06:24,IMM-03,MD-B07,ABS,EVENING,23.77,41.56,0.076,210.98,221.73,225.52,65.53,90.05,52.84,82.38,3.96,1.21,8.36,20.02,38.52,86.8,7.21,847.8,64.97,74.34,44.64,48.19,0
2026-04-02T09:07:06,IMM-01,MD-B07,ABS,EVENING,20,49.55,0.093,213.61,219.02,224.1,64.87,92.75,59.01,75.61,2.47,1.239,8.07,20.64,38.14,63.9,7.07,832.4,72.85,90.57,47.94,40.51,0
2026-04-02T09:07:48,IMM-04,MD-C03,ABS,DAY,27.56,52.67,0.159,215.21,225.15,229.29,72.38,86.3,54.07,66.71,4.32,1.219,8.13,19.92,37.1,78.8,8.38,849.8,66.63,80.23,45.2,49.29,0
2026-04-02T09:08:30,IMM-01,MD-A12,ABS,EVENING,24.17,37.86,0.112,219.11,229.5,234.01,75.74,86.99,47.92,82.11,4.36,1.069,6.81,18.66,35.11,81.1,7.29,775.1,63.58,73.69,45.4,42.46,0
2026-04-02T09:09:12,IMM-02,MD-A12,PP-GF20,NIGHT,22.89,64.02,0.159,218.42,220.01,227.44,67.89,94.24,55.78,61.97,4.04,1.151,7.16,17.85,35.69,81,5.61,813.2,69.9,74.22,43.87,45.22,0
2026-04-02T09:09:54,IMM-02,MD-B07,PA6-GF30,EVENING,23.06,50.25,0.14,226.12,234.42,241.35,74.73,112.05,65.17,66.1,3.7,1.16,7.09,20.2,36.75,86.1,11.14,826.1,88.05,106.75,44.8,44.31,1
2026-04-02T09:10:36,IMM-03,MD-B07,PP-GF20,NIGHT,16.63,48.78,0.098,210.05,220.3,227.14,76.91,96.3,56.08,78.84,3.12,0.971,8.56,16.46,34.54,92.4,9.58,812.9,74.26,76.28,43.55,39.47,0
2026-04-02T09:11:18,IMM-03,MD-C03,PP-GF20,EVENING,22.79,46.13,0.071,211.35,217.27,225.22,63.58,91.57,56.28,73.25,4.97,1.288,7.51,18.69,35.82,86.1,5.59,818.5,78.85,104.57,49.31,43.93,0
2026-04-02T09:12:00,IMM-01,MD-B07,ABS,DAY,21.39,64.86,0.112,207.26,213.12,218.25,69.49,83.31,47.51,59.1,2.44,1.259,6.65,19.24,36.64,82.6,9.79,838.5,67.67,86.04,49.97,46.38,0
2026-04-02T09:12:42,IMM-03,MD-A12,PP-GF20,NIGHT,16.38,42.66,0.197,209.05,220.97,225.41,73.71,97.56,59.18,66.28,3.58,1.017,7.17,17.18,34.91,90.1,7.97,800.7,72.89,78.18,45.01,41.01,0
2026-04-02T09:13:24,IMM-02,MD-A12,PA6-GF30,EVENING,21.69,41.25,0.209,231.91,239.9,242.59,70.5,98.65,53.07,66.67,3.91,1.278,8.91,18.25,37.61,75.7,7.44,796.2,74.01,96,46.69,47.42,0
2026-04-02T09:14:06,IMM-04,MD-A12,PA6-GF30,NIGHT,26.11,40.73,0.218,233.46,240.97,247.4,75.74,94.46,53.91,76.32,3.95,1.218,7.89,19.58,36.93,83.3,9.61,843.8,76.44,95.83,50.93,54.21,1
2026-04-02T09:14:48,IMM-02,MD-B07,PA6-GF30,NIGHT,22.13,34.26,0.113,228.48,235.89,238.06,73.52,100.11,60.09,70.59,3.38,1.217,8.45,16.49,34.4,81.5,7.87,815.7,77.25,96.97,48.34,39.25,0
2026-04-02T09:15:30,IMM-04,MD-C03,PP-GF20,DAY,18.33,57.7,0.181,205.46,214.7,221.96,73.86,89.38,54.91,73.25,4.94,1.302,8.12,17.58,35.47,74.9,9.91,850,76.81,107.52,45.12,50.81,0
2026-04-02T09:16:12,IMM-04,MD-A12,ABS,NIGHT,23.6,,0.15,208.33,216.17,221.06,68.57,93.88,54.74,77.75,4.59,1.079,7.64,19.49,36.82,71.6,9.13,802.3,73.63,73.38,44.02,43.96,1
2026-04-02T09:16:54,IMM-02,MD-B07,PP-GF20,DAY,25.08,,0.064,218.48,225.78,230.22,67.58,95.07,50.32,81.61,3.52,1.203,8.18,21.06,39.15,96.6,7.71,871.1,69.56,77.22,44.7,43.31,0
2026-04-02T09:17:36,IMM-02,MD-C03,PA6-GF30,DAY,25.15,45.66,0.156,231.62,235.95,239.19,81.54,89.98,57.08,84.33,3.75,1.231,7.18,17.88,34.27,71.5,9.33,869.1,72.39,95.93,47.73,52.89,0
2026-04-02T09:18:18,IMM-01,MD-C03,ABS,EVENING,24.9,47.81,0.05,213.44,220.44,221.86,62.88,87.81,51.44,75.02,3.61,1.308,7.47,22.62,39.81,84.8,8.81,841.9,65.86,85.56,50,42.31,0
2026-04-02T09:19:00,IMM-02,MD-A12,PP-GF20,DAY,27.13,54.08,,218.24,227.23,233.58,71.88,92.95,52.85,81.67,4.58,1.2,7.73,18.84,35.85,85.3,8.15,800.2,65.47,73.54,43.11,51.12,0
2026-04-02T09:19:42,IMM-03,MD-B07,PP-GF20,DAY,26.66,36.92,0.088,217.75,221.55,225.91,71.12,94.23,54.87,69.71,1.65,1.126,7.2,15.4,31.74,77.4,6.78,862.9,74.53,82.02,46.18,37.72,0
2026-04-02T09:20:24,IMM-02,MD-C03,ABS,EVENING,27.89,62.52,0.113,200.23,206.02,211.84,63,91.14,51.91,77.27,4.73,1.465,8.93,19.37,38.27,89.1,8.92,893.9,66.24,101.16,46.05,46.86,0
2026-04-02T09:21:06,IMM-02,MD-A12,PP-GF20,EVENING,32.21,60.02,0.204,216.46,223.4,228.59,69.84,91.5,53.81,70.91,1.53,1.079,7.27,19.89,37.19,78.7,9.92,874,68.75,75.42,42.66,43.88,0
2026-04-02T09:21:48,IMM-01,MD-B07,PP-GF20,EVENING,27.17,47.12,,220.27,229.87,238.25,68.88,92.34,53.29,73.84,4.03,1.057,6.72,17.55,34.26,99.5,9.17,824.5,68.85,74.02,44.91,38.78,0
2026-04-02T09:22:30,IMM-01,MD-A12,PP-GF20,EVENING,26.21,50.07,0.085,214.18,223.37,230.1,74.96,88.2,48.77,63.33,4.22,1.221,8.83,16.28,33.94,92.1,6.93,880.1,69.42,82.56,47.79,39.69,0
2026-04-02T09:23:12,IMM-04,MD-A12,PP-GF20,NIGHT,21.84,57.81,0.232,205.31,214.09,219.44,74.2,97.66,60.65,75.89,3.66,1.181,8.19,16.42,35.02,92.4,10.71,832.4,76.74,87.38,50.63,43.08,0
2026-04-02T09:23:54,IMM-02,MD-B07,ABS,EVENING,21.83,51.47,0.097,212.52,219.04,225.63,69.86,92.16,53.04,72.2,4.71,1.09,6.85,19.45,36.54,84.7,8,794.8,77.82,85.6,45.22,45.61,0
2026-04-02T09:24:36,IMM-04,MD-A12,PA6-GF30,EVENING,16.88,52.09,0.192,234.91,236.69,242.4,76.09,91.88,49.8,82.83,4.54,1.207,7.19,19.3,37.36,81.2,8.31,894.4,67.2,88.36,44.84,55.69,0
2026-04-02T09:25:18,IMM-03,MD-C03,PP-GF20,NIGHT,22.36,30.03,0.049,209.2,217.78,227.43,63.5,102.16,56.88,71.92,5.02,1.402,8.72,20.87,40.33,70.5,7.15,805.3,72.43,106.76,47.83,44.81,1
2026-04-02T09:26:00,IMM-04,MD-B07,ABS,NIGHT,23.41,52.68,0.108,208.44,213.93,219.5,74.25,94.89,58.3,83.95,3.85,1.394,8.45,17.92,35.85,73.5,9.59,853.9,72.65,105.21,46.16,45.41,0
2026-04-02T09:26:42,IMM-04,MD-A12,PP-GF20,DAY,21.5,55.3,0.125,213.93,220.64,225.82,75.75,92.2,51.13,72.51,4.33,1.167,8.51,19.18,37.57,84.9,9.27,824,71.18,81,44.51,40.33,0
2026-04-02T09:27:24,IMM-03,MD-A12,PA6-GF30,DAY,21.45,44.67,0.201,230.25,238.86,242.06,80.77,99.04,57.47,69.14,3.69,1.01,7.84,15.65,32.03,75.2,7.71,784.2,82.63,78.6,44.72,51.26,0
2026-04-02T09:28:06,IMM-03,MD-B07,PP-GF20,EVENING,26.24,36.07,0.167,216.11,223.39,225.16,70.23,86.86,51.48,76.67,3.46,1.093,7.62,20.06,37.84,94.6,7.73,781.7,62.65,72.04,46.43,40.32,0
2026-04-02T09:28:48,IMM-01,MD-A12,PP-GF20,NIGHT,22.83,49.05,0.151,214.16,225.01,230.77,72.04,91.73,51.78,68.34,4.99,1.076,7.31,17.55,34.39,88.7,9.04,760.8,69.77,77.54,51.31,43.36,1
2026-04-02T09:29:30,IMM-01,MD-B07,ABS,DAY,25.15,45.41,0.159,209.05,217.1,226.06,67.86,89.04,50.05,74.79,4.74,1.131,8.21,18.21,35.19,80.9,6.98,805.7,66.63,70.87,46.66,40.47,0
2026-04-02T09:30:12,IMM-04,MD-A12,ABS,NIGHT,17.9,46.48,0.164,210.26,221.73,228.63,72.96,77.65,47.82,88.49,4.43,1.074,7.43,18.81,36.12,83.3,9.83,786,63.93,68.91,49.73,43.9,1
2026-04-02T09:30:54,IMM-01,MD-A12,PA6-GF30,EVENING,22.51,75.4,0.161,235.21,241.97,244.86,71.68,93.81,56.11,69.65,2.2,1.106,7.86,18.09,34.77,90.4,8.56,795,67.72,73.03,45.95,51.65,0
2026-04-02T09:31:36,IMM-04,MD-B07,PP-GF20,DAY,27.72,26.39,0.122,209.03,219.73,226.78,66.3,97.49,52.17,74.85,2.42,1.233,7.92,19.56,37.85,90.6,9.72,844,68.13,89.38,46.35,34.73,0
2026-04-02T09:32:18,IMM-03,MD-B07,ABS,DAY,27.41,46.47,0.02,218.06,223.38,230.33,64.31,99.67,61.65,57.99,2.21,1.228,7.6,18.46,36.1,86,7.2,834.8,72.44,88.44,47.96,41.02,0
2026-04-02T09:33:00,IMM-02,MD-B07,PA6-GF30,EVENING,26.86,29.68,0.107,236.18,249.47,254.43,75.67,96.8,56.86,68.71,4.84,0.968,7.54,18.28,35.67,72.6,8.09,809.2,73.63,67.32,48.35,52.83,0
2026-04-02T09:33:42,IMM-04,MD-C03,PP-GF20,DAY,29.92,54.73,0.079,217.59,223.53,227.13,67.46,98.95,54.25,74.99,4.75,1.357,8.22,21.33,39.36,84.4,8.58,829.1,72.57,91.09,46.35,44.27,0
2026-04-02T09:34:24,IMM-03,MD-A12,ABS,DAY,26.19,45.02,0.168,215.23,223.42,227.15,68.11,89.07,48.22,70.12,3.9,1.207,8.42,19.47,38.17,93.1,9.96,781.6,73.91,94.42,46.06,49.17,0
2026-04-02T09:35:06,IMM-02,MD-B07,PP-GF20,DAY,29.03,33.91,0.164,218.43,228.74,235.37,65.37,98.97,58.19,70.07,4.71,1.155,8.45,18.28,36.43,87.8,8.16,762.5,73.47,77.72,44.46,38.94,0
2026-04-02T09:35:48,IMM-02,MD-A12,PA6-GF30,NIGHT,28.52,35.16,0.203,235.75,241.54,248.37,71.41,93.57,57.12,73.09,5.17,1.106,7.23,19.69,36.84,81.9,9.17,789.6,71.27,78.29,43.67,49.6,0
2026-04-02T09:36:30,IMM-01,MD-B07,ABS,DAY,26.71,44.41,0.085,209.45,216.8,220.1,75.24,94.8,55.45,77.02,4.97,1.115,8.96,18.08,37.15,88.3,9.58,864.6,70.35,80.46,43.49,44.01,0
2026-04-02T09:37:12,IMM-01,MD-B07,PP-GF20,EVENING,24.56,58.02,0.115,216.87,226.33,231.54,72.27,98.17,49.53,66.18,2.42,1.069,7.86,17.83,35.36,76.2,7.69,822.5,70.26,86.11,43.39,40.66,0
2026-04-02T09:37:54,IMM-01,MD-C03,PA6-GF30,DAY,26.2,41.44,0.132,235.85,244.12,250.81,84.79,104.42,60.77,78.01,3.3,1.285,8.72,18.82,37.42,78.9,8.3,855.1,78.13,108.64,43.97,51.58,0
2026-04-02T09:38:36,IMM-03,MD-A12,PA6-GF30,NIGHT,27.19,48.76,0.14,224.77,230.41,235.96,61.25,106.18,61.15,67.45,3.12,1.227,6.95,18.28,34.32,84,9.65,842.7,85.52,109.13,52.3,43.82,1
2026-04-02T09:39:18,IMM-01,MD-B07,PP-GF20,NIGHT,27.89,46.19,0.089,206.92,215.01,213.48,72.36,96.31,57.64,80.2,4.17,1.39,7.51,15.8,33.03,83.6,7.88,855.1,76.07,104.62,46.27,38.81,1
2026-04-02T09:40:00,IMM-02,MD-A12,PP-GF20,DAY,19.82,49.75,0.163,226.55,234.97,238.79,66.08,89.07,46.42,77.97,4.82,1.011,8.32,16.49,34.91,92.6,9.5,836.3,79.52,85.59,47.03,46,0
2026-04-02T09:40:42,IMM-04,MD-A12,PA6-GF30,EVENING,22.14,62.05,0.229,231.98,239.12,248.46,71.66,85.78,48.24,87.32,3.45,1.018,7.67,19.56,36.79,72.3,8.91,792.1,63.71,52.26,47.01,52.73,0
2026-04-02T09:41:24,IMM-03,MD-A12,ABS,EVENING,21.21,44.77,0.171,202.05,207.72,212.67,64.79,105.12,58.45,71.89,4.03,1.207,7.65,18.69,36.89,84,8.41,801.5,75.93,95.37,46.11,42.57,1
2026-04-02T09:42:06,IMM-03,MD-C03,PP-GF20,EVENING,22.39,41.14,0.142,218.77,224.35,230.98,70.74,96.32,54.97,80.5,4.31,1.416,8.16,19.44,37.51,80.3,7.35,885.5,70.32,101.03,44.8,50.52,0
2026-04-02T09:42:48,IMM-02,MD-A12,ABS,DAY,20.1,40.26,0.137,206.54,212.67,219.97,71.47,95.01,54.75,66.6,3.63,0.899,8.11,15.89,33.36,85.6,7.47,838.4,70.84,75.19,48.78,42.65,0
2026-04-02T09:43:30,IMM-03,MD-A12,PP-GF20,EVENING,13.62,45.86,0.128,209.31,211.51,220.43,67.89,100.5,57.65,70.93,3.73,1.085,8.33,19.24,36.59,74.9,8.14,788.6,84.75,87.98,42.04,47.47,0
2026-04-02T09:44:12,IMM-02,MD-B07,ABS,DAY,23.43,79.17,0.13,214.74,221.55,227.36,65.51,97.23,60.44,77.83,3.73,1.249,8.37,20.64,38.88,82,9.15,797.4,,96.11,49.53,51.19,0
2026-04-02T09:44:54,IMM-01,MD-C03,PP-GF20,EVENING,22.38,41.84,0.16,211.86,216.68,220.98,70.11,89.74,52.99,75.42,4.66,1.346,7.03,19.57,35.54,77.5,9.98,855,72.39,90.47,44.73,36.76,0
2026-04-02T09:45:36,IMM-04,MD-B07,ABS,DAY,28.03,38.18,0.157,201.39,208.7,211.43,60.89,97.61,53.62,68.46,3.92,1.237,7.56,18.57,35.43,88.6,8.93,855.9,70.13,83.42,50.55,46.29,0
2026-04-02T09:46:18,IMM-01,MD-B07,PA6-GF30,EVENING,24.12,35.96,0.093,223.31,228.09,234.27,81.8,108.06,68.11,82.89,4.1,1.114,7.75,18.63,36.45,80.1,9.67,815,81.78,85.88,42.14,47.68,0
2026-04-02T09:47:00,IMM-01,MD-C03,PP-GF20,EVENING,27.7,33.78,0.138,215.63,222.56,228.53,63.19,89.52,50.69,63.63,4.55,1.196,7.66,18.51,35.27,91.6,6.37,844.8,,78.7,42.34,49.23,0
2026-04-02T09:47:42,IMM-01,MD-B07,PP-GF20,DAY,25.64,52.22,0.13,215.04,223.9,227.69,67.9,89.81,52.34,54.08,4.65,1.304,7.62,18.82,36.41,89,9.16,805.9,67.96,98.22,48.04,45.68,0
2026-04-02T09:48:24,IMM-03,MD-A12,PP-GF20,DAY,29.47,45.56,0.113,218.23,225.13,231.35,74.51,92.63,55.01,66.72,3.42,1.113,8.19,19.37,37.22,82.4,9.12,847.6,70.39,70,43.2,44.8,0
2026-04-02T09:49:06,IMM-01,MD-A12,ABS,EVENING,25.96,55.32,0.124,212.71,220.84,229.97,70.55,100.15,54.33,82.27,4.7,1.176,8.02,17.96,35.74,82.3,8.46,788.9,77.21,86.45,40.89,44.45,1
2026-04-02T09:49:48,IMM-04,MD-A12,PP-GF20,NIGHT,26.4,47.94,0.155,218.32,227.8,230.27,73.14,101.4,51.67,68.01,3.45,1.199,7.57,17.81,35.79,93.8,8.9,794.8,72.15,80.32,49.65,44.06,0
2026-04-02T09:50:30,IMM-01,MD-C03,PP-GF20,NIGHT,17.57,37.88,0.107,212.98,219.79,223.98,69.97,91.13,51.43,81.68,3.42,1.34,7.21,17.12,33.99,88.8,7.42,813.3,61.61,90.33,38.21,45.94,0
2026-04-02T09:51:12,IMM-03,MD-B07,PP-GF20,DAY,23.02,29.1,0.115,209.29,215.39,221.5,75.58,101.87,59.79,86.84,3.21,1.116,8.09,18.69,35.03,90.4,8.51,841.4,72.53,82.83,47.66,45.47,0
2026-04-02T09:51:54,IMM-04,MD-B07,ABS,NIGHT,25.23,24.02,0.18,225.21,232.59,240.07,72.46,82.11,49.23,94.36,4,1.072,8.12,16.57,34.63,95.4,8.48,800.3,66.8,63.77,47.53,38.29,1
2026-04-02T09:52:36,IMM-04,MD-A12,PP-GF20,DAY,23.69,62.52,0.204,211.38,217.55,221.07,66.2,98.38,60.34,75.55,3.43,1.113,6.78,16.42,31.19,96.3,8.37,768.2,78,83.84,46.49,39.13,0
2026-04-02T09:53:18,IMM-01,MD-B07,PP-GF20,DAY,19.08,48.14,0.089,207.74,216.76,221.05,71.97,79.65,44.49,66.6,4.21,1.169,7.99,18.05,35,77.8,7.94,718.7,59.74,63.01,46.86,40.65,1
2026-04-02T09:54:00,IMM-03,MD-B07,PA6-GF30,EVENING,22.23,50.2,0.172,224.22,230.16,233.75,81.69,95.44,58.59,65.83,4.67,1.189,9.24,19.04,37.33,81.7,6.49,799.5,69.8,88.96,47.43,47.46,0
2026-04-02T09:54:42,IMM-03,MD-A12,PP-GF20,DAY,27.94,52.32,0.133,209.37,216.11,221.78,71.1,84.12,45.34,68.41,3.72,0.905,7.28,16.58,34.45,81.7,7.56,816.9,59.27,58.89,47,50.97,0
2026-04-02T09:55:24,IMM-03,MD-C03,PA6-GF30,EVENING,21.28,21.88,0.137,233.11,233.97,238.44,79.95,110.84,66.82,76.1,4.02,1.502,8.53,18.7,38.4,87.6,7.08,845.9,82.57,133.77,47.01,46.54,1
2026-04-02T09:56:06,IMM-03,MD-C03,PP-GF20,NIGHT,23.78,63.78,0.109,212.69,217.98,224.29,69.37,97.09,46.43,66.8,4.07,1.328,7.02,16.74,34.05,80.1,5.46,839.8,69.84,90.48,45.89,49.22,0
2026-04-02T09:56:48,IMM-02,MD-A12,PP-GF20,DAY,18.93,45.78,0.067,215.1,226.05,233.57,70.18,75.25,44.88,85.81,4.98,1.174,9.56,17.49,36.78,88.7,8.1,868.7,,77.51,44.81,41.22,0
2026-04-02T09:57:30,IMM-04,MD-A12,PP-GF20,EVENING,19.29,47.54,0.048,215.33,223.61,230.38,65.56,85.76,46.04,80.9,4.16,1.071,7.9,17.58,34.21,68.1,8.03,881.5,62.79,85.48,45.98,46.76,0
2026-04-02T09:58:12,IMM-03,MD-A12,PA6-GF30,DAY,22.35,21.99,0.317,235.89,243.85,252.41,77.6,90.33,48.52,83.3,4.37,1.204,7.87,18.37,36.51,98.5,9.67,793.3,70,79.3,47.8,49.17,1
2026-04-02T09:58:54,IMM-01,MD-A12,PA6-GF30,DAY,20.02,47.66,0.232,233.56,233.95,240.35,73.94,104.3,58.49,82.67,2.91,1.318,8.31,20.36,39,96.6,7.65,785.9,69.86,95.21,44.68,49.66,1
2026-04-02T09:59:36,IMM-01,MD-A12,ABS,EVENING,22.17,39.97,0.073,215.87,217.65,223.95,73.45,100.08,57.68,65.59,4.11,1.153,7.33,17.76,33.72,79,11.24,816.4,77.57,87.78,48.1,38.85,0
2026-04-02T10:00:18,IMM-03,MD-B07,ABS,EVENING,25.81,43.23,0.129,209.56,218.05,226.08,62.69,87.32,49.12,76.08,4.23,1.068,8.23,17.81,34.67,98.1,8.72,839.7,67.75,64.47,47.36,41.81,0
2026-04-02T10:01:00,IMM-04,MD-B07,PP-GF20,DAY,29.62,40.8,0.084,216.64,221.96,227.07,64.66,87.17,48.68,78.88,4,1.467,8.55,19.09,36.42,69.1,7.75,811.3,61.82,88.04,43.64,47.05,0
2026-04-02T10:01:42,IMM-03,MD-B07,PP-GF20,EVENING,19.18,52.95,0.102,217.3,222.04,228.11,62.29,80.07,47.45,63.52,4.4,1.301,7.96,19.89,37.05,81.9,8.21,875,59.82,66.17,48.2,41.03,0
2026-04-02T10:02:24,IMM-03,MD-B07,PP-GF20,DAY,21.81,44.12,0.14,210.39,214.95,221.88,68.95,95.46,51.15,70.36,4.2,1.108,6.38,19.1,35.26,81.2,10.1,847.8,73.51,80.57,49.82,45.37,0
2026-04-02T10:03:06,IMM-03,MD-A12,ABS,DAY,30.5,67.12,0.062,211.17,215.55,224.08,71.79,95.2,59.09,72.95,4.01,1.215,7.45,17.7,35.24,80.1,9.48,799.1,73.91,97.97,47.5,52.69,0
2026-04-02T10:03:48,IMM-02,MD-C03,PA6-GF30,NIGHT,23.84,42.08,0.141,226.29,236.04,241.01,85.65,105.89,60.55,67.57,5.21,1.07,7.79,19.73,36.74,79.7,9.84,807.3,81.57,79.29,46.23,54.4,0
2026-04-02T10:04:30,IMM-01,MD-B07,ABS,EVENING,21.82,36.83,0.164,215.93,221.86,231.67,67.14,90.17,50.48,79.31,3.21,1.093,8.39,19.52,37.22,80,8.77,821.6,57.88,57.51,46.61,49.3,0
2026-04-02T10:05:12,IMM-01,MD-A12,PA6-GF30,DAY,24.55,61.4,0.193,231.74,240.88,244.64,74.22,98.24,59.55,64.35,4.47,1.113,8.15,19.37,36.11,69.3,7.8,827.6,71.8,75.83,45.17,50.96,0
2026-04-02T10:05:54,IMM-03,MD-B07,PA6-GF30,EVENING,17.07,53.49,0.239,230.51,239.97,241.79,80.08,105.11,63.56,65.18,4.25,1,8.69,15.38,33.15,76.2,9.63,832.6,77.7,74.51,53.51,59.82,0
2026-04-02T10:06:36,IMM-01,MD-B07,PP-GF20,DAY,27.42,43.12,0.238,220.07,226.32,227.24,68.02,97.81,58.98,71.83,3.71,1.169,6.76,20.56,36.32,81.4,9.34,841.5,73.45,79.38,45.36,41.77,0
2026-04-02T10:07:18,IMM-02,MD-B07,PP-GF20,NIGHT,27.68,56.69,0.096,211.03,222.33,225.71,80.46,103.92,60.37,81.03,3.27,1.097,8.65,19.58,37.27,79.7,7.06,775.7,85.33,95.56,43.63,44.46,0
2026-04-02T10:08:00,IMM-04,MD-B07,PA6-GF30,EVENING,27.15,45.97,0.177,231.98,235.34,241.6,74.2,96.89,57.96,73.07,4.6,1.008,9.33,18.2,36.83,85.6,8,797,72.84,74.3,44.45,40.12,0
2026-04-02T10:08:42,IMM-01,MD-C03,ABS,EVENING,22.1,43.9,0.095,213.12,217.4,222.59,72.01,84.55,49.41,62.95,4.53,1.267,7.03,20.21,36.78,83,8.65,862.3,65.07,88.79,47.22,41.65,0
2026-04-02T10:09:24,IMM-01,MD-B07,ABS,NIGHT,24.03,33.48,0.089,212.31,219.49,225.56,73.06,92.46,47.27,75.6,3.53,1.237,6.87,16.37,31.92,70.6,9.42,839.8,59.9,70.56,43.22,33.63,0
2026-04-02T10:10:06,IMM-04,MD-A12,PA6-GF30,DAY,22.08,41.97,0.177,239.11,246.69,256.16,76.95,89.09,50.19,73.8,4.9,1.271,6.53,19.51,35.12,86,7.17,812.1,70.09,88.57,46.6,54.93,0
2026-04-02T10:10:48,IMM-01,MD-B07,PA6-GF30,DAY,23.27,65.14,0.156,227.68,233.74,241.56,79.44,87.17,45.97,75.75,3.96,1.176,6.92,15.31,32.64,82.1,11.15,767.5,67.16,87.62,43.41,50.03,0
2026-04-02T10:11:30,IMM-04,MD-B07,ABS,DAY,28.67,46.96,0.175,204.59,213.78,218.18,63.71,105.88,60.3,64.19,5.34,1.342,7.56,18.72,35.68,82.1,8.16,852.3,86.61,111.54,47.03,41.56,0
2026-04-02T10:12:12,IMM-01,MD-C03,PP-GF20,EVENING,25.85,40.93,0.146,201.98,213.75,216.62,66.56,99.6,54.91,60.29,4.18,1.217,6.96,20.91,36.5,79.3,9.8,839.8,80.63,91.55,45.61,42.1,0
2026-04-02T10:12:54,IMM-02,MD-A12,PA6-GF30,NIGHT,27.32,52.05,0.136,229.86,237.72,244.86,75.88,101.21,58.06,70.51,4.16,1.301,7.41,17.84,37.18,90.7,6.45,781.8,73.81,100.91,43.8,50.25,0
2026-04-02T10:13:36,IMM-03,MD-B07,PA6-GF30,DAY,22.25,73.8,0.237,240.23,245.05,245.92,83.75,100.25,55.24,67.61,3.92,1.168,8.04,15.44,32.51,90,7.81,822.2,78.36,88.28,45.05,48.71,0
2026-04-02T10:14:18,IMM-01,MD-C03,PA6-GF30,NIGHT,28.02,53.88,0.233,222.8,234.97,241.41,78.3,110.04,63.28,78.59,3.38,1.353,8.89,19.97,37.91,90,8.66,802.7,84.64,108.95,43.56,50.48,0
2026-04-02T10:15:00,IMM-04,MD-A12,PA6-GF30,EVENING,20.77,31.02,0.233,239.92,246.24,252.12,71.57,91.9,49.58,75.42,4.93,1.122,7.97,18.62,34.84,99.3,9.78,798.4,65.02,86.95,50.65,58.5,0
2026-04-02T10:15:42,IMM-02,MD-B07,PA6-GF30,DAY,30.31,43.6,0.259,225.27,237.51,243.02,69.61,100.63,63.87,79.91,4.42,1.052,7.63,18.23,36.17,68.2,9.67,779.9,79.64,97.07,42.7,51.7,0
2026-04-02T10:16:24,IMM-01,MD-A12,PP-GF20,DAY,20.96,48.12,0.12,210.64,221.07,226.39,67.75,102.76,62.37,73.01,4.34,1.141,7.33,19.13,36.14,75.4,8.42,839.3,81.15,91.78,45.85,41.96,0
2026-04-02T10:17:06,IMM-04,MD-A12,ABS,EVENING,23.89,57.83,0.08,206.08,214.03,219.23,63.5,100.75,60.72,70.75,3.06,1.207,6.41,17.92,33.77,89,8.39,890.4,85.74,104.42,46.57,41.44,1
2026-04-02T10:17:48,IMM-01,MD-C03,PA6-GF30,DAY,32.6,35.6,0.186,230.64,238.1,245.8,77.16,104.09,67.2,74.71,3.76,1.153,6.56,20.62,36.69,72,7.89,859.6,80.22,91.9,43.61,49.47,0
2026-04-02T10:18:30,IMM-01,MD-A12,PP-GF20,EVENING,20.45,59.8,0.098,210.88,217.73,227.4,81.96,89.88,49.03,73.74,4.91,1.032,8.59,19.08,36.83,82.9,10.88,839.3,68.99,70.44,42.77,44.02,0
2026-04-02T10:19:12,IMM-01,MD-A12,PA6-GF30,DAY,22.25,64.41,0.127,225.47,236.82,240.85,76.67,110.35,63.85,72.49,3.1,1.296,6.97,18.1,32.51,88.7,8.69,813.1,81.28,92.83,44.25,43.99,0
2026-04-02T10:19:54,IMM-03,MD-A12,PP-GF20,DAY,22.12,48.58,0.186,216.9,222.17,226.38,72.47,87.1,49.29,80.79,3.87,1.282,7.42,16.01,34.29,83.2,8.59,813.6,68.03,84.86,41.28,38.75,0
2026-04-02T10:20:36,IMM-04,MD-B07,PP-GF20,DAY,16.97,44.95,0.02,229.45,240.95,245.33,71.73,84.01,49.94,61.04,3.76,1.141,6.55,17.27,33.64,73.6,8.13,833.4,67.88,66.69,44.19,41.72,0
2026-04-02T10:21:18,IMM-02,MD-C03,PP-GF20,DAY,18.42,38.74,0.107,213.61,218.13,225.06,65.15,102.1,58.79,76.94,3.55,1.317,8.31,18.5,37.07,74.8,6.79,906.6,78.71,101.12,42.82,44.13,0
2026-04-02T10:22:00,IMM-04,MD-A12,ABS,DAY,24.41,66.04,0.106,215.49,223.53,228.91,69.74,97.5,60.14,64.71,3.84,1.141,8.77,21.01,40.15,72,7.74,852.7,77.44,94.12,44.78,44.62,0
2026-04-02T10:22:42,IMM-01,MD-B07,PA6-GF30,NIGHT,28.26,46.52,0.225,219.73,224.61,224.81,68.5,107.08,59.92,73.27,3.75,1.391,8.25,17.62,36.33,82.8,8.72,842.5,84.9,109.41,51.45,38.66,0
2026-04-02T10:23:24,IMM-01,MD-A12,PP-GF20,DAY,28.6,53.71,0.139,212.71,224.83,231.79,66,107.51,58.29,74.56,2.22,1.097,8.37,20.51,39.2,87.5,8.12,851.9,81.64,83.73,44.96,42.93,0
2026-04-02T10:24:06,IMM-01,MD-A12,ABS,DAY,23.55,43.43,0.148,207.89,217.04,220.42,67.86,94.99,51.62,65.36,3.5,1.19,8.35,16.35,33.35,81.4,6.97,798.2,70.35,87.31,47.21,49.96,0
2026-04-02T10:24:48,IMM-01,MD-A12,PA6-GF30,DAY,27.66,60.43,0.132,229.78,236.63,240.97,70.64,99.56,59.51,77.89,4.67,1.471,7.64,18.97,37.3,79.1,9.03,776.9,83.55,118.15,43.41,49.65,0
2026-04-02T10:25:30,IMM-01,MD-A12,PP-GF20,EVENING,29.88,42.57,0.152,218.65,228.53,236.25,71.22,94.07,61.22,67.7,4.49,1.214,7.62,16.42,34.3,85.7,7.74,839.6,64.44,81.89,41.67,49.24,0
2026-04-02T10:26:12,IMM-04,MD-A12,PP-GF20,DAY,23.79,,0.091,210.43,219.26,228.24,72.69,94.09,57.92,78.53,4.45,1.187,7.98,14.6,30.96,95.7,7.4,825,64.56,79.05,44.42,36.22,0
2026-04-02T10:26:54,IMM-02,MD-A12,PP-GF20,DAY,29.33,56.42,0.137,220.36,228.5,232.05,68.5,95.75,56.59,67.51,4.14,1.315,7.29,15.31,32.3,87.8,8.45,770.3,67.51,93.73,44.52,39.46,0
2026-04-02T10:27:36,IMM-04,MD-C03,PA6-GF30,EVENING,27.68,53.98,0.186,242.73,245.07,252.16,77.77,105.52,60.03,72.57,4.59,1.101,8.06,18.96,35.96,75.8,8.36,854.1,81.97,86.03,45.87,43.47,0
2026-04-02T10:28:18,IMM-02,MD-A12,PP-GF20,DAY,21.01,34.18,0.129,206.98,218.3,224.49,67.82,90.29,52.9,79.05,4.01,1.363,7.91,17.85,35.33,77.6,8.53,858.1,68.73,99.46,46.38,42.69,0
2026-04-02T10:29:00,IMM-02,MD-B07,PP-GF20,NIGHT,19.52,39.34,0.123,218.04,227.28,232.2,67.81,103.96,58.86,64.68,4.14,1.146,8.46,17.81,36.72,78.2,7.74,829.6,79.12,91.54,43.4,46.7,0
2026-04-02T10:29:42,IMM-01,MD-B07,PA6-GF30,NIGHT,23.81,41.13,0.191,239.28,246.99,255.57,78.96,99.66,54.95,73.66,3.44,1.092,9.66,17.92,37.22,62,8.02,845.7,72.9,80.25,48.98,55.34,0
2026-04-02T10:30:24,IMM-04,MD-B07,PP-GF20,EVENING,20.19,45.26,0.056,209.38,218.81,223.89,67.88,95.09,52.66,74.64,4.32,1.122,8.01,19.27,36.43,80.3,9.24,809.1,69.72,85.37,46.24,42.81,0
2026-04-02T10:31:06,IMM-01,MD-C03,PA6-GF30,DAY,23,42.71,0.172,226.35,233.38,235,80.2,100.8,56.3,71.71,4.98,1.203,7.35,16.81,34.03,77,8.15,899.8,75.8,98.12,48.44,49.38,0
2026-04-02T10:31:48,IMM-01,MD-C03,PA6-GF30,NIGHT,31.06,42.27,0.208,244.32,250.08,256.3,83.71,101.69,55.42,61.45,3.93,1.316,8.28,20.14,38.66,65.9,6.82,801.8,78.94,105.42,44.06,55.11,0
2026-04-02T10:32:30,IMM-02,MD-B07,ABS,EVENING,22.71,55.57,0.072,218,226.1,229.21,72.57,90.86,53.4,76.94,3.39,1.254,7.22,16.63,34.24,74,10.4,811.8,71.16,83.05,46.62,40.2,0
2026-04-02T10:33:12,IMM-04,MD-B07,PA6-GF30,EVENING,24.01,27.75,0.108,232.06,238.75,244.31,71.85,111.66,60.35,78.36,3.09,1.178,6.58,18.31,34.54,86.4,9.27,840.2,79.41,98.09,39.47,46.92,0
2026-04-02T10:33:54,IMM-04,MD-B07,ABS,DAY,21.98,38.96,0.104,204.99,209.47,213.53,74.38,94.7,54.75,69.45,4.34,1.198,8.22,17.7,35.56,78.5,8.94,796.3,73.06,76.8,47,39.54,0
2026-04-02T10:34:36,IMM-03,MD-C03,PP-GF20,EVENING,29.27,50.21,0.056,223.86,229.55,233.88,69.12,108.18,65.98,72.65,3.69,1.246,7.43,19.61,36.76,71.3,9.5,798.8,78.6,99.3,43.38,36.93,0
2026-04-02T10:35:18,IMM-02,MD-C03,ABS,DAY,22.62,55.54,0.125,210.91,220.66,225.88,71.74,97.24,54.38,71.29,4.35,1.238,8.46,21.5,39.66,78.7,8.54,850.1,71.32,91.14,42.76,43.41,0
2026-04-02T10:36:00,IMM-01,MD-A12,PA6-GF30,DAY,23.59,52.36,0.074,225.79,235.2,242.69,76.27,95.41,52.7,66.57,4.05,1.289,8.27,15.27,32.42,87.1,10.89,846.4,79.45,101.74,38.81,56.58,0
2026-04-02T10:36:42,IMM-02,MD-B07,PP-GF20,DAY,27.08,42.64,0.054,218.58,221.47,228.75,71.86,90.09,51.93,75.99,4.03,1.27,7.83,17.16,35.64,83.5,7.11,787.8,67.44,94.54,45.18,35.03,1
2026-04-02T10:37:24,IMM-01,MD-A12,PA6-GF30,DAY,21.94,31.09,0.198,227.06,231.54,236.22,74.61,97.24,54.83,80.9,4.34,1.259,8.97,19.83,38.2,81.3,6.85,789,70.47,85.81,46.43,45.74,0
2026-04-02T10:38:06,IMM-02,MD-C03,PA6-GF30,EVENING,28.24,62.54,0.198,228.07,235.54,242.66,75.86,97.8,57.77,68.9,2.96,1.47,8.74,20.54,39,75.9,9.57,951.9,70.66,105.07,46.21,50.02,0
2026-04-02T10:38:48,IMM-01,MD-B07,PA6-GF30,NIGHT,27.67,53.31,0.099,223.98,230.6,235.8,79.08,102.3,61.55,66.08,3.14,1.123,7.26,18.13,34.99,78.5,9.58,862.1,79.11,94.58,44.8,41.95,0
2026-04-02T10:39:30,IMM-04,MD-A12,PP-GF20,NIGHT,20.13,28.09,0.141,208.43,213.34,215.74,66.37,95.39,56.28,61.32,3.02,1.261,8.49,13.42,32.22,74.6,10.35,878.1,72.51,86.54,51.15,38.57,1
2026-04-02T10:40:12,IMM-02,MD-B07,PA6-GF30,EVENING,23.93,29.43,0.208,227.7,234.01,239.63,75.8,103.26,62.54,78.17,4.37,1.174,9.52,15.85,35.09,76.5,7.68,782.7,69.76,77.85,44.77,54.13,0
2026-04-02T10:40:54,IMM-03,MD-A12,PA6-GF30,NIGHT,26.88,30.7,0.178,231.6,237.08,241.89,78.43,105.81,61.06,73.27,4.1,1.184,7.91,18.3,36.61,93.7,6.9,782,86.12,103.96,48.28,43.88,0
2026-04-02T10:41:36,IMM-01,MD-C03,PA6-GF30,EVENING,24.74,52.92,0.159,232.15,242.27,249.59,74.78,106.93,62.42,69.07,4.31,1.254,7.36,16.81,33.78,73.7,10.45,853.1,82.69,111.96,43.77,45.47,0
2026-04-02T10:42:18,IMM-01,MD-A12,ABS,NIGHT,24.16,38.37,0.089,205.8,211.84,217.08,67.1,90.52,51.75,62.86,4.31,1.285,7.86,18.43,36.63,76.4,7.52,863.2,74.83,100.62,46.23,46.95,1
2026-04-02T10:43:00,IMM-03,MD-A12,PP-GF20,NIGHT,24.75,55.17,0.073,221.34,230.57,232.53,71.52,105.12,62.21,83.23,4.32,1.057,8.09,18.79,36.6,71,10.25,805.3,81.09,75.63,48.98,43.49,1
2026-04-02T10:43:42,IMM-04,MD-B07,PP-GF20,EVENING,27.47,40.15,0.083,214.72,221.56,229.26,70.25,100.29,61.86,77.04,3.75,1.163,7.8,16.5,34.23,87.1,8.57,743.7,77.21,81.23,45.5,42.49,0
2026-04-02T10:44:24,IMM-03,MD-B07,PA6-GF30,DAY,23.13,58.65,0.163,230.4,234.79,240.39,80.61,100.28,58.3,79.14,4.52,1.295,8.84,18.52,37.25,76.6,7.61,852,74.53,102.23,46.43,48.39,0
2026-04-02T10:45:06,IMM-01,MD-B07,PA6-GF30,EVENING,28.37,65.02,0.195,236.05,241.03,247.78,70.82,100.91,56.55,75.71,3.59,1.29,6.7,18.02,34.25,76.3,9.81,784.7,81.85,109.67,48.72,46.65,0
2026-04-02T10:45:48,IMM-03,MD-C03,ABS,DAY,23.83,35.29,0.079,203.21,218.73,224.8,63.51,93.79,53.07,65.08,4.13,1.395,7.68,21,37.55,71.6,6.02,859.7,73.69,100.31,46.75,38.22,1
2026-04-02T10:46:30,IMM-01,MD-C03,PP-GF20,DAY,20.5,47.88,0.145,212.55,219.85,225.93,63.19,86.71,47.94,75.93,4.99,1.217,7.58,18.07,35.34,81.9,8.78,840.2,66.1,79.96,44.93,36.44,0
2026-04-02T10:47:12,IMM-01,MD-A12,PP-GF20,DAY,27.38,54.92,0.139,218.42,221.69,227.14,75.59,97.09,54.39,70.95,3.61,1.14,7.36,17.09,34.33,75.9,9.81,854.1,69.8,82.83,42.55,45.13,0
2026-04-02T10:47:54,IMM-02,MD-B07,PA6-GF30,DAY,26.35,61.14,0.147,230.41,239.07,243.6,75.23,105.06,56.88,65.09,3.68,1.449,7.94,15.9,33.99,73.9,6.92,783.4,77.8,108,43.55,48.59,0
2026-04-02T10:48:36,IMM-01,MD-A12,PP-GF20,NIGHT,30.21,67.94,0.1,219.01,224.51,229.31,63.93,97.36,59.25,71.56,4.06,1.192,8.4,14.87,33.14,87.1,8.74,815.1,79.95,106.3,50,46.51,0
2026-04-02T10:49:18,IMM-04,MD-C03,ABS,DAY,26.08,33.05,0.02,212.36,220.39,226.42,72.46,100.48,64.52,72.92,4.44,1.297,6.95,17.66,34.98,71.6,8.11,852.5,79.02,105.14,49.29,35.67,0
2026-04-02T10:50:00,IMM-03,MD-A12,PP-GF20,NIGHT,20.32,53.67,0.097,210.49,221.86,226.32,70.33,93.46,52.31,66.92,4.09,1.385,7.31,20.12,38.3,95.9,9.18,827.5,73.54,95.83,46.17,40.82,1
2026-04-02T10:50:42,IMM-04,MD-C03,PA6-GF30,DAY,16.98,64.21,0.234,229.34,234.63,238.61,74.65,102.87,56.17,60.15,3.33,1.161,7.58,18.49,35.9,78,7.37,855.3,75.96,88.43,45.54,48.5,0
2026-04-02T10:51:24,IMM-04,MD-B07,PP-GF20,DAY,28.83,49.64,0.139,217.28,225.48,230.94,71.9,89.55,53.5,81.13,3.98,1.191,7.59,17.75,34.26,82.1,10.96,817.2,71.19,83.71,43.63,30.26,0
2026-04-02T10:52:06,IMM-03,MD-A12,PA6-GF30,NIGHT,24.93,62.58,0.168,220.34,228.48,229.83,74.27,115.41,67.07,62.05,4.19,1.08,7.63,17.88,33.23,61,9.31,788.4,91.97,91.01,51.13,42.54,0
2026-04-02T10:52:48,IMM-03,MD-C03,PA6-GF30,DAY,23.48,58.29,0.164,234.92,239.43,248.12,77.04,105.32,61.58,87.59,3.72,1.098,5.82,21.63,38.78,81.8,10.24,836.5,83.03,91.34,50.42,53.12,0
2026-04-02T10:53:30,IMM-01,MD-C03,ABS,EVENING,24.07,52.85,0.052,222.64,229.37,235.38,67.71,101.44,58.32,67.65,2.37,1.221,9.03,20.3,40.19,82.3,7.8,907.4,81.59,100.04,48.31,40.91,1
2026-04-02T10:54:12,IMM-02,MD-C03,PA6-GF30,EVENING,25.97,59.47,0.153,232.24,237.96,244.78,73.05,108.23,64.86,71.1,3.06,1.298,8.2,19.2,36.74,76.8,8.04,845.7,84.55,110.54,45.62,48.41,0
2026-04-02T10:54:54,IMM-04,MD-A12,ABS,EVENING,21.55,54.34,0.101,216.59,223.22,225.09,71.82,99.73,61.09,78.79,4.39,1.269,9.07,19.17,37.59,99.2,9.56,819,76.43,95.35,51.04,35.9,0
2026-04-02T10:55:36,IMM-02,MD-B07,ABS,NIGHT,24.26,54.07,0.058,198.67,203.32,209.38,69.7,97.39,52.49,77.88,2.88,1.214,8.2,18.77,36.42,88.6,9.54,838.6,71.37,92.67,44.02,36.84,0
2026-04-02T10:56:18,IMM-01,MD-A12,PP-GF20,EVENING,26.34,49.85,0.154,218.44,227.1,234.6,71.8,87.53,53.6,75.26,3.72,1.097,8.42,15.3,34.09,92.5,8.19,816.5,70.17,72.89,42.69,42.2,0
2026-04-02T10:57:00,IMM-02,MD-C03,PA6-GF30,EVENING,26.77,41.11,0.095,227.76,234.13,238.73,73.53,94.99,53.77,59.78,4.25,1.246,7.01,18.35,36.27,72.2,8.72,878,70.75,87.55,49.34,52.56,0
2026-04-02T10:57:42,IMM-04,MD-A12,ABS,DAY,24.4,68.39,0.096,210.8,220.77,224.56,68.9,85.91,58.84,80.62,3.51,0.965,6.69,18.4,35.46,96.7,7.41,829.1,70.06,65.89,47.31,44.16,0
2026-04-02T10:58:24,IMM-03,MD-B07,ABS,EVENING,24.22,46.2,0.136,218.85,226.34,235.71,70.8,98.12,57.99,69.48,4.03,1.119,6.75,16.85,32.85,88.3,9.2,836.2,78.11,100.89,46.74,44.16,0
2026-04-02T10:59:06,IMM-02,MD-A12,PP-GF20,NIGHT,19.93,78.79,0.125,220.36,232.25,240.5,70.79,98.57,58.5,75.97,2.92,1.069,6.47,17.32,31.71,72.8,9.08,787.8,83.79,99.05,44.56,44.66,0
2026-04-02T10:59:48,IMM-01,MD-A12,ABS,EVENING,13.58,36.48,0.076,207.89,217.96,223.78,69.46,100.87,60.22,65.47,3.47,1.3,7.54,19.02,37.91,75.8,8.05,866.2,79.56,108.93,45.52,47.34,0
2026-04-02T11:00:30,IMM-02,MD-B07,PP-GF20,EVENING,18.22,63.76,0.097,218.25,226.53,230.08,68.67,93.02,54.1,77.7,3.33,1.252,6.75,18.26,34.78,78.3,9.11,805.8,73.89,101.47,48.87,47.43,0
2026-04-02T11:01:12,IMM-01,MD-B07,PP-GF20,DAY,31.84,53.25,0.14,215.61,221.74,227.86,68.69,83.29,54.07,82.71,4.19,1.233,7.45,17.83,34.5,94.2,10.11,819.8,58.13,77.02,45.19,47.6,0
2026-04-02T11:01:54,IMM-02,MD-A12,PA6-GF30,EVENING,20.11,67.68,0.069,234.07,240.74,243.79,74.17,95.75,57.37,68.79,3.48,1.261,8.36,18.15,35.72,82.2,7.92,855.5,82,102.73,47.06,50.31,0
2026-04-02T11:02:36,IMM-04,MD-C03,ABS,EVENING,25.29,33.34,0.069,215.88,226.99,230.96,68.94,101.82,59.07,65.18,3.21,1.282,7.99,17.77,35.65,75.4,9.07,855.5,76.85,107.83,50.32,41.48,0
2026-04-02T11:03:18,IMM-02,MD-B07,PA6-GF30,DAY,32.85,60.69,0.15,230.64,238.22,243.09,72.17,114.66,67.46,77.96,3.6,1.22,8.82,18.21,36.5,89.6,9.57,784,83.82,99.72,46.22,52.02,0
2026-04-02T11:04:00,IMM-01,MD-B07,PP-GF20,DAY,30.39,33.3,0.134,218.12,226.35,231.47,73.44,89.54,49.35,87.94,2.56,1.218,7.37,15.62,32.17,76.3,8.23,799.8,66.06,84.95,44.97,50.1,0
2026-04-02T11:04:42,IMM-02,MD-A12,PP-GF20,DAY,23.95,28.79,0.089,222.62,226.53,234.17,67.97,91.43,54.65,80.07,5.19,1.345,6.74,16.32,33.48,80.2,6.84,852.5,68.89,90.74,45.33,44.71,0
2026-04-02T11:05:24,IMM-01,MD-B07,ABS,EVENING,31.02,44.54,0.136,220.39,227.41,234.17,63.35,90.15,51.05,71.27,4.62,0.949,6.74,16.85,33.55,86.4,9.09,834.6,67.05,63.12,43.62,36.49,0
2026-04-02T11:06:06,IMM-02,MD-B07,PA6-GF30,DAY,21.75,38.12,0.138,227.16,239.14,243.21,73.14,105.39,58.5,63.17,4.32,1.233,8.44,17.95,37.02,75.4,8.19,797.6,79.96,89.6,43.65,54.95,0
2026-04-02T11:06:48,IMM-02,MD-B07,ABS,EVENING,25.27,46.77,0.107,215.71,223.02,225.67,71.37,97.65,58.46,86.58,4.89,1.075,6.27,18.23,33.96,84.5,8.59,807.6,79.96,88.87,42.28,47.9,0
2026-04-02T11:07:30,IMM-04,MD-B07,PA6-GF30,DAY,28.25,48.17,0.2,238.52,245.03,248.52,74.71,105.41,57.96,71.14,2.11,1.248,8.21,18.95,37.53,77.8,9.47,859.8,73.03,88.28,48.28,45.63,1
2026-04-02T11:08:12,IMM-04,MD-A12,PP-GF20,DAY,26.03,37.15,0.117,214.53,221.23,226.14,63.57,96.29,53.86,70.92,4.24,1.208,9.47,16.18,34.48,86.9,8.82,885,79.44,87.67,51.99,37.88,0
2026-04-02T11:08:54,IMM-03,MD-C03,PA6-GF30,DAY,21.94,37.31,0.122,223.73,231.13,234.13,72.46,109.27,62.26,81.82,4.04,1.211,7.3,19.45,35.3,71.7,9.81,867.1,82.74,102.5,46.36,56.93,0
2026-04-02T11:09:36,IMM-04,MD-B07,PP-GF20,EVENING,18.35,41.18,0.173,220.16,229.16,234.68,70.9,89.36,49.85,68.27,3.33,0.946,8.42,18.66,37.2,92.6,9.59,852.4,69.27,69.69,48.27,40.59,0
2026-04-02T11:10:18,IMM-03,MD-A12,ABS,EVENING,19.02,43.8,0.172,213.28,223.1,228.98,67.42,97.66,55.79,70.3,3.22,1.111,8.17,17.5,35.67,75.6,6.73,802.2,71.9,78.41,48.09,40.66,0
2026-04-02T11:11:00,IMM-04,MD-C03,PP-GF20,DAY,22.03,47.38,0.122,231.51,237.71,244.37,75.18,89.44,52.23,61.99,4.86,1.393,9.54,18.23,36.36,73.8,5.52,807.4,69.88,95.78,45,43.37,0
2026-04-02T11:11:42,IMM-02,MD-B07,PP-GF20,DAY,29.17,44.1,0.116,205.22,212.08,215.71,66.31,97.83,54.93,88.41,5.65,1.137,8.06,19.56,36.3,83.7,9.33,846.2,70.94,83,50.12,40.22,0
2026-04-02T11:12:24,IMM-04,MD-B07,PP-GF20,DAY,25.59,55.17,0.222,204.71,211.91,217.34,71.83,90.06,53.14,75.83,5.14,1.334,8.33,17.84,35.04,92.9,9.63,877.7,66.27,87.69,39.57,45.76,1
2026-04-02T11:13:06,IMM-01,MD-A12,ABS,EVENING,25.13,51.51,0.08,206.27,215.04,220.82,73.56,77.92,46.48,79.8,3.39,1.096,7.33,19.92,36.96,74.6,8.92,885.1,57.38,66.1,47.04,49.19,1
2026-04-02T11:13:48,IMM-03,MD-B07,PP-GF20,DAY,25.38,56.31,0.137,225.03,235.13,239.97,71.89,85.39,51.12,54.73,3.62,1.406,8.09,18.89,36.59,81.9,6.53,812,67.74,96.64,49.56,42.77,1
2026-04-02T11:14:30,IMM-02,MD-C03,ABS,EVENING,29.24,52.96,0.074,207.64,217.77,226.65,72.43,91.03,56.62,83.6,2.31,1.445,6.42,20.34,36.85,81.7,9.02,901.5,65.14,85.23,43.68,45.52,0
2026-04-02T11:15:12,IMM-01,MD-B07,PP-GF20,EVENING,27.95,52.28,0.124,214.79,224.16,231.85,72.67,84.74,49.02,72.33,3.24,1.115,7.81,18.95,37.39,79.3,9.88,845.3,62.81,65.45,48.05,38.07,0
2026-04-02T11:15:54,IMM-04,MD-A12,ABS,DAY,30.44,68.65,0.151,206.72,215.56,220.75,71.5,99.3,55.13,75.68,3.56,1.248,7.41,17.89,34.84,75.4,8.78,821.5,78.09,99.41,44.51,39.39,0
2026-04-02T11:16:36,IMM-02,MD-A12,PP-GF20,DAY,28.31,33.49,0.102,211.05,218.06,224.26,65,105.42,62.14,72.72,3.17,1.3,7.79,17.19,34.4,76.3,11.05,881.7,79.94,95.04,42.74,46.85,0
2026-04-02T11:17:18,IMM-02,MD-B07,PP-GF20,EVENING,20.55,25.96,0.172,215.5,220.57,222.85,72.02,88.59,54.07,79.71,3.39,1.3,8.25,18.83,36.02,85.7,7.84,804.3,68.01,87.56,43.07,47.33,0
2026-04-02T11:18:00,IMM-03,MD-C03,ABS,DAY,24.44,59.2,0.08,215.26,226.02,229.96,75.23,93.27,58.61,86.07,3.67,1.331,8.45,21.17,39.91,82.1,8.37,875.7,71.52,98.06,45.68,48.05,0
2026-04-02T11:18:42,IMM-04,MD-A12,ABS,DAY,25.81,53.48,0.187,216.05,222.43,227.48,70.92,98.68,56.96,75.59,3.41,1.336,6.74,18.09,34.25,73.6,8.65,833.2,66.94,85.26,45.32,50.93,0
2026-04-02T11:19:24,IMM-01,MD-B07,ABS,DAY,22.5,23,0.171,210.92,217.28,224.95,71.07,90.63,56.08,55.79,4.02,1.242,7.27,23.62,40.33,81.7,7.58,834.8,75.42,91.12,44.25,46.14,1
2026-04-02T11:20:06,IMM-04,MD-B07,ABS,NIGHT,29.17,55.6,0.078,207.97,215.44,220.45,67.81,98.84,60.65,80.76,3.54,1.094,7.1,17.41,35.21,90.2,8.55,798.6,73.73,85,49.92,44.75,0
2026-04-02T11:20:48,IMM-01,MD-A12,PA6-GF30,DAY,17.86,29.77,0.127,228.99,232.63,235.64,73.71,106.3,65.15,71.18,3.39,1.322,7.78,17.27,33.61,75.1,7.74,804.7,82.76,113.64,46.76,53.38,0
2026-04-02T11:21:30,IMM-01,MD-B07,ABS,EVENING,23.17,63.93,0.142,213.58,223.43,230.8,69.97,94.21,60.86,71.21,3.04,1.334,7.72,19.39,36.53,85.6,8.85,798.7,72.85,99.48,42.12,50.65,0
2026-04-02T11:22:12,IMM-01,MD-C03,ABS,EVENING,25.72,51.78,0.096,204.09,212.45,220.75,63.85,114.53,70.43,72.05,4.11,1.345,7.77,16.51,34.09,89.2,9.1,869.3,91.23,116.37,47.46,45.78,0
2026-04-02T11:22:54,IMM-04,MD-B07,PA6-GF30,DAY,24.85,42.52,0.231,219.92,228.64,236.36,77.63,107.34,66.91,66.72,4.57,1.067,8.83,18.92,37.92,89.1,8.56,826.2,75.7,76.28,46.43,47.06,1
2026-04-02T11:23:36,IMM-02,MD-B07,ABS,NIGHT,22.09,40.49,0.071,210.25,219.73,227.73,68.22,96.68,55.45,71.08,2.5,1.281,8.22,19.46,37.57,77.9,9.27,889,72.1,97.22,48.26,39.88,1
2026-04-02T11:24:18,IMM-02,MD-B07,PA6-GF30,EVENING,28.53,42.79,0.183,225.79,232.73,238.81,74.8,92.03,51.95,65.41,4.59,1.124,8.28,16.04,33.95,84.5,8.71,778.4,67.22,70.19,45.13,50.37,0
2026-04-02T11:25:00,IMM-04,MD-C03,PA6-GF30,DAY,27.95,61.11,0.157,233.42,243.07,251.16,72.78,100.15,60.47,61.35,4.08,1.171,6.99,19.37,36.29,90.5,7.21,837.2,74.32,76.27,43.67,51.59,0
2026-04-02T11:25:42,IMM-01,MD-A12,ABS,EVENING,21.17,45.62,0.137,215.31,229.97,235.8,69.88,88.76,51.12,77.8,4.77,1.309,7.12,16.09,33.79,87.9,7.63,831.8,72.84,99.41,46.32,48.08,0
2026-04-02T11:26:24,IMM-03,MD-A12,PP-GF20,DAY,22.94,57.61,0.087,220.8,228.07,232.1,71,97.61,59.23,71.33,4.41,1.07,7.34,17.92,35.81,81.9,7.11,803.6,76.05,77.12,48.48,50.18,1
2026-04-02T11:27:06,IMM-04,MD-C03,PA6-GF30,DAY,23.89,49.6,0.159,234.05,243.79,246.46,76.66,101.99,65.65,69.57,4.06,1.381,8.56,16.64,35.89,81.6,9.63,869.9,73.68,96.92,45.1,49.59,0
2026-04-02T11:27:48,IMM-02,MD-A12,ABS,EVENING,25.48,53.05,0.091,217.47,227.07,230.09,71.97,92.69,56.74,65.22,4.36,1.229,7.25,16.21,32.53,81.3,9.4,797.3,67.92,74.91,41.97,45.53,0
2026-04-02T11:28:30,IMM-01,MD-B07,ABS,EVENING,21.57,53.16,0.15,219.83,225.22,231.56,68.48,97.48,57.86,84.12,4.41,1.153,9.56,18.91,37.64,92,7.83,826.8,70.52,77.91,44.08,45.35,0
2026-04-02T11:29:12,IMM-01,MD-B07,PA6-GF30,NIGHT,24.49,43.07,0.203,232.4,241.16,248.86,76.49,107.43,64.23,68.52,3.41,1.246,8.05,17.59,35.62,86.3,8.72,837.7,84.64,94.18,42.96,51.09,0
2026-04-02T11:29:54,IMM-04,MD-B07,PA6-GF30,DAY,24.71,49.64,0.243,221.73,232.17,240.11,74.71,107.49,67.18,72,2.89,1.068,8.47,19.6,37.61,69.4,8.07,828.9,73.61,69.48,47.49,43.77,1
2026-04-02T11:30:36,IMM-02,MD-A12,ABS,EVENING,20.91,49.88,0.114,219.26,229.47,234.36,65.82,95.32,60.94,68.25,4.32,1.264,9.64,18.09,38.35,75,7.19,853,80.41,93.7,51.68,45.28,0
2026-04-02T11:31:18,IMM-03,MD-A12,PA6-GF30,DAY,27.75,46.84,,233.96,241.27,246.18,85.09,110.19,66.01,80.16,3.35,1.21,7.23,19.29,35.84,81.7,8.93,798,83.51,102.36,45.76,55.39,1
2026-04-02T11:32:00,IMM-03,MD-B07,PA6-GF30,EVENING,25.78,58.72,0.154,230.8,239.9,247.48,75.8,101.38,62.66,68.18,4.34,1.111,7.72,16.23,34.13,86.5,8.7,845.9,73.93,74.44,44.59,50.63,0
2026-04-02T11:32:42,IMM-03,MD-A12,PA6-GF30,NIGHT,23.06,53.73,0.201,229.97,236.46,239.44,77.74,103.91,62.5,70.68,3.69,1.252,6.51,15.97,32.59,87.9,7.8,866.3,78.71,97.37,49.17,47.86,1
2026-04-02T11:33:24,IMM-03,MD-A12,PP-GF20,DAY,24.66,57.57,0.108,216.99,224.88,230.7,64.14,88.84,56.84,82.7,3.16,1.054,7.13,19.31,36.07,81.1,6.58,807.5,66.1,60.05,48.27,36.88,1
2026-04-02T11:34:06,IMM-03,MD-B07,ABS,DAY,30.68,46.09,0.125,211.09,216.32,220.06,72.63,88.71,57.35,70.09,3.31,1.158,7.84,16.75,34.72,74.4,8.89,780.8,69.99,87.71,48.68,46.49,0
2026-04-02T11:34:48,IMM-01,MD-B07,PP-GF20,DAY,16.16,41.49,0.11,231.39,238.08,245.47,69.38,98.47,57.35,78.96,4.84,1.223,6.58,18.54,35.55,77.7,8.42,774.4,67.39,83.67,50.54,46.43,0
2026-04-02T11:35:30,IMM-02,MD-A12,PP-GF20,DAY,24.87,68.5,0.15,211.5,219.09,223.93,69.39,100.25,59.76,75.94,4.58,1.369,7.17,18.97,35.29,90.6,7.82,854.2,71.84,95.7,47.47,37.7,0
2026-04-02T11:36:12,IMM-01,MD-A12,ABS,EVENING,26.03,48.24,0.201,217.48,228.34,233.26,68.37,102.16,60.03,65.29,3.73,1.334,8.43,19.9,37.14,66.7,9.31,822.4,71.97,92.12,42.16,40.54,1
2026-04-02T11:36:54,IMM-01,MD-B07,ABS,NIGHT,19.69,43.94,0.11,219.79,228.62,233.22,70.56,96.89,58.69,73.44,4.27,1.322,8.87,18.54,37.82,78.5,7.02,799.2,67.62,96.52,43.54,46.05,0
2026-04-02T11:37:36,IMM-01,MD-A12,PP-GF20,DAY,25,60.06,0.02,211.57,216.18,217.48,66.82,96.11,58.3,72.15,3.62,1.126,8.38,15.38,33.36,72.5,7.93,839.1,71.52,82.75,47.27,49.76,0
2026-04-02T11:38:18,IMM-04,MD-A12,PP-GF20,DAY,24.11,59.65,0.163,214.06,223.81,230.4,69.63,96.34,56.3,67.57,4.54,1.259,7.44,18.69,35.32,85.6,10.94,793,73.38,88.58,41.42,41.08,0
2026-04-02T11:39:00,IMM-03,MD-B07,PP-GF20,DAY,21.05,41.59,0.152,221.12,230.48,237.98,71.72,97.7,54.84,76.99,5.35,1.165,7.62,16.38,33.97,83.7,8.18,838.9,75.6,87.09,48.41,36.04,0
2026-04-02T11:39:42,IMM-01,MD-A12,ABS,NIGHT,20.91,61,0.128,214.74,223.3,227.35,75.04,93.36,55.48,77.42,5.11,1.292,7.75,17.09,32.79,87.9,9.16,814.1,72.53,84.41,44.17,37.42,0
2026-04-02T11:40:24,IMM-03,MD-B07,PA6-GF30,EVENING,20.03,29.56,0.157,232.06,241.39,249.05,81.66,103.88,62.16,73.78,3.52,1.145,6.87,17.33,33.44,78.9,8.05,811.1,72.9,78.19,47.67,48.69,0
2026-04-02T11:41:06,IMM-01,MD-A12,PP-GF20,NIGHT,21.77,43.83,0.095,225.49,236.31,240.72,72.1,70.38,36.55,74.82,3.55,1.219,8.72,17.35,35.04,85.3,7.3,836.8,48.42,62.52,50.24,42.9,0
2026-04-02T11:41:48,IMM-01,MD-A12,PA6-GF30,DAY,29.33,60.17,0.251,222.65,231.52,237.68,69.03,100.97,57.57,60.7,4.62,1.077,7.57,19.55,36.56,83.7,8.94,798,76.77,80.46,43.72,53.47,0
2026-04-02T11:42:30,IMM-04,MD-A12,PA6-GF30,NIGHT,19.11,32.12,0.115,229.4,238.54,243.04,73.92,105.49,60.66,71.41,4.28,1.281,8.4,19.38,37.44,72.4,8.24,764.9,86.28,115.8,47.53,53.43,1
2026-04-02T11:43:12,IMM-03,MD-B07,ABS,NIGHT,26.21,28.79,0.087,202.74,207.77,212.28,71.56,92.8,53.91,79.69,3.64,1.3,8.72,19.56,38.43,98.7,6.7,773.7,71.25,97.49,45.92,42.36,1
2026-04-02T11:43:54,IMM-01,MD-A12,PP-GF20,EVENING,27.63,50.48,0.091,214.31,222.02,227.31,70.66,104.55,57.79,73.03,3.16,1.061,8.12,19.01,37.21,88,8.46,801.3,83.73,95.86,41.38,48.24,0
2026-04-02T11:44:36,IMM-01,MD-A12,PP-GF20,DAY,17.49,59.07,0.051,218.36,230.35,236.71,69.44,90.34,55.17,76.63,4.11,0.995,7.08,18.93,36.17,90.4,7.18,831.9,72.4,71.05,47.55,41.51,0
2026-04-02T11:45:18,IMM-03,MD-B07,PP-GF20,EVENING,20.78,50.08,0.107,217.75,223.68,227.91,65.62,102.67,58.3,83.52,5.77,1.226,6.31,17.43,32.6,85.9,7.92,883.8,67.19,79.09,44.73,40.53,0
2026-04-02T11:46:00,IMM-03,MD-A12,PP-GF20,EVENING,25.27,44.44,0.061,209.12,215.17,219.59,72.25,87.85,52.03,62.43,3.16,1.377,7.74,18.46,35.97,77.1,8.85,784.5,63.47,89.7,43.27,42.69,0
2026-04-02T11:46:42,IMM-03,MD-A12,ABS,DAY,20.77,48.91,0.148,209.83,211.29,217.22,66.76,91,51.06,78.47,4.11,1.285,7.13,18.3,35.95,76.5,8.75,799.3,68.97,90.92,46.65,48.73,0
2026-04-02T11:47:24,IMM-02,MD-B07,ABS,NIGHT,16.9,29.89,0.123,220.71,227.67,234.31,71.93,99.69,55.59,74.69,3.12,1.401,7.12,18.21,34.94,82.4,9.91,818.7,82.83,121.35,43.76,43.33,0
2026-04-02T11:48:06,IMM-02,MD-A12,ABS,NIGHT,23.56,44.48,0.104,202.04,209,214.22,63.77,102.21,58.14,68.26,4.69,1.104,7.33,18.45,36.26,75.5,6.74,837.6,78.86,86.08,47.39,48.7,0
2026-04-02T11:48:48,IMM-01,MD-A12,PA6-GF30,EVENING,27.77,44.5,0.158,236.66,243.82,248.11,79.92,97.64,55.34,76.56,3.26,1.19,6,18.79,33.7,80.3,7.5,803.5,69.9,87.66,44.12,50.51,0
2026-04-02T11:49:30,IMM-02,MD-C03,ABS,NIGHT,21.9,44.4,0.16,212.66,217.67,223.1,65.83,99.58,56.17,78.53,5.27,1.354,6.79,19.32,36.43,93.9,6.21,870.2,72.71,91.95,42.81,42.43,0
2026-04-02T11:50:12,IMM-04,MD-A12,PP-GF20,NIGHT,19.41,56.85,0.082,212.49,221.85,225.41,67.74,90.91,48.22,77.16,3.4,1.2,6.74,17.88,35.63,68.5,8.87,834.6,69.09,74.19,50.63,39.38,0
2026-04-02T11:50:54,IMM-02,MD-B07,PP-GF20,EVENING,18.28,29.03,0.067,216.68,221.06,225.94,72.42,85.34,51.25,60.47,4.45,1.029,7.43,19.99,36.33,78.5,8.61,831.7,68.34,62.22,45.37,39.5,0
2026-04-02T11:51:36,IMM-03,MD-A12,PP-GF20,NIGHT,20.37,44.33,0.172,214.08,226.61,233.64,64.72,93.52,52.32,73.98,3.85,1.249,8.73,19.36,37.22,88.3,7.46,827.3,73.06,93.27,44.52,41.61,0
2026-04-02T11:52:18,IMM-03,MD-B07,ABS,DAY,18.91,57.07,0.216,209.54,216.82,222.69,69.1,77.51,46.42,65.13,4.13,1.039,7.33,20.08,37.69,80.8,7.9,817.8,56.98,62.32,44.09,40.95,1
2026-04-02T11:53:00,IMM-03,MD-B07,PP-GF20,DAY,26.42,57.66,0.079,210.21,216.27,222.59,62.9,88.46,54.99,70,3.49,1.044,6.97,19.43,35.56,80.8,8.14,863.4,66.91,70.19,47.2,41.78,0
2026-04-02T11:53:42,IMM-03,MD-B07,PA6-GF30,EVENING,26.18,34.22,0.157,221.21,227.06,233.77,71.39,103.87,62.75,77.59,4.13,1.113,8.25,19.95,36.52,71.6,9.97,818.7,72.91,86.86,48.25,44.11,0
2026-04-02T11:54:24,IMM-01,MD-A12,ABS,EVENING,28.96,60.64,0.124,217.34,224.64,228.06,62.33,93.71,57.68,80.31,3.92,1.21,6.77,17.4,34.4,84.2,8.77,799.5,67.53,82.52,49.5,47.85,0
2026-04-02T11:55:06,IMM-02,MD-A12,ABS,NIGHT,23.5,46.39,0.067,211,219.48,225.72,79.73,102.23,61.16,83.09,4.83,1.152,7.32,19.51,36.96,95.4,10.2,811,75.57,82.75,47.91,42.44,0
2026-04-02T11:55:48,IMM-01,MD-B07,PP-GF20,DAY,22.32,30.25,0.07,207.07,213.28,219.98,70.35,81.79,42.68,76.07,3.98,1.033,8.28,17.46,35.23,89.2,8.02,832,62.33,60.76,48.42,46.87,1
2026-04-02T11:56:30,IMM-02,MD-A12,ABS,NIGHT,25.16,48.45,0.068,210.06,221.63,226.22,71.71,91.61,50.22,68,3.66,0.93,7.67,16.95,34.13,75.4,9.02,844.4,71.38,66.53,47.96,40.12,0
2026-04-02T11:57:12,IMM-02,MD-A12,PA6-GF30,DAY,32.76,35.98,0.15,224.59,231.49,235.39,78.82,93.92,55.18,74.08,2.95,1.214,8.54,16.3,33.94,78.8,9.04,855.3,68.81,85.91,44.82,51.22,1
2026-04-02T11:57:54,IMM-01,MD-B07,PP-GF20,DAY,25.94,55.15,,211.42,221.5,226.2,66.94,87.4,48.25,78.17,4.63,1.253,7.99,16.27,34.67,87.3,7.92,865.9,66.54,85.6,45.54,43.13,1
2026-04-02T11:58:36,IMM-01,MD-A12,PA6-GF30,NIGHT,30.77,42.13,0.159,228.7,242.66,249.58,71.6,98.37,58.45,65.62,4.44,1.184,7.2,18.65,34.78,73.8,8.33,825.4,75.26,92.73,49.79,53.06,0
2026-04-02T11:59:18,IMM-04,MD-C03,PP-GF20,EVENING,34.96,52.02,0.1,213.37,218.26,224.05,64.62,96.97,56.77,75.21,3.9,1.185,7.21,20.67,37.63,69.4,9.81,855.3,75.97,88.55,47.76,39.23,0
2026-04-02T12:00:00,IMM-01,MD-C03,ABS,NIGHT,23.01,48.83,0.108,206.55,213.94,221.53,62.67,98.38,54.47,70.4,2.67,1.112,7.8,20.53,37.03,73.3,8.89,914.5,67.29,77.67,51.24,33.77,0
2026-04-02T12:00:42,IMM-01,MD-B07,PP-GF20,EVENING,26.56,59.59,0.186,207.78,216.04,219.26,69.99,97.37,51.41,61.11,4.06,1.278,7.37,19.37,35.9,81,8.71,804.2,73.33,98.2,47.7,45.9,0
2026-04-02T12:01:24,IMM-01,MD-A12,ABS,EVENING,25.12,45.04,0.052,215.66,221.69,230.27,74.94,95.52,51.48,71.63,2.94,1.131,7.46,17.07,33.58,81.6,8.15,824.6,72.02,81.03,43.79,36.91,0
2026-04-02T12:02:06,IMM-03,MD-B07,PA6-GF30,EVENING,21.39,49.9,0.183,230.21,239.54,243.99,72.26,89.44,52.39,67.48,3.42,1.298,7.24,17.7,35.65,78.1,8.99,844.3,64.45,89.85,46.66,52.19,1
2026-04-02T12:02:48,IMM-01,MD-B07,PA6-GF30,NIGHT,30.2,47.98,0.153,225.17,231.68,234.49,78.35,100.05,55.15,63.32,4.49,1.247,8.32,19.44,38.11,90.8,8.53,873.7,80.06,98.16,47.82,51.9,0
2026-04-02T12:03:30,IMM-01,MD-B07,ABS,EVENING,26.47,49.74,0.02,203.8,211.43,219.42,65.25,92.27,55.74,72.66,3.46,1.04,8.1,16.31,32.92,74.5,7.44,761.2,66.11,73.96,50.31,46.41,0
2026-04-02T12:04:12,IMM-01,MD-B07,ABS,DAY,17.68,53.96,0.119,201.68,208.31,216.51,76.85,102.32,55.04,88.42,3.6,1.197,8.21,20.08,38.8,79,8.15,795.9,83.88,98.24,45.55,40.64,0
2026-04-02T12:04:54,IMM-04,MD-A12,PP-GF20,EVENING,23.71,35.55,0.079,206.1,213.79,220.5,69.59,91.9,52.15,73.36,3.22,1.166,7.34,19.82,36.31,85,7.94,853,61.91,74.35,51.43,39.18,0
2026-04-02T12:05:36,IMM-02,MD-A12,ABS,EVENING,21.27,47.03,0.092,221.44,224.6,231.57,71.44,96.34,54.12,72.8,5.21,1.034,8.29,17.47,35.44,85.9,8.32,808.9,76.88,84.12,40.9,39.89,0
2026-04-02T12:06:18,IMM-03,MD-C03,ABS,DAY,32.71,50.35,0.128,210.89,218.42,224.99,67.88,108.74,58.55,77.4,3.37,1.232,7.11,16.81,34.61,87.6,7.71,855.7,77.99,96.56,46.82,46.72,0
2026-04-02T12:07:00,IMM-03,MD-A12,PP-GF20,NIGHT,23.77,51.4,0.183,209.7,223.88,228,70.02,94.27,52.65,68.71,4.4,1.213,8.36,19.49,37.85,80.6,8.88,818.6,76.72,98.09,46.11,42.23,0
2026-04-02T12:07:42,IMM-02,MD-B07,ABS,DAY,26.09,46.32,0.138,208.14,212.7,218.32,73.51,92.97,55.18,75.95,3.22,1.082,7.97,15.47,32.92,83.8,8.16,867.9,61.71,67.3,44.01,43.77,0
2026-04-02T12:08:24,IMM-01,MD-A12,PA6-GF30,NIGHT,31.23,30.98,0.214,231.14,239.75,243.29,82.06,107.28,61.49,69.38,4.23,1.348,8.92,20.22,38.9,65.3,9.1,883,77.21,101.63,45.43,51.43,0
2026-04-02T12:09:06,IMM-03,MD-A12,PP-GF20,EVENING,24.36,68.87,0.143,223.1,230.03,235.23,70.96,88.65,46.77,71.48,3.25,1.199,7.92,21.36,39.36,87.5,9.31,779.6,66.14,71.57,50.55,36.62,0
2026-04-02T12:09:48,IMM-02,MD-C03,PA6-GF30,EVENING,27.34,66.39,0.133,231.98,238.51,245.9,71.1,112.51,63.02,72.72,3.69,1.453,8.28,18.14,35.6,63.8,7.46,876.6,89.4,126.35,46.29,46.28,0
2026-04-02T12:10:30,IMM-03,MD-B07,PP-GF20,NIGHT,27.26,40.2,0.02,214.07,219.27,223.99,69.5,96.45,57.76,68.18,5.29,1.236,7.36,23.27,39.83,74.2,7.52,836.5,75.11,93.26,46.65,38.83,0
2026-04-02T12:11:12,IMM-04,MD-B07,PP-GF20,EVENING,22.88,61.26,0.091,211.46,220.05,229.72,67.52,98.49,56.72,71.61,3.6,1.229,7.43,16.85,33.94,93.1,8.65,843.4,65.38,89.67,45.31,43.08,0
2026-04-02T12:11:54,IMM-04,MD-C03,PA6-GF30,EVENING,21.23,46.46,0.175,231.91,234.88,237.18,79.46,109.25,64.78,76.37,3.99,1.342,6.46,17.78,33.55,86.5,7.09,838.1,82.9,117.03,46.6,50.13,1
2026-04-02T12:12:36,IMM-01,MD-A12,PA6-GF30,DAY,29.41,39.57,,225.03,234.97,240.21,76.59,103.74,64.67,92.42,3.35,1.341,8.29,16.59,34.54,85.3,8.28,830.4,82.31,103.91,45.66,46.33,0
2026-04-02T12:13:18,IMM-01,MD-C03,PP-GF20,DAY,23.07,37.21,0.126,211.57,220.43,230.75,60.93,96.95,56.55,56.65,4.46,1.214,8.23,22.69,39.31,86.8,8.42,907.2,76.86,100.77,48.02,41.42,0
2026-04-02T12:14:00,IMM-01,MD-C03,PP-GF20,DAY,25.8,64.84,0.135,215.26,223.11,229.65,74.28,98.79,56.27,76.45,3.66,1.188,6.18,19.68,34.77,66.5,9.22,877.4,76.53,78.77,44.64,38.64,0
2026-04-02T12:14:42,IMM-04,MD-C03,ABS,DAY,27.04,63.89,0.119,208.25,213.35,217.2,72.41,103.22,59.88,69.88,3.76,1.107,5.78,19.53,35.62,79,8.32,865,79.4,86.3,48.35,49.72,0
2026-04-02T12:15:24,IMM-02,MD-B07,PP-GF20,DAY,25.67,43.18,0.198,223.69,233.36,240.41,67.4,98.51,58.44,77.02,3.24,1.123,7.99,17.42,35.14,89.7,10.43,849,74.13,70.9,41.6,46.88,0
2026-04-02T12:16:06,IMM-04,MD-B07,PA6-GF30,EVENING,27.49,29.02,0.146,235.16,245.5,251.94,78.06,99.99,60.94,69.88,4.47,1.377,7.68,18,36.1,87.6,8.17,791,79.02,98.81,41,45.03,0
2026-04-02T12:16:48,IMM-04,MD-C03,PP-GF20,EVENING,22.43,56.95,0.127,219.65,225.51,233.48,69.79,100.65,58.69,60.09,4.52,1.234,7.2,21.07,38.51,95.3,8.03,824.3,82.26,100.04,49.01,37.47,0
2026-04-02T12:17:30,IMM-04,MD-A12,PP-GF20,NIGHT,19.37,41.6,0.105,212.79,218.26,224.6,68.05,92.49,52,63.26,5.42,1.206,7.9,17.69,35.16,78.9,7.48,810,67.18,86.3,52.81,46.54,0
2026-04-02T12:18:12,IMM-02,MD-B07,ABS,EVENING,22.55,34.33,0.108,207.91,213.84,217.61,75.91,99.68,58.95,85.02,3.93,1.227,8.71,17.81,35.1,82.4,9.14,802.7,74.32,92.53,41.97,41.63,0
2026-04-02T12:18:54,IMM-02,MD-C03,PA6-GF30,DAY,18.57,40.5,0.131,234.99,244.16,245.31,76.07,108.55,59.16,73.45,3.86,1.03,7.82,20.08,37.41,88.4,8.07,875,88.96,95.24,47.22,53.56,0
2026-04-02T12:19:36,IMM-01,MD-A12,ABS,DAY,23.14,,0.076,208.76,213.59,215.77,69.28,89.11,46.97,67.7,4.05,1.358,9.31,19.48,39.3,82.7,7.47,880.1,61.38,80.19,41.92,40.67,0
2026-04-02T12:20:18,IMM-03,MD-A12,PA6-GF30,EVENING,16.98,39.48,0.143,219.78,224.87,232.5,76.42,107.68,63.26,63.33,3.88,1.153,7.18,17.93,33.58,86.6,8.53,810.8,76.78,94.87,47.87,42.27,0
2026-04-02T12:21:00,IMM-01,MD-C03,ABS,DAY,19.4,39.47,0.184,207.5,218.38,223.59,66.03,92.31,53.17,79.53,4.76,1.29,9.57,17.9,37.3,98.5,9.51,880,69.77,86.56,44.92,39.69,0
2026-04-02T12:21:42,IMM-04,MD-C03,PA6-GF30,EVENING,23.35,30.15,0.083,235.15,240.67,247.15,80.57,103.32,67.18,68.11,3.76,1.372,8.32,19.6,37.8,77.3,9.56,842,89.56,117.6,47.33,51.52,0
2026-04-02T12:22:24,IMM-01,MD-B07,ABS,DAY,20.46,49.18,0.122,211.59,220.23,226.83,64.01,97.77,57.59,74.95,4.62,1.278,6.95,16.84,33.54,83.9,8.16,836.5,78.12,98.88,41.15,42.16,0
2026-04-02T12:23:06,IMM-04,MD-A12,PP-GF20,EVENING,22.65,52.39,0.125,211.93,220.74,226.11,69.54,95.43,51.54,72.91,3.28,1.064,7.87,18.98,36.28,78.7,8.32,885.6,68.69,80.62,45.27,47.58,0
2026-04-02T12:23:48,IMM-04,MD-C03,PA6-GF30,EVENING,26.26,49.94,0.236,231.47,240.15,245.19,80.51,102.56,59.04,76.7,3.34,1.413,7.77,18.66,36.12,82.8,7.87,839.6,80.27,112.48,44.88,49.24,1
2026-04-02T12:24:30,IMM-04,MD-C03,PA6-GF30,EVENING,25.06,41.82,0.109,224.47,228.99,237.88,77.28,99,61.56,78.73,3.19,1.336,9.24,19.94,39.28,91.3,9.08,865.3,73.13,99,50.95,52.56,0
2026-04-02T12:25:12,IMM-02,MD-B07,PP-GF20,DAY,27.99,42.09,0.057,218.29,227.66,232.39,68.18,86.87,48.51,71.43,2.06,1.114,8.53,18.93,36.41,87.4,6.97,855,67.1,76.44,46.72,45.25,1
2026-04-02T12:25:54,IMM-03,MD-A12,PA6-GF30,DAY,20.76,51.5,0.123,230.13,238.64,245.99,78.53,100.59,60.58,87.46,4.8,1.247,8.41,18.39,36.35,79.8,9.2,751.6,89.65,117.28,42.5,52.98,0
2026-04-02T12:26:36,IMM-01,MD-B07,ABS,EVENING,29.36,43.68,0.063,211.62,221.79,225.77,71.28,91.92,50.47,73.32,3.44,1.11,7.67,16.27,34.37,93.9,7.43,807,74.64,75.82,39.16,41.56,0
2026-04-02T12:27:18,IMM-03,MD-A12,ABS,DAY,30.75,56.53,0.07,205.34,212.66,216.27,69.77,104.87,68.93,80.13,3.73,0.944,7.07,17.4,34.99,77.7,6.73,780,75.58,66.83,47.36,41.99,0
2026-04-02T12:28:00,IMM-03,MD-B07,PP-GF20,DAY,21.58,49.48,0.163,211.99,220.11,224.86,73.22,100.77,59.21,74.79,3.15,1.199,6.58,16.85,32.22,89.6,9.36,803.7,72.73,91.84,44.01,42.13,0
2026-04-02T12:28:42,IMM-02,MD-A12,PP-GF20,EVENING,25.19,57.78,0.159,215.05,217.37,221.47,63.76,86.67,49.63,68.14,3.59,1.117,7.58,16.3,33.59,83.1,8.25,843.2,69.37,78.76,43.67,44.06,1
2026-04-02T12:29:24,IMM-04,MD-B07,PP-GF20,DAY,27.75,82,0.094,211.42,223.84,229.02,73.48,83.31,49.09,81.75,3.63,1.186,7.86,14.85,32.34,72.3,8.81,810.1,59.9,84.45,49.69,42.05,0
2026-04-02T12:30:06,IMM-01,MD-C03,PA6-GF30,EVENING,33.24,42.28,0.14,233.36,244.16,247.97,78.26,102.17,60.02,68.12,4.6,1.331,7.34,17.95,34.07,80.9,8.02,848.4,69.94,98.07,42.62,53.38,0
2026-04-02T12:30:48,IMM-01,MD-A12,ABS,DAY,22.63,66.02,0.022,197.53,202.64,205.38,67.58,99.67,55.82,65.71,5.25,1.281,6.6,15.92,32.64,75.1,7.76,776.8,78.32,88.59,43.46,50.14,0
2026-04-02T12:31:30,IMM-01,MD-B07,PP-GF20,DAY,21.19,40,0.119,215.46,224.58,231.68,75.49,88.26,50.29,74.55,4.57,1.285,9.22,20.26,41,62.7,7.89,801.9,69.63,89.19,42.21,48.01,0
2026-04-02T12:32:12,IMM-04,MD-A12,PA6-GF30,EVENING,23.69,47.78,0.124,224.2,230.04,234.35,75.17,100.36,56.5,77.23,2.11,1.293,8.44,18.5,37.12,66.5,6.36,752.5,79,104.22,47.49,49.93,0
2026-04-02T12:32:54,IMM-03,MD-A12,ABS,DAY,26.02,57.45,0.083,211.31,218.44,226.58,66.63,96.4,57.44,70.72,4.37,1.109,8.12,16.6,33.62,78.4,8.6,789.6,69.38,80.88,42.59,49.02,0
2026-04-02T12:33:36,IMM-04,MD-C03,PP-GF20,DAY,30.58,54.76,0.069,214.02,219.18,222.79,63.73,96.41,52.82,86.32,5.62,1.263,7.31,19.94,37.42,81.4,5.92,816.4,74.48,101.28,45.24,40.48,0
2026-04-02T12:34:18,IMM-02,MD-B07,PA6-GF30,DAY,26.9,69.24,0.219,226.12,235.25,240.32,73.3,102.39,67.15,70.89,3.25,1.29,8.28,18.3,36.83,67.9,8.75,890.3,81.04,106.56,45.81,49.8,0
2026-04-02T12:35:00,IMM-04,MD-A12,PA6-GF30,EVENING,25.11,51.07,0.13,235.57,239.95,247.79,77.71,102.52,61.47,88.82,3.89,1.135,7.46,18.3,35.32,74.7,8.84,803.3,78.52,84.92,45.14,47.8,0
2026-04-02T12:35:42,IMM-01,MD-A12,PP-GF20,EVENING,28.64,47.33,0.196,222.64,227.67,230.22,63.95,77.86,49.4,73.24,5.29,1.097,8.12,17.98,35.87,94.7,8.63,800.4,57.01,58.37,47.35,41.77,1
2026-04-02T12:36:24,IMM-03,MD-C03,PP-GF20,DAY,28.39,39.72,0.098,218.33,227.09,231.75,73.41,100.91,59.02,82.85,4.29,1.268,7.33,18.13,34.63,82.8,9.37,873.2,74.61,92.85,45.54,41.53,0
2026-04-02T12:37:06,IMM-04,MD-B07,PP-GF20,EVENING,22.13,,0.136,205.95,213.39,218,71.7,101.35,57.99,77.9,2.43,1.266,7.98,16.43,34.79,81,10.58,853.4,79.95,102.03,47.47,33.94,0
2026-04-02T12:37:48,IMM-01,MD-C03,ABS,NIGHT,27.01,33,0.11,216.4,224.51,228.94,63.34,102.02,60.11,71.04,4.55,1.204,7.79,20.28,37.2,84.8,8.54,879.8,76.07,90.73,53.46,37.79,0
2026-04-02T12:38:30,IMM-01,MD-C03,PP-GF20,EVENING,24.48,52.91,0.101,220.68,224.9,231.46,68.4,90.76,55.6,59.47,4.17,1.121,8.27,16.39,35.79,93.7,6.97,879.6,69.19,82.83,47.53,41.57,0
2026-04-02T12:39:12,IMM-01,MD-C03,ABS,DAY,23.49,51.3,0.081,209.31,217.34,223.17,74.73,99.91,61.79,62.79,5.76,1.326,7.64,17.16,34.08,76.2,7.9,878.2,82.5,113.96,49.61,43.48,0
2026-04-02T12:39:54,IMM-04,MD-C03,ABS,EVENING,26.44,37.73,0.088,200.5,207.12,209.7,62.35,98.97,64.27,76.84,1.74,1.391,8.03,16.33,33.83,73.9,8.69,837.1,74.14,105.21,47.56,41.88,0
2026-04-02T12:40:36,IMM-04,MD-C03,ABS,DAY,27.04,41.3,0.045,213.55,222.64,227.09,68.03,100.48,63.47,67.89,3.08,1.269,7.78,16.23,33.78,85.6,7.35,860.2,76.78,92.02,45.83,41.82,0
2026-04-02T12:41:18,IMM-02,MD-A12,PP-GF20,EVENING,30.09,62.25,0.148,213.14,218.1,224.91,69.94,99.82,60.57,76.18,3.28,1.085,8.81,18.35,36.91,96.8,8.18,792.7,75.92,81.57,42.73,36.99,1
2026-04-02T12:42:00,IMM-03,MD-A12,PP-GF20,DAY,22.09,56.32,0.086,212.96,217.74,222.04,70.45,95.66,51.74,79.15,3.22,1.251,7.44,18.65,35.52,76.3,8.7,835,67.79,84.34,47.21,31.3,0
2026-04-02T12:42:42,IMM-01,MD-B07,PA6-GF30,DAY,27.73,33.43,0.15,226.78,232.88,235.56,74.61,100.57,58.14,60.88,3.3,1.092,7.16,19.49,36.31,67.4,10.59,836.2,75.65,76.71,44.5,51.36,0
2026-04-02T12:43:24,IMM-04,MD-C03,ABS,DAY,25.24,51.86,0.02,213.81,228.27,234.18,64.28,99.03,53.4,70.8,3.22,1.243,7.51,16.7,33.59,90.2,8.64,809.8,74.87,98.47,44.5,41.72,0
2026-04-02T12:44:06,IMM-01,MD-B07,PA6-GF30,NIGHT,19.51,49.24,0.1,228.95,237.46,244.52,72.07,112.41,62.23,74.41,4.01,1.079,8.42,18.97,36.71,92.5,7.37,770.4,82.32,91.24,45.66,50.05,0
2026-04-02T12:44:48,IMM-04,MD-A12,ABS,EVENING,25.59,25.43,0.126,209.95,215.54,219.87,65.09,100.11,59.01,74.91,3.67,1.125,7.88,16.6,33.69,83.9,10.16,823.8,79.69,93.41,48.49,41.55,0
2026-04-02T12:45:30,IMM-01,MD-B07,ABS,EVENING,24.07,52.56,0.201,214.76,222.21,225.42,75.49,97.23,56.02,65.57,3.87,1.287,8.28,15.65,32.95,77.5,9.64,823.2,74.66,96.17,42.59,45.8,0
2026-04-02T12:46:12,IMM-04,MD-A12,PA6-GF30,EVENING,24.47,59.81,0.122,229.19,237.12,241.55,68.59,104.49,62.01,68.49,3.84,1.268,6.58,17.24,33.99,86.2,8.71,820.9,78.77,102.62,45.09,50.42,0
2026-04-02T12:46:54,IMM-04,MD-B07,ABS,DAY,24.64,31.61,0.069,210.1,220.06,224.6,73.73,100.66,58.89,84.21,4.83,1.174,7.22,20.88,38.91,89.5,9.99,830,81.08,102.45,46.58,46.4,0
2026-04-02T12:47:36,IMM-02,MD-B07,PP-GF20,DAY,28.24,45.36,0.124,210.33,220.79,223.62,69.61,99.33,56.59,70.3,4.14,1.066,8.02,17.9,35.7,92.1,7.25,807,73.2,76.07,46.04,42.4,0
2026-04-02T12:48:18,IMM-03,MD-A12,PP-GF20,EVENING,20.18,42.46,0.123,212.37,218.77,225.16,67.6,96.11,56.3,75.99,5.17,1.085,8.03,18.01,34.86,82.1,8.35,765.3,74.66,78.92,40.83,42.62,0
2026-04-02T12:49:00,IMM-04,MD-B07,ABS,EVENING,28.75,55.25,0.181,213.13,216.1,223.43,70.44,95.39,55.37,67.38,4.21,1.515,9.26,16.85,34.75,80.1,6.73,818.9,70.61,118,46.23,44.5,0
2026-04-02T12:49:42,IMM-02,MD-A12,PP-GF20,NIGHT,27.05,48.16,0.137,208.09,218.37,222.17,70.59,90.15,50.48,64.59,2.74,1.357,7,19.98,37.41,66.1,8.12,845.3,60.94,86.25,49.59,44.41,0
2026-04-02T12:50:24,IMM-03,MD-B07,ABS,EVENING,22.69,44.71,0.045,198.28,205.35,212.96,73.02,108.7,63.9,77.86,4.18,1.189,7.25,18.82,36.13,82.7,7.11,787.4,84.31,106.5,51,43.43,0
2026-04-02T12:51:06,IMM-03,MD-A12,ABS,NIGHT,23.96,59.16,0.067,209.17,219.9,225.15,71.39,96.87,57.95,80.8,4.95,1.035,9.25,17.14,36.59,85.3,7.4,811.5,74.88,79.24,45.88,50.93,0
2026-04-02T12:51:48,IMM-02,MD-B07,ABS,DAY,21.73,45.1,0.163,207.85,215.03,219.1,66.65,103.16,62.46,65.86,4.76,1.092,8.39,15.59,34.81,75.8,8.02,843.7,77.8,90.18,38.45,46.1,0
2026-04-02T12:52:30,IMM-04,MD-A12,PP-GF20,NIGHT,25.58,56.35,0.063,214.94,224.54,227.59,72.63,93.23,56.38,76.04,4.03,1.17,6.91,14.51,30.98,70.7,9.22,856.9,63.24,76.12,44.83,43.38,0
2026-04-02T12:53:12,IMM-03,MD-B07,PP-GF20,EVENING,22.37,55.12,0.12,213.02,216.63,218.72,63.57,99.56,57.62,64.56,4.29,1.238,7.69,15.46,33.21,78.2,8.79,790.1,69.39,94.67,47.31,44.99,0
2026-04-02T12:53:54,IMM-04,MD-B07,PP-GF20,NIGHT,27.5,64.06,0.131,216.49,228.13,234.81,68,85.03,51.08,77.07,4.74,1.111,8.7,17.98,37.32,93.8,8.54,785.2,66.58,73.39,50.63,48.4,1
2026-04-02T12:54:36,IMM-02,MD-B07,ABS,EVENING,33.28,42.19,0.144,221.79,225.47,236.04,76.13,93.38,55.57,62.45,3.68,1.171,6.25,17.03,33.03,91.7,6.71,824.3,74.67,92.93,48.01,49.03,0
2026-04-02T12:55:18,IMM-02,MD-B07,PA6-GF30,DAY,21.69,39.62,0.167,231.94,241.15,245.83,79.29,96.95,56.07,73.54,3.83,1.123,9.56,16.74,36.04,74,6.85,740.8,77.99,88.85,43.81,54.83,0
2026-04-02T12:56:00,IMM-01,MD-A12,PP-GF20,EVENING,23.28,48.97,0.124,211.08,217.18,222.98,63.96,96.22,54.77,77,4.35,1.23,6.51,17.55,34.43,77.9,9.35,844.5,78.33,91.55,45.14,43.4,0
2026-04-02T12:56:42,IMM-02,MD-C03,PP-GF20,EVENING,25.7,50.41,0.13,214.9,226.13,232.08,69.99,86.05,54.11,69.22,5.35,1.158,7.71,18.05,34.7,83.3,9.52,845.3,70.2,83.7,45.5,41.99,0
2026-04-02T12:57:24,IMM-03,MD-A12,PP-GF20,NIGHT,25.85,41.51,0.135,206.72,213.16,220.01,66.21,98.83,60,73.79,4.56,1.266,6.7,14.77,32.08,75.1,10.09,837.8,70.07,81.24,51.73,45.56,0
2026-04-02T12:58:06,IMM-02,MD-B07,ABS,NIGHT,26.39,54.99,0.124,208.88,217.97,221.02,68.17,99.95,58.86,71.44,5.97,1.203,7.69,17.73,35.64,78.6,8.28,822.8,73.03,89.15,49.92,43.03,0
2026-04-02T12:58:48,IMM-04,MD-C03,ABS,DAY,28.64,57.73,0.122,210.96,216.6,220.9,62.73,97.26,56.05,77,3.33,1.222,8.74,19.42,39.58,87.9,7.66,870.4,74.47,87.86,46.1,49.5,0
2026-04-02T12:59:30,IMM-01,MD-C03,PP-GF20,DAY,29.25,53.79,0.181,204.16,216.29,221.3,67.14,83.56,47.96,84.56,2.95,1.206,8.83,20.58,40.08,73.9,7.88,894.8,,76.17,51.4,42.37,0
2026-04-02T13:00:12,IMM-02,MD-B07,ABS,DAY,23.65,58.24,0.184,215.18,225.27,232.47,65.34,93.77,55.39,69.39,4.58,0.995,7.75,17.13,33.38,69.5,9.08,820.3,79,83.31,46.58,45.21,1
2026-04-02T13:00:54,IMM-04,MD-B07,ABS,DAY,23.94,63.87,0.093,203.97,212.04,218.45,67.98,93.67,56.82,70.38,3.07,0.967,6.77,18.56,35.02,76.6,8.07,789.7,69.97,63.01,49.59,38.66,0
2026-04-02T13:01:36,IMM-03,MD-C03,ABS,EVENING,23,55.15,0.131,205.8,213.48,214.35,74.18,100.69,59.89,75.61,3.63,1.083,8.01,20.67,38.38,92.3,11.4,873.2,72.72,73.96,41.14,47.64,0
2026-04-02T13:02:18,IMM-02,MD-A12,PA6-GF30,DAY,21.66,34.88,0.126,226.98,233.28,240.19,74.08,101.85,59.23,78.73,4.24,1.177,7.54,18.44,36.59,68.6,7.29,823.7,79.37,89.45,42.25,55.27,0
2026-04-02T13:03:00,IMM-02,MD-B07,PA6-GF30,EVENING,20.69,34.62,0.201,219.48,226.4,231.63,77.32,105.89,60.43,56.87,3.9,1.051,8.05,20.26,38.5,87.4,8.92,822.7,78.23,91.62,51.29,53.31,0
2026-04-02T13:03:42,IMM-04,MD-A12,PP-GF20,DAY,28.27,47.85,0.169,210.23,217.3,223.65,66.32,83.07,45.49,70.34,4.94,1.3,7.67,18.82,35.57,91.2,7.17,855,59.34,85.62,48.18,40.17,0
2026-04-02T13:04:24,IMM-04,MD-A12,PA6-GF30,NIGHT,32,34.7,0.108,237.66,246.14,253.74,76.44,96.6,56,76.53,4.07,1.254,8.06,19.54,37.44,74.8,7.45,815,74.74,92.7,47.9,49.59,0
2026-04-02T13:05:06,IMM-02,MD-B07,ABS,NIGHT,28.18,57.02,0.048,211.74,220.46,226.07,69.2,94.11,52.55,61.57,4.53,1.242,8.82,18.67,37.76,97.5,8.83,815.5,72.43,90.65,47.35,44.26,0
2026-04-02T13:05:48,IMM-02,MD-A12,PA6-GF30,DAY,28.3,46.73,0.19,231.73,236.78,243.15,74.14,93.4,52.78,75.51,3.26,1.102,8.64,18.21,36.77,90.5,10.32,821.7,67.48,74.48,37.96,44.93,0
2026-04-02T13:06:30,IMM-04,MD-A12,PA6-GF30,EVENING,23.64,57.35,0.251,230.95,234.91,238.61,79.05,101.78,62.03,72.42,5.42,1.104,7.13,21.31,38,66,10.3,794.4,75.34,85.63,46.65,47.97,1
2026-04-02T13:07:12,IMM-01,MD-A12,PA6-GF30,DAY,29.02,29.02,0.153,233.65,237.36,240.87,77.86,107.73,61.78,72.54,2.82,1.189,7.12,16.84,33.09,89.8,10.36,881.6,78.4,94.99,50.61,49.55,0
2026-04-02T13:07:54,IMM-01,MD-B07,ABS,EVENING,18.4,64.92,0.062,215.75,221.48,228.01,70.12,100.6,55.82,66.88,5.36,1.372,6.86,18.69,35.61,81.3,7.99,801.4,76.45,104.65,45.63,45.45,1
2026-04-02T13:08:36,IMM-04,MD-A12,PA6-GF30,EVENING,27,47.64,0.175,231.3,242.05,247.13,75.57,103.75,57.82,87.04,3.83,1.041,7.54,20.32,35.53,74.2,7.19,813.6,76.47,79.76,47.74,52.7,0
2026-04-02T13:09:18,IMM-03,MD-C03,PP-GF20,NIGHT,25.78,54.54,0.118,208.26,218.33,222.62,71.59,93.84,54.05,75.99,3.9,1.345,7.71,18.36,34.12,69.4,9.52,841.9,74.22,99.73,51.14,50.57,0
2026-04-02T13:10:00,IMM-01,MD-A12,ABS,DAY,20.08,48.95,0.116,212.13,219.74,228.46,67.62,82.78,46.16,75.13,4.11,1.295,8.23,19.22,36.6,66.5,6.29,873.3,69.41,92.72,41.4,48.13,1
2026-04-02T13:10:42,IMM-01,MD-C03,ABS,EVENING,20.76,32.47,0.091,213.37,219.12,223.31,73.43,99.1,52.58,72,4.47,1.29,7.64,18.3,34.89,84.4,8.04,859.6,69.78,86.59,47.75,40.34,0
2026-04-02T13:11:24,IMM-02,MD-B07,ABS,DAY,24.9,,0.183,206.58,219.53,226.75,67.83,89.15,50.92,75.21,3.5,1.192,7.72,19.86,37.72,79.2,8.68,803.7,65.25,77.46,43.4,40.61,0
2026-04-02T13:12:06,IMM-01,MD-C03,ABS,EVENING,25.9,45.82,0.098,208.66,217.45,224.49,69.21,98.4,63.41,78.66,3.57,1.259,8.52,19.47,37.47,77.8,7.45,823.6,75.9,99.12,44.81,42.51,0
2026-04-02T13:12:48,IMM-03,MD-A12,PP-GF20,DAY,26.31,33.24,0.099,206.93,211.88,218.62,64.29,94.59,53.63,74.13,4.31,1.297,8.14,19.78,37.26,85.3,9.43,833.2,74.02,88.83,48.01,51.99,0
2026-04-02T13:13:30,IMM-04,MD-B07,PP-GF20,DAY,25.34,36.41,0.18,219.92,231.64,237.67,64.83,92.24,55.97,83.21,4.91,1.162,7.26,15.75,33.73,87.6,9.14,818.2,64.5,71.19,46.68,41.42,0
2026-04-02T13:14:12,IMM-04,MD-C03,ABS,DAY,26.03,37.63,0.24,213.89,225.97,229.48,68.78,98.22,58.6,65.26,2.99,1.392,8.57,20.13,38.73,70.5,8.13,812.1,75.69,104.69,46.7,41.9,0
2026-04-02T13:14:54,IMM-04,MD-C03,PP-GF20,EVENING,27.89,59.1,0.071,218.09,224.16,226.94,65.08,100.85,56.81,78.48,3.33,1.147,8.02,20.71,37.72,70.9,7.94,870.2,73.23,83.75,46.76,39.3,0
2026-04-02T13:15:36,IMM-02,MD-A12,PA6-GF30,DAY,24.42,53.81,0.149,230.17,237.53,241.82,81.72,122.85,69.22,80.49,3.48,1.117,8.92,21.83,39.04,96.5,8.31,787.8,97.4,117.48,51.42,47.42,1
2026-04-02T13:16:18,IMM-01,MD-B07,PA6-GF30,NIGHT,21.18,38.53,0.21,228.66,236.04,238.73,69.23,97.75,57.62,72.92,3.44,1.393,8,17.52,35.69,91.6,8.68,849.2,73.66,106.26,35.36,56.29,1
2026-04-02T13:17:00,IMM-02,MD-B07,PA6-GF30,NIGHT,24.73,59.32,,225.77,232.86,238.93,77.42,95.5,52.6,78.96,4.13,1.172,6.85,18.87,36.32,75.9,9.79,794.5,73.51,81.46,42.44,46.45,1
2026-04-02T13:17:42,IMM-01,MD-B07,PP-GF20,EVENING,31.8,58.42,0.218,211.43,219.47,223.22,76.56,87.33,47.95,69.74,4.36,1.31,8.72,16.49,35.47,88.2,10.17,836,73.47,105.63,44.32,44.11,1
2026-04-02T13:18:24,IMM-01,MD-C03,PA6-GF30,DAY,23.86,45.34,0.194,225.61,228.29,237.05,86.67,110.48,67.34,77.33,4.95,1.306,8.31,19.4,37.59,88.3,8.17,849.9,86.91,114.24,47.11,50.2,0
2026-04-02T13:19:06,IMM-01,MD-A12,PA6-GF30,NIGHT,24.94,59.55,0.201,235.73,242.74,248.56,77.75,104.18,59.69,69.67,5.35,1.272,8.21,17.27,35.69,78.9,7.82,839,81.87,103.46,44.72,49.36,0
2026-04-02T13:19:48,IMM-03,MD-A12,PP-GF20,EVENING,18.66,58.12,0.129,208.04,212.06,214.64,61.55,104.59,59.13,71.21,4.59,1.036,7.07,17.17,34.87,89.2,7.95,827.5,73.62,75.18,43.14,47.12,0
2026-04-02T13:20:30,IMM-03,MD-A12,PP-GF20,DAY,26.62,39.36,0.058,212.98,221.92,227.28,63.05,99.38,59.77,79.66,3.95,1.194,8.14,17.89,36.51,81,9.91,763.8,76.24,94.92,42.09,47.9,0
2026-04-02T13:21:12,IMM-04,MD-B07,PP-GF20,DAY,23.32,40.5,0.126,204.97,212.03,219.89,70.14,104.66,61.76,71.85,3.09,1.241,6.4,17.56,34.66,79.1,8.61,823,76.58,106.2,46.93,42.1,1
2026-04-02T13:21:54,IMM-01,MD-C03,ABS,DAY,18.28,52.65,0.133,222.57,231.59,231.9,66.5,97.19,56.27,65.53,5.26,1.469,6.96,17.89,35.18,79,9.52,865.8,70.78,98.83,46.25,39.84,0
2026-04-02T13:22:36,IMM-02,MD-B07,PA6-GF30,DAY,21.54,47.75,0.162,225.54,232.34,237.69,79.14,112.1,64.5,80.06,4.9,1.237,6.87,16.96,33.38,85.4,8.29,774.9,86.21,111.42,45.8,46.41,1
2026-04-02T13:23:18,IMM-02,MD-B07,PP-GF20,DAY,18.21,52.69,0.101,208.21,217.09,218.35,65.14,93.84,56.56,72.99,4.81,0.965,8.34,17.45,34.48,77.6,9.07,803.4,75.17,68.68,41.95,45.54,0
2026-04-02T13:24:00,IMM-03,MD-A12,PA6-GF30,DAY,26.38,47.3,0.217,224.17,230.71,233.02,78.2,102.46,57.56,63.32,3.71,1.21,6.47,16.34,32.78,80.8,6.93,809.8,72.63,84.93,50.29,45.25,0
2026-04-02T13:24:42,IMM-01,MD-C03,ABS,DAY,27.71,48.55,0.179,208.44,214.36,219.79,70.09,97.14,60.59,68.68,4.14,1.105,7.39,18.91,35,75.3,9.38,840.6,79.02,91.12,45.06,32.37,0
2026-04-02T13:25:24,IMM-03,MD-A12,PA6-GF30,DAY,24.52,46.37,0.156,242.12,248.49,255.96,72.59,103.77,60.64,80.78,3.98,1.112,6.89,18.15,35.43,94.6,8.33,823.3,82.29,87.26,41.89,45.61,0
2026-04-02T13:26:06,IMM-04,MD-A12,ABS,DAY,21.9,46.02,0.139,206.61,212.84,218.45,66.35,90.07,55.85,77.86,3.13,1.285,9.04,16.42,35.12,86.8,10.75,823.3,71.3,91.78,48.61,46.92,0
2026-04-02T13:26:48,IMM-01,MD-C03,ABS,NIGHT,19.56,54.2,0.092,213.02,219.53,225.59,67.43,95.66,56.58,73.5,4.67,1.329,7.14,17.79,34.49,86.3,9.1,846,73.16,100.83,44.38,47.07,0
2026-04-02T13:27:30,IMM-01,MD-A12,PA6-GF30,DAY,19.28,35.58,0.152,232.19,236.88,242.18,75.14,95.84,56.83,64.13,4.43,1.021,8.19,17.52,36.1,85,9.46,787.8,73.62,78.44,48.44,42.12,0
2026-04-02T13:28:12,IMM-03,MD-B07,PP-GF20,EVENING,26.5,51.92,0.088,217.48,224.71,230.78,63.28,84.57,49.47,79.05,3.81,1.064,7.29,18.29,36.14,86,7.73,818.3,61.87,64.03,48.05,34.9,0
2026-04-02T13:28:54,IMM-04,MD-C03,PP-GF20,DAY,22.25,63.74,0.097,202.14,205,208.88,63.81,96.19,61.52,73.2,4.68,1.28,7.45,20.27,37.08,82.8,8.66,859.8,71.19,84.74,47.43,42.61,0
2026-04-02T13:29:36,IMM-03,MD-B07,PA6-GF30,EVENING,17.78,53.14,0.242,237.52,248.35,252.94,76.91,107.82,62.82,55.25,2.67,0.988,8.45,18.95,38.6,91.5,7.72,857.5,79.48,75.24,48.38,46.99,0
2026-04-02T13:30:18,IMM-03,MD-B07,PP-GF20,NIGHT,19.58,33.39,0.092,214.28,219.39,225.45,65.56,96.21,54.95,83.4,4.89,1.138,8.34,19.64,37.16,85.9,7.64,789.1,69.23,83.69,42.98,34.04,0
2026-04-02T13:31:00,IMM-02,MD-A12,ABS,DAY,23.39,52.43,0.192,214.28,223.35,230.98,61.43,97.07,54.17,71.61,3.2,1.201,7.8,15.11,32.57,71.2,8.9,770.4,70.42,83.66,46.58,45.16,1
2026-04-02T13:31:42,IMM-03,MD-C03,PP-GF20,DAY,20.97,46.98,0.068,211.49,219.49,223.89,71.68,100.11,53.93,68.98,4.13,1.327,6.15,20.32,35.75,79.6,7.39,835.4,79.1,106.77,48.48,49.48,0
2026-04-02T13:32:24,IMM-04,MD-B07,ABS,EVENING,28.64,71.32,0.146,214.46,219.01,224.99,70.34,100.57,55.44,64.71,3.59,1.264,7.94,19.73,36.51,88.2,8.81,799.5,74.95,98.02,46.3,39.29,1
2026-04-02T13:33:06,IMM-04,MD-B07,PP-GF20,NIGHT,30.66,38.55,0.155,215.5,222.51,233.17,70.74,86.95,48.07,86.59,5.74,1.078,6.74,18.57,35.68,73,7.35,811.9,62.22,70.19,43.95,45.61,0
2026-04-02T13:33:48,IMM-02,MD-A12,ABS,NIGHT,22.96,55.95,0.179,215.96,224.72,229.81,68.2,87.17,51.59,57.67,2.96,1.393,7.06,19.4,37.53,86.1,8.72,835.9,70.12,99.61,47.29,42,0
2026-04-02T13:34:30,IMM-03,MD-C03,PP-GF20,DAY,19.96,53.27,0.092,213.43,221.22,225.9,68.12,102.67,61.95,70.81,2.31,1.279,7.13,19.73,36.15,77.7,8.9,815.6,86.79,112.52,42.31,51.5,1
2026-04-02T13:35:12,IMM-01,MD-B07,PA6-GF30,EVENING,22.53,52.58,0.125,235.12,243.57,246.77,79.61,92.36,50.96,69.77,4.05,1.223,8.17,17.21,36.04,75.3,8.49,832.1,68.79,85.58,38.75,56.61,1
2026-04-02T13:35:54,IMM-02,MD-C03,PP-GF20,DAY,27.56,56.41,0.14,209.83,216.08,221.24,75.27,110,68.85,72.56,3.4,1.237,7.89,19.94,37.02,76.2,6.37,870.2,88.02,103.18,41.59,43.01,1
2026-04-02T13:36:36,IMM-03,MD-A12,ABS,DAY,23.35,40.54,0.096,208.68,216.17,220.92,64.91,84.08,50.29,72.02,4.89,1.223,7.66,18.9,35.9,68.7,7.37,841.7,71.53,94.28,43.78,46.76,0
2026-04-02T13:37:18,IMM-03,MD-C03,PP-GF20,EVENING,25.48,61.64,0.14,217.97,227.06,233.67,62.38,95.37,51.32,79.9,2.84,1.194,5.49,17.67,32.83,81.1,9.64,842,72.98,86.1,45.03,45.76,0
2026-04-02T13:38:00,IMM-02,MD-A12,PA6-GF30,NIGHT,23.27,36.37,,223.81,226.81,228.15,75.18,96.23,49.47,70.51,5.41,1.164,7.97,15.8,33.69,71.3,9.01,860.2,71.08,83.54,42.41,52.76,0
2026-04-02T13:38:42,IMM-03,MD-C03,PA6-GF30,NIGHT,30.35,39.63,0.187,230.62,239.14,242.12,76.37,103.86,61.53,81.84,3.6,1.276,7.08,20.14,37.37,77.8,9,872.7,84.29,103.37,44.89,50.93,0
2026-04-02T13:39:24,IMM-03,MD-B07,PA6-GF30,DAY,22.14,36.18,0.199,227.78,234.68,241.07,81.31,105.56,61.54,70.73,4.33,1.132,7.97,17.67,34.86,75.4,10.25,783,,95.03,45.77,51.62,0
2026-04-02T13:40:06,IMM-03,MD-A12,PP-GF20,EVENING,23.93,54.78,0.137,198.8,208.31,214.3,69.27,84.61,48.94,72.18,4.37,1.062,7.87,19.13,37.36,98.1,7.38,839.4,72.68,77.5,42.44,37.1,1
2026-04-02T13:40:48,IMM-03,MD-A12,ABS,DAY,24.45,38.51,0.171,214.29,225.32,227.33,72.7,91.51,53.39,76.76,3.96,1.343,7.59,17.06,34.7,75.4,9.88,870.5,75.81,102.58,45.34,44.58,0
2026-04-02T13:41:30,IMM-04,MD-A12,ABS,DAY,22.01,41.31,,205.45,211.62,217.22,72.36,95.44,55.59,74.88,4.38,1.188,8.26,13.74,32.14,91.3,9.47,801.7,72.19,86.29,47.95,46.48,0
2026-04-02T13:42:12,IMM-04,MD-B07,PA6-GF30,DAY,20.81,34.4,0.165,225.94,237.91,247.09,76.5,106.54,65.31,74.56,4.67,1.039,6.28,18.3,33.82,76.2,7.99,780,80.57,85.98,47.02,48.06,0
2026-04-02T13:42:54,IMM-03,MD-B07,PA6-GF30,NIGHT,27.04,46.25,0.205,224.15,231.56,237.6,77.06,101.85,63.9,69.61,4.57,1.174,8.65,18.94,37.24,75.1,7.49,888.8,73.26,85.01,43.59,45.91,1
2026-04-02T13:43:36,IMM-01,MD-B07,PA6-GF30,EVENING,22.81,56.47,0.169,232.06,240.6,244.89,76.18,115.03,66.17,70.74,4.45,0.922,8.38,16.18,34.11,69.1,5.62,775.2,,78.42,50.58,52.98,0
2026-04-02T13:44:18,IMM-01,MD-A12,PP-GF20,NIGHT,23.03,61.5,0.122,213.95,218.31,222.93,75.08,91.79,51.9,74.43,3.91,1.34,8.02,19.49,37.6,70.3,7.61,805.9,72.68,93.71,48.39,45.1,0
2026-04-02T13:45:00,IMM-03,MD-B07,ABS,EVENING,25.36,71.06,0.167,211.56,218.73,227.66,73.62,85.44,53.54,68.41,4.4,1.309,7.37,19.03,35.67,74,6.72,820.3,60.78,80.28,46.82,47.74,0
2026-04-02T13:45:42,IMM-03,MD-B07,PA6-GF30,EVENING,26.25,57.07,0.149,229.14,236.16,245.3,77.85,93.51,51.62,74.3,4.36,1.088,7.47,21.62,38.24,91.4,8.79,782.9,69.43,73.25,43.72,47.01,0
2026-04-02T13:46:24,IMM-01,MD-C03,PP-GF20,EVENING,28.21,46.88,0.133,218.99,223.97,229.41,64.76,94.61,52.83,70.83,3.78,1.043,8.46,16.85,35.01,79.2,9.08,870.7,70.18,74.04,43.7,43.61,0
2026-04-02T13:47:06,IMM-03,MD-A12,ABS,EVENING,24.33,63.41,0.134,213.31,217.34,224.81,69.89,98,57.87,56.72,4.03,1.244,7.76,17.93,34.75,77.4,9.52,798.3,74.91,84.63,42.18,39.04,0
2026-04-02T13:47:48,IMM-02,MD-A12,PA6-GF30,NIGHT,26.59,68.59,0.122,228.71,232.59,237.2,76.89,98.74,54.48,71.05,3.45,1.178,7.53,17.75,34.31,71.8,8.19,838.1,76.86,96.29,41.33,42.76,1
2026-04-02T13:48:30,IMM-03,MD-B07,ABS,NIGHT,20.57,58.11,0.168,206.1,212.67,217.55,68.28,103.64,59.58,75.66,3.84,1.122,7.23,19.84,36.47,80.4,6.21,829.1,78.28,92.08,53.34,41.76,0
2026-04-02T13:49:12,IMM-04,MD-A12,PP-GF20,NIGHT,27.67,58.64,0.121,208.57,216.83,219.65,68.73,89.46,54.18,78.62,4,1.29,7.51,16.67,34.1,80.4,10.05,883.7,69.43,96.27,44.73,43.72,0
2026-04-02T13:49:54,IMM-01,MD-B07,PA6-GF30,EVENING,29.28,31.9,0.167,227.48,239.8,247.59,69.74,103.36,58.93,76.87,4.36,1.206,8.38,19.07,36.73,62.9,10.28,784.8,84.14,100.06,45.22,48.48,0
2026-04-02T13:50:36,IMM-04,MD-C03,PA6-GF30,NIGHT,31.93,45.09,0.051,236.08,244.98,250.39,82.48,111.84,59.31,69.71,3.97,1.134,7,18.44,35.32,77.1,8.95,825.9,82.49,98.81,45.72,47.78,0
2026-04-02T13:51:18,IMM-02,MD-B07,ABS,DAY,24.78,53.01,0.138,206.96,217.57,221.44,67.99,84.08,44.5,72.35,3.71,1.139,7.59,18.96,37.13,92.9,8.34,839.4,63.26,63.24,41.96,48.93,1
2026-04-02T13:52:00,IMM-03,MD-B07,ABS,DAY,19.19,66.67,0.097,206.72,216.48,221.81,68.53,89.68,46.83,76.28,3.72,1.25,7.46,18.35,35.11,86.8,9.58,824.3,68.59,87.62,42.81,46.72,0
2026-04-02T13:52:42,IMM-01,MD-C03,PP-GF20,DAY,23.48,62.44,0.09,224.25,235.78,244.92,64.47,97.95,55.68,82.86,4.39,1.304,8.53,16.46,35.09,86.7,7.05,861.7,79.49,106.17,47.58,48.78,0
2026-04-02T13:53:24,IMM-03,MD-B07,ABS,EVENING,17.02,43.57,0.09,218.26,224.8,230.46,65.73,95.17,53.29,87.73,4.38,1.086,7.54,18.45,34.01,80.8,5.42,783.4,75.16,82.79,47.86,41.49,1
2026-04-02T13:54:06,IMM-02,MD-A12,PA6-GF30,DAY,20.59,45.55,0.17,232.55,237.54,243.77,76.33,107.99,63.1,66.87,3.58,1.059,8.25,16.93,34.81,96,8.48,809.4,79.48,86.4,41.91,50.1,0
2026-04-02T13:54:48,IMM-02,MD-B07,PP-GF20,DAY,27.13,59.83,0.124,211.54,218.74,223.7,66.34,88.8,51.67,77.53,3.82,1.126,8.6,18.7,37.42,79.4,7.34,823.8,72.24,77.75,42.55,52.33,0
2026-04-02T13:55:30,IMM-03,MD-B07,ABS,NIGHT,23.11,51.84,0.073,205.05,208.62,216.07,71.86,96.74,55.53,75.15,4.45,1.13,7.1,17.61,33.21,85.7,7.69,825.2,73.27,75.46,47.13,43.51,0
2026-04-02T13:56:12,IMM-01,MD-A12,ABS,NIGHT,24.85,39.26,0.107,209.55,214.41,219.47,76.67,90.83,51,66.26,2.75,1.185,6.6,15.33,31.81,82.1,7.54,874.6,74.59,84.94,47.96,44.67,0
2026-04-02T13:56:54,IMM-03,MD-C03,PP-GF20,NIGHT,26.33,39.61,0.087,210.22,218.48,226.18,75.77,96.75,54.91,73.75,4.86,1.056,7.88,21.78,38.32,74.9,7.71,866.4,79.73,86.13,41.85,46.85,0
2026-04-02T13:57:36,IMM-02,MD-A12,ABS,DAY,26.69,53.86,0.151,207.01,218.8,220.27,65.56,84.84,52.31,73.2,3.78,1.451,8,20.29,38.66,87.2,8.29,845.1,68.11,104.45,47.03,31.32,0
2026-04-02T13:58:18,IMM-04,MD-C03,PP-GF20,EVENING,25.91,64.86,0.226,219.87,224.06,226.47,72.32,95.36,53.62,63.85,3.09,1.186,7.1,18.58,35.83,75.9,8.68,873,75.06,83.97,46.21,39.99,0
2026-04-02T13:59:00,IMM-03,MD-B07,PP-GF20,EVENING,28.59,45.51,0.162,208.4,214.84,222.14,70.14,100.55,55.06,70.04,3.83,0.947,7.07,18.07,34.89,76.5,5.7,748.2,76.17,70.25,49.55,47.84,0
2026-04-02T13:59:42,IMM-04,MD-C03,ABS,DAY,21.22,42.42,0.163,215.82,226.09,228.83,67.94,94.2,53.46,85.17,3.28,0.964,7.83,20.68,38.09,73.4,9.16,827.2,81.02,77.81,47.68,44.21,0
2026-04-02T14:00:24,IMM-03,MD-A12,PP-GF20,DAY,24.55,56.2,0.093,213.46,224.83,231.15,68.67,102.45,56.84,74.37,4.41,1.111,7.74,18.37,36.67,84.5,9.26,787.1,81.42,86.06,45.55,42.49,0
2026-04-02T14:01:06,IMM-03,MD-B07,ABS,EVENING,27.18,26.93,0.06,221.11,231.8,237.51,70.33,103.03,60.4,90.79,4.86,1.258,7.92,16.24,33.79,93.8,8.53,791.8,81.85,104.35,49.34,42.36,0
2026-04-02T14:01:48,IMM-03,MD-A12,ABS,DAY,18.01,39,0.113,197.4,205.48,209.82,66.1,87.68,47.66,74.54,3.31,1.218,7.54,18.3,34.47,65.9,8.45,836.7,58.37,68.35,46.68,45.73,0
2026-04-02T14:02:30,IMM-04,MD-B07,PP-GF20,NIGHT,27.92,40.72,0.156,220.03,227.67,238.12,70.53,86.87,53.16,67.79,3.92,1.064,7.25,18.43,34.68,71.3,8.07,794.9,61.22,76.95,45.96,41.74,0
2026-04-02T14:03:12,IMM-02,MD-B07,ABS,NIGHT,22.25,54.74,0.024,207.38,212.23,218.57,70.56,87.43,48.17,71.61,4.3,1.218,7.87,18.11,36.07,76.8,8.63,781.3,63.66,66.84,48.07,44.42,0
2026-04-02T14:03:54,IMM-03,MD-C03,PP-GF20,NIGHT,26.75,64.02,0.148,212.36,220.75,222.54,72.42,96.49,58.25,65.05,3.36,1.284,7.87,19.35,36.75,81.5,8.81,844.7,73.47,92.97,48.88,38.23,0
2026-04-02T14:04:36,IMM-02,MD-C03,ABS,EVENING,19.51,48.64,0.036,218.44,225.03,230.58,62.87,94.85,54.87,83.26,5.11,1.108,8.44,17.96,36.93,102,7.48,871,75.09,82.92,51.47,32.35,0
2026-04-02T14:05:18,IMM-03,MD-A12,PA6-GF30,EVENING,22.85,56.75,0.137,224.13,229.76,240.2,81.71,102.06,61.46,81.76,3.89,1.241,8.12,18.15,35.13,84.1,7.25,821.3,73.17,97.05,43.88,49.82,0
2026-04-02T14:06:00,IMM-01,MD-A12,ABS,DAY,27.53,38.6,0.14,206.19,218.58,222.51,67.27,93.1,60.12,69.78,3.04,1.211,7.98,17.38,34.48,74.4,8.19,777.5,70,80.91,48.87,48.54,0
2026-04-02T14:06:42,IMM-04,MD-B07,ABS,EVENING,28.73,39.49,0.151,209.29,216.62,221.47,70.87,89.65,47.91,67.49,4.6,0.99,9.52,16.85,37.97,89.8,9.68,771.7,66.24,58.16,45.7,45.7,0
2026-04-02T14:07:24,IMM-03,MD-A12,PP-GF20,DAY,32.93,55.57,0.097,209.53,213.92,218.05,70.94,96.4,57.87,70.44,5.58,1.065,8.69,21.55,41.05,74.2,8.34,903.9,72.19,64.99,42.27,46.97,0
2026-04-02T14:08:06,IMM-03,MD-C03,PP-GF20,EVENING,19.91,46.72,0.186,221.98,230.81,235.42,65.14,102.28,59.2,75.28,4.36,1.336,9.61,16.61,35.77,84.2,10.31,889.3,76.46,96.12,44.34,34.15,0
2026-04-02T14:08:48,IMM-04,MD-A12,ABS,DAY,18.92,31.39,0.137,207.36,213.57,219.49,65.86,109.02,59.56,74.86,4.45,1.168,6.58,18.6,36,76.2,8.18,830.2,84.55,90.09,47.34,44.07,0
2026-04-02T14:09:30,IMM-03,MD-A12,PP-GF20,DAY,23.2,38.78,0.037,221.09,231.02,236.28,70.27,97.92,60.36,77.69,3.83,1.154,7.64,19.26,36.4,87.7,8.35,800.9,74.51,83.59,46.09,48.86,0
2026-04-02T14:10:12,IMM-03,MD-B07,PA6-GF30,NIGHT,27.2,45.95,0.072,227.57,234.73,240.56,80.92,106.68,60.89,64.23,3.63,1.177,9.06,18.09,37.03,63.5,7.21,796.9,87.1,105.18,45.73,44.56,0
2026-04-02T14:10:54,IMM-02,MD-A12,PP-GF20,EVENING,16.66,61.07,0.17,209.5,219.82,227.75,62.19,90.33,48.64,65.25,3.17,1.085,6.63,18.55,34.48,70.5,8.66,861.5,67.88,75.54,48.16,35.6,1
2026-04-02T14:11:36,IMM-02,MD-B07,ABS,EVENING,19.73,51.86,0.134,210.01,221.82,229.99,72.71,92.51,54.93,72.74,4.44,1.025,8.15,17.52,35.82,87.4,9.71,828.2,78.19,83.31,43.47,44.63,0
2026-04-02T14:12:18,IMM-03,MD-B07,ABS,DAY,21.92,56.77,0.081,214.22,225.28,229.6,73.64,87.28,48.54,62.19,4.98,1.208,7.34,18.84,36.57,75.1,8.15,839.3,60.32,79.73,41.79,43.4,1
2026-04-02T14:13:00,IMM-01,MD-A12,ABS,EVENING,23.48,50.17,0.156,216.61,223.33,228.97,72.48,85.28,49.29,85.49,4.05,1.267,8.48,17.16,35.25,87.9,7.76,869.5,61.73,80.36,49.08,35.35,0
2026-04-02T14:13:42,IMM-02,MD-B07,ABS,DAY,26.68,42.18,0.111,210.92,217.09,224.96,69.65,86.63,57.45,73.51,4.67,1.254,8.11,18.19,36.41,86.5,9.41,786.3,62.99,76.65,43.29,45.12,0
2026-04-02T14:14:24,IMM-02,MD-A12,ABS,EVENING,18.76,50.76,0.02,215.24,225.72,228.52,70.52,91.34,53.75,72.11,3.79,0.926,8.31,19.68,37.14,81.7,9.34,886.3,70.88,70,45.57,46.88,0
2026-04-02T14:15:06,IMM-04,MD-B07,ABS,DAY,29.37,43.33,0.124,207.75,217.91,221.15,66.6,96.29,60.64,89.41,5.21,1.053,8.64,19.91,38.7,80.6,7.75,834.4,75.58,79.75,43.07,44.45,0
2026-04-02T14:15:48,IMM-01,MD-B07,PA6-GF30,DAY,29.12,37.65,0.047,235.56,244.81,250.5,73.71,103.45,59.54,68.97,4.7,1.184,5.68,20.79,35.05,79,8.01,833.4,85.75,111.15,44.51,45.87,0
2026-04-02T14:16:30,IMM-03,MD-C03,PP-GF20,DAY,23.93,51.54,0.086,217.49,221.87,226.95,69.4,98.84,57.73,86.41,4.14,1.216,7.46,17.75,35.01,87.6,9.83,854.7,76.53,95.07,43.26,40.59,0
2026-04-02T14:17:12,IMM-02,MD-C03,ABS,DAY,26.23,63.43,0.057,215.22,222.49,226.92,79,95.81,51.36,72,3.47,1.23,6.59,18.46,35.89,88.4,9.91,810.9,69.12,85.11,44.22,52.2,0
2026-04-02T14:17:54,IMM-03,MD-B07,PP-GF20,NIGHT,24.65,50.04,0.074,215.24,225.96,228.42,66.3,100.35,56.18,76.31,3.2,0.912,6.67,15.94,32.21,89.4,6.59,841,72.91,65.27,39.05,43.06,0
2026-04-02T14:18:36,IMM-03,MD-B07,PP-GF20,DAY,27.21,59.28,0.106,218.61,225.21,228.07,62.97,98.06,55.96,52.65,3.65,1.185,7.5,18.8,36.08,91.9,9.92,889.6,72.27,94.93,41.17,42.14,0
2026-04-02T14:19:18,IMM-02,MD-A12,ABS,DAY,26.34,45.04,0.074,203.74,208.11,211.86,65.66,117.87,71.33,71.04,4.76,1.227,7.5,18.48,36.48,76.3,10.13,773.8,94.18,119.55,44.75,39.22,0
2026-04-02T14:20:00,IMM-02,MD-B07,PP-GF20,NIGHT,25.66,50.71,0.148,204.52,211.26,215.62,63.34,93.42,46.78,69.79,4.21,1.319,7.65,17.75,35,91.3,8.9,842.1,67.58,95.39,45.77,32.87,0
2026-04-02T14:20:42,IMM-01,MD-A12,ABS,DAY,24.06,61.4,0.12,205.25,210.92,214.73,73.8,109.56,66.54,68.47,4.34,1,8.03,17.75,36.1,73.2,7.54,872.7,76.36,74.75,43.18,42.98,0
2026-04-02T14:21:24,IMM-01,MD-A12,PP-GF20,NIGHT,28.13,41.59,0.035,215.9,222.13,229.08,72.4,92.04,58.88,84.54,4.13,1.219,10.11,20.85,39.97,76.5,9.31,787.8,71.53,89.17,44.81,42.87,0
2026-04-02T14:22:06,IMM-02,MD-C03,PP-GF20,DAY,24.97,40.33,0.087,218.68,223.61,226.45,67.07,101.26,58.13,68.64,3.53,1.263,7.04,18.24,33.43,81.9,7.23,815.7,80,106.4,40.89,46.3,0
2026-04-02T14:22:48,IMM-04,MD-B07,PP-GF20,DAY,16.65,50.37,0.134,217.61,222.56,228.27,68.64,91.47,53.48,82,1.99,1.177,8.36,19.65,37.85,70.6,8.45,823.3,69.38,79.69,43.19,42.87,0
2026-04-02T14:23:30,IMM-02,MD-A12,ABS,DAY,26.63,30.88,0.066,204.9,212.94,222.03,64.46,90.54,53.53,69,4.29,1.277,9.3,21.43,40.54,81.4,9.88,877,64.76,84.76,44.09,41.4,1
2026-04-02T14:24:12,IMM-02,MD-A12,PP-GF20,EVENING,24.72,45.57,0.109,218.77,225.63,231.47,66.35,93.29,62.04,58.47,3.2,1.107,7.22,18.77,35.09,82.8,8.94,862.2,70.43,72.99,47.2,46.63,0
2026-04-02T14:24:54,IMM-03,MD-B07,PA6-GF30,DAY,25.99,54.86,0.156,232.46,242.41,248.82,78.26,105.36,57.91,80.8,4.32,1.252,8.36,17.15,34.68,80.7,7.88,847.9,85.03,104.09,44.27,45.76,0
2026-04-02T14:25:36,IMM-03,MD-B07,PP-GF20,DAY,28.8,43.03,0.099,212.8,218.82,221.93,68.54,88.71,48.06,73.88,3.86,1.286,6.97,19.56,36.2,87.8,8.85,823.2,74.7,99.7,51.66,46.25,0
2026-04-02T14:26:18,IMM-03,MD-A12,PP-GF20,DAY,18.1,26.2,0.202,216.32,225.95,227.57,71.33,87.57,51.4,73.77,4.25,1.176,6.42,18.85,34.9,91.1,5.98,836.9,71.53,87.47,45.28,44.37,1
2026-04-02T14:27:00,IMM-03,MD-A12,PP-GF20,NIGHT,20.53,45.89,0.134,217.45,226.96,232.36,73.05,106.87,62.83,75.65,2.79,1.193,6.86,17.32,33.82,85.4,8,806.5,84.44,102.01,46.24,44.36,0
2026-04-02T14:27:42,IMM-01,MD-C03,ABS,DAY,27.41,43.54,0.097,211.38,223.01,226.13,73.2,94.5,54.96,78.09,3.82,1.115,6.59,19.39,36.82,86.4,6.31,855.3,67.56,70.76,47.82,42.42,0
2026-04-02T14:28:24,IMM-03,MD-A12,PP-GF20,NIGHT,24.39,71.18,0.113,216.11,226.35,232.48,73.11,97.33,58.16,72.48,4.75,1.373,9.19,17.82,37.28,86,8.63,848.8,72.61,103.56,44.05,44.67,0
2026-04-02T14:29:06,IMM-01,MD-A12,PA6-GF30,EVENING,23.56,44.45,0.186,233.84,240.98,249.13,71.86,102.47,56.46,84.25,4.08,1.308,8.21,18.74,37.53,80.6,8.34,791.3,78.55,98.33,46.98,42.48,0
2026-04-02T14:29:48,IMM-04,MD-B07,ABS,EVENING,25.69,47.34,0.067,207.38,215.17,220.89,63.2,94.19,55.23,76.67,4.32,1.107,7.09,17.38,32.3,83.2,9.37,787.5,64.26,73.03,48.36,47.8,0
2026-04-02T14:30:30,IMM-03,MD-A12,PP-GF20,DAY,19.54,50.2,0.158,209.33,218.49,223.73,74.79,91.81,49.94,68.31,3.8,1.052,7.48,17.82,35.07,82.2,7.39,837.8,68.39,76.71,49.81,42.4,0
2026-04-02T14:31:12,IMM-03,MD-B07,ABS,DAY,21.65,60.12,0.184,209.71,215.99,222.43,68.93,97.55,54.59,67.64,4.69,1.12,8.32,19.32,36.66,77.6,9.54,880.7,71.92,81.48,50.54,47.63,0
2026-04-02T14:31:54,IMM-01,MD-A12,PP-GF20,DAY,26.05,46.4,0.051,212.1,221.47,230.25,71.63,94.4,51.01,75.91,4.01,1.244,7.79,18.75,34.98,92.5,7.67,810,67.39,80.31,53.21,53.59,0
2026-04-02T14:32:36,IMM-02,MD-A12,PA6-GF30,EVENING,21.23,45.29,0.115,230.03,233.77,242.02,74.4,99.53,59.49,71.34,3.83,1.201,7.54,15.23,32.64,74.7,7.56,814.7,69.73,83.16,52.63,43.23,0
2026-04-02T14:33:18,IMM-03,MD-C03,ABS,DAY,19.79,50.65,0.096,203.16,209.46,214.75,74.36,101.55,60.07,74.3,3.23,1.415,8.44,19.79,38.29,77.3,8.78,940.2,82.08,109.67,45.55,36.89,1
2026-04-02T14:34:00,IMM-03,MD-A12,PA6-GF30,DAY,23.69,55.94,0.195,226.52,232.72,240.63,82.99,95.49,62.3,72.89,3.93,1.24,7.87,19.62,37.98,77.4,7.5,825.5,77.87,97.06,50.25,51.55,1
2026-04-02T14:34:42,IMM-02,MD-A12,PP-GF20,NIGHT,27.59,42.29,0.108,211.04,216.83,220.29,70.94,97.96,54.7,72.65,4.88,1.151,8.67,17.8,36.58,83.5,9.88,785,73.75,74.2,45.32,42.78,0
2026-04-02T14:35:24,IMM-02,MD-B07,PP-GF20,DAY,26.64,48.69,0.065,211.24,221.69,225.79,67.39,109.12,60.49,67.55,3.37,1.406,6.53,17.39,33.77,79.5,6.87,799.7,78.39,102.85,49.1,42.25,0
2026-04-02T14:36:06,IMM-03,MD-C03,ABS,EVENING,27.7,74.59,0.191,206.83,214.99,216.11,71.57,86.22,44.24,73.03,3.98,1.182,7.43,16.73,34.39,91.4,6.59,868.6,63.58,69.61,48.52,37.27,1
2026-04-02T14:36:48,IMM-01,MD-A12,PA6-GF30,EVENING,30.34,51.43,0.187,235.4,236.81,242.56,81.2,111.81,65.3,66.5,3.45,1.259,7.88,17.09,35.19,77.7,9.37,734.2,83.73,110.24,46.28,55.1,1
2026-04-02T14:37:30,IMM-01,MD-B07,PA6-GF30,EVENING,27.22,38.29,0.159,228.47,240.82,248.91,79.12,100.45,54.3,53.06,3.55,1.214,7.77,18.61,35.6,78.8,8.63,868.7,70.05,95.91,46.12,55.95,0
2026-04-02T14:38:12,IMM-01,MD-B07,ABS,NIGHT,22.87,34.52,0.119,206.62,214.19,220.43,66.26,93.55,53.96,72.6,4.48,1.045,7.47,16.1,32.6,78.6,9.43,823.6,73,80.38,44.6,44.28,1
2026-04-02T14:38:54,IMM-01,MD-B07,ABS,DAY,18.6,42.05,0.135,203.48,208.16,215.74,67.1,83.48,41.9,87.3,4.74,0.901,7.78,16.4,33.7,81.4,9.83,768,61.11,60.72,46.63,37.63,0
2026-04-02T14:39:36,IMM-02,MD-C03,PP-GF20,DAY,21.47,48.11,0.083,209.1,215.21,216.03,67.64,97.29,56.55,90.67,4.6,1.399,8.23,17.99,36.52,91.4,7.88,841.4,73.32,100.92,43.18,45.5,1
2026-04-02T14:40:18,IMM-02,MD-B07,PP-GF20,EVENING,21.56,,0.116,214.56,221.51,227.84,68.25,96.11,57.33,66.69,3.71,1.226,7.45,18.27,36.1,83.3,9.77,816.4,73.19,92.45,46.16,39.79,0
2026-04-02T14:41:00,IMM-01,MD-B07,ABS,EVENING,27.92,42.56,0.15,217.56,221.99,229.71,64.52,81.54,44.3,75.58,3.91,1.249,9.1,17.5,36.46,80.4,7.93,803.8,60.95,72.05,41.08,46.6,0
2026-04-02T14:41:42,IMM-04,MD-A12,ABS,EVENING,19.5,36.18,0.19,204.09,212.72,220.2,62.71,97.54,55.77,74.98,2.96,1.131,6.93,20.44,37.61,80.8,6.48,801.3,80.43,89.59,45.07,41.59,1
2026-04-02T14:42:24,IMM-04,MD-B07,ABS,DAY,25.96,38.3,0.145,210.19,217.13,223.56,63.11,94.07,51.43,75.51,3.49,1.17,8.22,15.92,34.1,86,10.01,797.3,69.3,86.69,43.56,40.16,0
2026-04-02T14:43:06,IMM-01,MD-C03,PP-GF20,NIGHT,25.37,40.46,0.172,221.45,230.85,235.49,67.87,80.06,49.39,77.35,4.35,1.457,7.15,22.71,39.85,72.5,8.88,806.4,67.64,99.05,43.64,41.51,1
2026-04-02T14:43:48,IMM-02,MD-B07,PA6-GF30,EVENING,20.83,36.96,0.039,222.82,234.08,236.49,76.24,98.42,56.88,82.08,3.75,1.155,8.2,17.33,35.66,74.5,8.43,825.6,77.13,82.36,50.75,51.72,0
2026-04-02T14:44:30,IMM-02,MD-A12,PP-GF20,DAY,23.85,53.26,0.151,206.78,216.89,223.65,68.37,89.15,50.5,74,4.34,1.14,7.28,19.95,38.01,78.6,7.76,790.7,69.1,76.68,46.58,48.78,0
2026-04-02T14:45:12,IMM-03,MD-B07,PP-GF20,DAY,26.57,47.52,0.195,216.94,220.93,228.07,69.21,92.09,50.38,81.54,3.13,1.164,6.56,15.27,32.16,81.8,9,780.7,75.31,85.68,42.92,46.41,0
2026-04-02T14:45:54,IMM-03,MD-B07,PP-GF20,NIGHT,28.3,47.49,0.095,211.49,221.5,226.94,68.46,100.64,58.84,79.28,3.44,1.072,7.11,17.21,32.91,87.4,7.09,878.6,73.67,75.99,51.12,46.55,0
2026-04-02T14:46:36,IMM-01,MD-A12,PP-GF20,DAY,19.14,40.65,0.124,218.09,228.41,231.56,67.34,95.59,58.4,76.05,3.89,1.185,7.22,22.26,38.78,79,8.75,814.1,68.12,79.5,43.7,44.44,0
2026-04-02T14:47:18,IMM-04,MD-A12,ABS,DAY,24,61.96,0.097,198.11,203.83,207.81,77.59,91.09,54.72,76.75,3.86,1.257,7.44,17.03,33.16,68.2,11.07,844.3,62.43,85.78,47.1,40.13,0
2026-04-02T14:48:00,IMM-04,MD-A12,PP-GF20,DAY,21.86,62.93,0.142,222.11,230.33,237.04,65.38,102.16,62.18,68.28,4.53,1.265,8.19,17.51,34.76,79.1,8.85,802.3,68.81,80.97,42.87,46.21,0
2026-04-02T14:48:42,IMM-04,MD-B07,PP-GF20,EVENING,18.24,55,0.115,208.64,217.49,221.61,68.67,91.67,55.46,71.79,3.87,1.06,7.56,18.96,36.05,71.7,9.35,777.2,62.37,77.95,47.08,45.87,0
2026-04-02T14:49:24,IMM-04,MD-A12,PA6-GF30,NIGHT,23.68,37.19,0.169,227.36,235.83,240.67,74.14,95.27,52.3,74.66,4.13,0.999,8.02,19.39,37.52,71.7,7.81,794.2,73.62,72.42,45.79,52.05,0
2026-04-02T14:50:06,IMM-03,MD-B07,PP-GF20,DAY,22.9,46.33,0.109,221.37,225.63,231.09,63.6,100.07,60.49,81.1,4.5,1.31,7.9,18.93,37.23,76.8,8.16,806.7,77.82,104.48,45.78,38.98,0
2026-04-02T14:50:48,IMM-03,MD-C03,PA6-GF30,EVENING,25.53,65.33,0.144,229.66,240.63,246.96,74.01,104.33,59.96,63.75,3.94,1.242,6.92,18.39,35.02,98.8,7.49,850.7,76.13,93.27,39.29,51.85,0
2026-04-02T14:51:30,IMM-01,MD-B07,PP-GF20,DAY,25.29,42.05,0.168,215.97,220.2,225.79,64.57,89.31,51.48,78.84,4.06,1.208,7.72,18.71,35.62,71,6.98,831.7,67.83,87.06,42.67,35.54,0
2026-04-02T14:52:12,IMM-02,MD-A12,PP-GF20,EVENING,22.03,52.13,0.148,220.22,224.19,231.65,65.85,101.3,58.14,74.34,5,1.057,6.76,18.21,34.94,81.5,8.37,816.8,76.7,78.79,46.97,51.29,0
2026-04-02T14:52:54,IMM-01,MD-B07,PP-GF20,EVENING,24.34,37.16,0.167,217.59,227,234.39,67.39,89.87,54.57,70.8,4.87,1.015,9.19,17.06,36.29,81.1,7.76,772.7,70.26,89.78,38.62,49.12,0
2026-04-02T14:53:36,IMM-01,MD-A12,PA6-GF30,DAY,23.66,30.61,0.163,231.82,239.51,243,76.38,109.17,62.17,60.3,2.56,1.088,8.87,19.56,37.26,81.2,8.48,850.2,82.93,89.83,43.75,45.03,1
2026-04-02T14:54:18,IMM-02,MD-A12,PA6-GF30,EVENING,27.25,44.37,0.141,225.01,230.13,239.68,78.44,96.99,57.34,76.04,3.54,1.235,7.75,16.93,35.35,77.9,6.11,810.8,68.85,89.21,47.58,45.4,0
2026-04-02T14:55:00,IMM-03,MD-A12,PA6-GF30,DAY,23,43.38,0.164,238.77,246.05,249.89,72.31,90.22,50.05,75.13,3.46,0.89,8.31,17.9,35.54,79.1,7.94,757.1,69.99,53.43,46.27,57.24,0
2026-04-02T14:55:42,IMM-04,MD-A12,ABS,DAY,28.17,57.85,0.105,216.37,225.69,232.48,69.37,94.51,55.21,84.07,3.58,0.956,7.39,22.82,39.45,87.3,8.88,823.9,68.48,69.29,49.54,47.35,0
2026-04-02T14:56:24,IMM-04,MD-A12,PA6-GF30,DAY,17.88,39.78,0.187,227.39,234.53,241.12,76.04,98.39,57.92,72.78,3.94,1.12,6.99,20.15,36.59,79.3,7.8,858.9,78.03,92.91,45.73,44.48,0
2026-04-02T14:57:06,IMM-03,MD-B07,PA6-GF30,DAY,24.15,48.31,0.142,230.91,239.4,246.52,71.68,98.9,59.44,76.32,4.2,1.097,7.45,18.25,34.25,72.8,7.42,793.9,70.38,71.82,51.57,52.08,0
2026-04-02T14:57:48,IMM-01,MD-B07,PP-GF20,EVENING,24.26,52.78,0.165,204.05,211.62,215.45,61.87,101.02,56.45,72.86,5.01,1.107,8.71,18.36,37,81.2,7.78,828.4,80.78,93.1,38.53,47.31,0
2026-04-02T14:58:30,IMM-02,MD-B07,ABS,EVENING,29.24,72.73,0.116,207.87,219.57,228.9,64.85,96.97,50.02,65.49,2.88,1.446,8.27,18.78,37.17,88.3,8.84,828.7,79.76,129.17,46.09,45.22,0
2026-04-02T14:59:12,IMM-02,MD-A12,PA6-GF30,DAY,25.16,69.6,0.249,232.18,238.55,245.28,74.71,99.11,58.84,72.41,3.83,1.372,7.63,16.26,34.32,79.6,10.52,775.7,75.46,107.96,47.77,48.14,0
2026-04-02T14:59:54,IMM-02,MD-A12,PA6-GF30,NIGHT,23.13,40.05,0.206,227.78,236.09,241.24,76.44,101.77,56.32,63.17,4.73,1.067,8.21,21.45,40.2,63.9,8.49,769.1,83.21,87.44,44.1,49.82,0
2026-04-02T15:00:36,IMM-04,MD-B07,ABS,DAY,21.79,54.38,0.136,203.91,210.08,218.63,64.8,88.4,49,71.25,4.23,1.074,6.78,23.16,40.15,71,8.94,850.2,66.08,66.6,42,49.14,0
2026-04-02T15:01:18,IMM-01,MD-A12,PA6-GF30,EVENING,24.76,57.31,0.198,232.97,242.88,246.98,75.52,92.21,56.9,65.36,5.04,1.201,8.29,19.48,36.74,70.5,8.1,834.8,68.62,81.12,40.86,51.45,0
2026-04-02T15:02:00,IMM-02,MD-A12,PP-GF20,NIGHT,22.3,50.75,0.05,215.53,227,233.97,70.55,98.53,54.62,83.08,4.39,1.12,8.46,20.3,39.14,88.1,9.12,770.3,70.13,68.95,46.7,37.81,0
2026-04-02T15:02:42,IMM-03,MD-A12,PA6-GF30,DAY,25.1,59.95,0.262,233.99,241.45,244.38,74.74,99.38,61.35,65.38,4.46,0.937,7.57,18.74,36.36,65.6,9.05,803.2,74.2,74.2,40.26,51.14,0
2026-04-02T15:03:24,IMM-02,MD-B07,PA6-GF30,DAY,26.78,48.8,0.192,223.03,224.63,230.26,77.74,90.56,50.27,78.41,3.5,1.146,9.48,18.27,37.39,90,7.91,788.7,64.38,68.95,48.57,51.51,0
2026-04-02T15:04:06,IMM-01,MD-C03,PA6-GF30,EVENING,24.25,42.63,0.179,234.26,243.38,250.18,72.24,113.08,66.72,72.25,4.16,1.192,7.48,18.86,34.69,97.9,8.76,862.7,83.68,99.17,47.09,46.15,0
2026-04-02T15:04:48,IMM-01,MD-B07,ABS,DAY,26.53,36.29,0.141,206.9,210.61,218.48,70.31,92.47,54.25,75.47,4.07,1.073,8.96,18,36.66,76.1,8.67,856.2,69.45,71.51,41.7,46.1,0
2026-04-02T15:05:30,IMM-02,MD-A12,PA6-GF30,DAY,30.28,49.21,0.199,230.06,235.12,242.36,79.21,107.29,61.27,70.08,2.7,1.276,7.51,20.35,37.65,69.1,9.37,799.1,82.3,103.82,45.94,48.88,0
2026-04-02T15:06:12,IMM-02,MD-A12,ABS,EVENING,22.64,56.34,0.103,215.35,221.4,226.76,77.45,99.27,55,81.59,4.68,1.252,7.76,17.61,34.79,76.4,8.77,838.7,78.12,96.41,48.65,44.09,0
2026-04-02T15:06:54,IMM-04,MD-C03,PA6-GF30,DAY,25.98,,0.169,242.11,249.5,256.55,75.86,100.22,57.36,84.79,4.33,1.322,7.52,20.26,37.04,81.5,7.59,864.9,77.11,110.38,48.53,58.2,0
2026-04-02T15:07:36,IMM-01,MD-A12,PA6-GF30,DAY,23.48,40.31,0.096,220.53,228.25,234.92,74.22,113.08,65.26,75.2,4.94,1.286,7.66,18.55,34.47,84.5,9.4,812.8,81.23,107.59,48.75,47.89,1
2026-04-02T15:08:18,IMM-04,MD-B07,PP-GF20,DAY,27.62,28.93,0.152,207.11,216.86,224.6,68.03,95.84,59.39,73.68,4.34,1.238,8.51,17.97,36.21,67.8,7.13,806.3,71.62,99.3,44.02,43.57,0
2026-04-02T15:09:00,IMM-03,MD-C03,PP-GF20,EVENING,24.92,63.26,0.118,215.18,220.92,229.66,70.01,95.88,59.24,82.23,3.11,1.276,9.8,18.71,37.46,65.6,9.21,859.3,,96.67,46.71,45.95,0
2026-04-02T15:09:42,IMM-04,MD-C03,PP-GF20,EVENING,22.24,46.74,0.024,222.19,231.41,240.51,72.19,89.84,57.69,76.68,3.31,1.211,8.82,18.38,36.62,87.4,8.93,789.8,66.89,82.19,45.72,45.02,0
2026-04-02T15:10:24,IMM-01,MD-A12,PP-GF20,DAY,24.71,46.08,0.133,206.11,214.06,218.65,63.54,104.25,64.17,66.79,4.6,1.438,8.08,14.93,32.61,82.2,7.99,768.8,69.45,100.8,42.16,43.03,0
2026-04-02T15:11:06,IMM-02,MD-B07,ABS,EVENING,25.09,60.18,0.142,206.09,214.05,218.37,76.15,92.69,51,68.57,4.7,1.313,6.88,18.69,35.66,82,8.82,844.2,75.76,93.79,48.79,35.72,0
2026-04-02T15:11:48,IMM-04,MD-C03,ABS,DAY,27.07,24.63,0.037,211.55,221.4,228.93,67.84,99.57,53.91,84.03,3.25,1.107,6.67,19.73,36.32,79.2,10.82,859.7,79.95,84.7,52.03,38.46,0
2026-04-02T15:12:30,IMM-02,MD-B07,PA6-GF30,DAY,24.19,47.08,0.141,232.3,240.45,247.11,78.1,96.44,59.02,91.71,3.3,1.285,6.29,19.67,36.84,76.3,8.11,784.5,76.88,103.51,47.31,46.96,0
2026-04-02T15:13:12,IMM-02,MD-A12,ABS,DAY,25.69,60.22,0.126,213.94,223.2,229.65,70.54,91.9,52.15,61.81,3.74,1.159,7.52,17,35.31,81.1,9.28,828.8,63.44,78.26,44.13,42.16,0
2026-04-02T15:13:54,IMM-04,MD-B07,ABS,DAY,24.33,46.68,0.094,213.35,221.78,228.99,63.04,84.29,48.23,83.61,4.27,0.991,7.11,18.25,35.08,74.3,8.04,808.6,67.68,68.73,49.02,44.51,1
2026-04-02T15:14:36,IMM-01,MD-A12,PP-GF20,DAY,20.96,54.09,0.143,212.87,218.81,224.93,71.59,89.97,48.95,78.18,2.2,1.228,6.11,18.14,34.16,98.2,8.48,784.6,71.4,92.29,45.32,47.49,0
2026-04-02T15:15:18,IMM-02,MD-A12,PP-GF20,DAY,20.48,50.13,0.134,215.64,225.86,232.91,66.5,94.33,53.58,73.03,4.03,1.35,7.72,18.77,37.08,82.2,9.13,809.2,64.19,79.36,41.94,40.14,1
2026-04-02T15:16:00,IMM-02,MD-A12,ABS,EVENING,20.02,56.78,0.185,210.55,217.67,222.93,65.36,93.88,57.86,73.23,3.06,1.067,8.02,15.99,33.25,69.4,6.85,804.8,73.11,80.52,43.82,41.51,0
2026-04-02T15:16:42,IMM-04,MD-C03,PP-GF20,DAY,28.53,68.65,0.186,213.4,222.67,226.06,63.75,97.26,54.15,69.23,3.07,1.224,8.47,18.46,37.82,79.2,10.68,827,80.32,97.76,42.41,44.83,0
2026-04-02T15:17:24,IMM-01,MD-A12,ABS,DAY,25.28,63.65,0.108,216.71,224.14,231.72,74.12,82.15,46.19,62.27,3.48,1.25,8.92,16.23,35.71,93.6,7.51,811,64.77,78.27,42.52,41.88,0
2026-04-02T15:18:06,IMM-01,MD-C03,PP-GF20,DAY,32.2,53.9,0.084,218.4,225.66,227.75,75.36,89.46,51.3,66.99,3.96,1.337,8.05,20.08,37.83,86.4,8.82,859.8,67.53,74.94,44.42,42.14,0
2026-04-02T15:18:48,IMM-01,MD-B07,PA6-GF30,DAY,26.74,57.09,0.183,231.34,237.17,246.72,70.48,86.08,50.57,88.47,3.63,1.16,7.65,19.68,37.98,81.5,6.72,765.8,64.85,70.78,44.58,41.95,1
2026-04-02T15:19:30,IMM-03,MD-B07,ABS,EVENING,22.17,41.13,0.122,213.9,223.41,229.24,69.63,91.14,51.41,73.63,4.82,1.324,8.3,16.54,34.37,69.2,8.19,774.5,70.03,96.12,43.41,40.99,0
2026-04-02T15:20:12,IMM-01,MD-B07,PP-GF20,DAY,23.45,38.53,0.096,216.44,223.16,230.45,71.52,90.93,51.9,66.24,3.42,1.197,7.31,18.22,36.58,93,8.01,872.1,74.45,99.51,44.22,46.55,0
2026-04-02T15:20:54,IMM-04,MD-B07,ABS,EVENING,26.37,57.02,0.101,206.24,214.75,219.26,71.68,91.41,52.99,85.18,4.11,0.933,7,15.24,31.42,90.1,7.75,766.5,68.28,62.18,49.22,41.3,0
2026-04-02T15:21:36,IMM-02,MD-A12,ABS,DAY,25.72,32.1,0.088,213.34,218.7,224.92,71.04,92.04,52.03,73.46,5.36,1.098,7.83,17.54,35.47,81.5,9.63,810.1,70.11,87.17,43.52,44.03,0
2026-04-02T15:22:18,IMM-04,MD-B07,PA6-GF30,DAY,25.55,33.78,0.12,227.52,236.08,238.68,74.63,101.57,58.12,88.19,3.57,1.057,7.83,18.36,35.9,74.1,5.92,885.3,83.02,89.04,47.6,44.12,0
2026-04-02T15:23:00,IMM-03,MD-A12,PP-GF20,DAY,20.39,44.01,0.157,220.87,227.31,235.51,69.39,113.99,68.87,71.2,4.43,0.971,9.35,20.12,38.85,71.6,8.46,829.6,85.47,79.3,42.41,45.48,0
2026-04-02T15:23:42,IMM-03,MD-B07,PA6-GF30,NIGHT,25.51,32.62,0.117,219.75,229.02,237.01,75.79,102.88,65.09,62.71,3.45,1.006,7.36,17.91,34.16,79.2,7.6,796.7,74.01,67.26,48.05,53.67,0
2026-04-02T15:24:24,IMM-01,MD-A12,PA6-GF30,DAY,25.22,45.91,0.229,227.97,231.96,235.37,80.32,99.55,58.28,72.78,2.73,1.213,8.54,20.99,40.26,82.6,9.03,819.4,69.31,89.46,43.06,46.67,0
2026-04-02T15:25:06,IMM-02,MD-A12,PP-GF20,DAY,23.11,44.05,0.115,213.89,220.56,225.37,65.85,110.35,60.29,76.47,4.44,1.193,7.49,20.16,38.91,91.5,6.64,796.5,86.73,99.26,40.06,44.88,1
2026-04-02T15:25:48,IMM-02,MD-C03,PP-GF20,NIGHT,30.46,51.78,0.117,215.93,223.23,229.12,68.1,96.58,58.76,82.5,4.4,1.209,8.26,21.22,39.56,79.8,8.85,860.7,71.35,85.89,50.38,49.76,1
2026-04-02T15:26:30,IMM-04,MD-A12,ABS,EVENING,29.86,63.36,0.145,207.88,217.64,221.92,77.51,90.82,46.77,72.4,3.52,1.25,6.75,17.07,34.35,79.1,10.37,799.2,72.91,89.97,45.55,53.18,0
2026-04-02T15:27:12,IMM-01,MD-A12,ABS,EVENING,19.43,56.02,0.066,208.74,218.26,225.6,71.67,90.89,58.32,72.32,3.29,1.214,6.39,14.36,30.96,66.9,10.59,789.5,66.09,83.38,42.36,41.02,0
2026-04-02T15:27:54,IMM-04,MD-A12,ABS,EVENING,28.03,26.27,0.071,207.31,214.5,215.91,67.78,91.39,52.23,72.22,5.13,1.102,6.96,19.35,35.7,87.9,8.06,840,73.77,78.18,45.15,38.39,0
2026-04-02T15:28:36,IMM-03,MD-B07,ABS,DAY,34.7,59.38,0.192,221.22,229.39,234.57,67.77,97.35,62.76,75.3,4.57,1.173,6.61,20.13,37.36,91.5,7.26,852,76.71,83.16,46.54,49.33,0
2026-04-02T15:29:18,IMM-03,MD-A12,PP-GF20,EVENING,21.54,65.46,0.148,208.09,215.92,218.55,65.74,94.66,55.86,80.73,3.73,1.172,8.11,19.75,37.58,75,10.53,812.7,71.39,84.88,40.58,40.17,0
2026-04-02T15:30:00,IMM-02,MD-A12,PA6-GF30,EVENING,24.14,42.2,0.204,240.3,248.7,256.89,75.81,99.96,56.21,69.84,3.83,1.127,7.94,17.79,35.45,95.4,9.94,798.6,80.73,86.47,44.41,41.75,0
2026-04-02T15:30:42,IMM-02,MD-A12,ABS,DAY,24.37,32.5,0.169,206.31,212.16,219.13,68.23,85.95,54.42,74.3,3.5,1.31,8.21,19.1,37.35,78.4,8.53,824,65.97,87.49,43.46,39.11,0
2026-04-02T15:31:24,IMM-04,MD-B07,PA6-GF30,EVENING,26.4,48.77,0.096,234.71,239.99,244.69,76.68,99.98,54.55,76.29,4.3,1.19,5.96,17.54,33.52,78.2,9.26,799.8,77.19,92.46,47.7,51.99,0
2026-04-02T15:32:06,IMM-03,MD-B07,PP-GF20,NIGHT,19.65,52.27,0.225,213.01,221.36,226.25,69.79,93.68,51.63,68.05,3.99,1.003,8.18,18.49,36.91,80.4,7.05,804.2,73.43,78.71,49.59,39.52,1
2026-04-02T15:32:48,IMM-02,MD-B07,ABS,DAY,25.56,58.83,0.066,219.42,226.23,231.57,68.95,100.09,65.29,80.28,5.04,1.004,8.12,17.85,36.22,73.2,7.64,834.8,76.33,80.67,47.67,43.53,0
2026-04-02T15:33:30,IMM-02,MD-B07,PP-GF20,DAY,28.26,44.68,0.049,203.02,210.54,217.83,73.11,100.83,53.83,77.61,3.75,1.298,7.67,19.83,38.35,77.3,7.98,850.9,75.14,100.5,45.54,33.86,0
2026-04-02T15:34:12,IMM-01,MD-C03,ABS,DAY,15.7,64.84,0.127,221.2,228.38,232.34,77.54,115.67,67.61,76.84,4.5,1.097,8.95,18.9,38.24,86,6.46,848.9,86.08,96.53,45.5,40.41,0
2026-04-02T15:34:54,IMM-01,MD-A12,ABS,EVENING,19.78,30.91,0.135,214.14,222.68,228.6,69.44,90.07,55.62,51.25,5.05,1.091,9.29,17.43,35.58,82.2,9.43,794.5,69.55,69.74,39.36,39.28,0
2026-04-02T15:35:36,IMM-04,MD-C03,PP-GF20,NIGHT,24.52,42.93,0.02,215.17,222.55,226.78,70.01,101.81,60.67,77.19,5.06,1.107,7.99,20.61,38.48,64.8,7.78,907.8,72.93,80.59,46.26,40.48,0
2026-04-02T15:36:18,IMM-03,MD-B07,ABS,DAY,31.75,50.81,0.135,204.09,213.44,213.32,68.23,90.98,49.8,80.78,4.14,1.209,7.04,18.09,33.52,73.9,8.29,812.6,68.73,86.51,50.03,42.4,0
2026-04-02T15:37:00,IMM-01,MD-A12,ABS,DAY,27.66,57.11,0.085,206.72,217.26,216.85,66.64,96.43,51.61,77.19,3.52,1.096,7.97,18.13,37.35,76.2,8.35,831.3,69.7,86.22,43.67,40.32,0
2026-04-02T15:37:42,IMM-01,MD-A12,PP-GF20,DAY,27.97,33.32,0.111,217.19,223.14,227.44,68.98,83.86,44.37,73.49,3.9,1.121,7.03,15.64,31.05,78,6.78,805.1,67.95,78.33,44.38,45.73,0
2026-04-02T15:38:24,IMM-03,MD-C03,PP-GF20,EVENING,20.41,39.57,0.132,220.87,228.28,228.64,67.17,88.34,53.53,61.43,2.16,1.096,8.34,21.17,39,75.8,9.11,844.7,64.8,74.42,42.56,55.48,0
2026-04-02T15:39:06,IMM-03,MD-A12,PP-GF20,DAY,19.29,49.85,,220.78,225.87,230.28,71.09,90.31,53.83,64.82,4.07,1.106,7.54,15.85,31.17,67.5,8.14,795.7,66.14,78.8,45.96,40.94,0
2026-04-02T15:39:48,IMM-03,MD-C03,PP-GF20,EVENING,23.68,68.28,0.155,209.6,216.76,221.49,63.72,98.65,59.97,77.08,5.31,1.253,7.73,18.7,34.99,91.3,9.61,834,75.03,98.12,46.92,44.89,0
2026-04-02T15:40:30,IMM-03,MD-B07,PP-GF20,DAY,22.53,63.69,0.131,209.76,218.15,225.98,70.67,93.15,53.3,78.51,4.38,1.248,8.14,20.94,38.07,78.2,10.96,770.2,66.22,90.5,43.41,45.21,0
2026-04-02T15:41:12,IMM-04,MD-A12,ABS,EVENING,23.31,51.35,0.13,213.8,221.77,227.89,70.71,86.93,52.5,74.72,4.08,0.914,8.2,18.27,36.04,78,6.41,804.6,,62.15,47.7,43.73,0
2026-04-02T15:41:54,IMM-04,MD-B07,ABS,DAY,19.44,41.63,0.18,212.12,220.65,225.03,66.25,87.84,52.79,75.49,5.24,1.229,7.37,19.63,37.75,89,9.86,801.4,69.6,86.99,43.91,36.1,1
2026-04-02T15:42:36,IMM-03,MD-C03,ABS,EVENING,21.93,56.97,0.159,212.05,219.9,224.61,66.1,91.76,51.6,77.76,4.75,1.206,6.75,19.91,34.79,71.4,9.04,857.6,72.05,84.1,42.81,39.54,0
2026-04-02T15:43:18,IMM-03,MD-A12,PP-GF20,NIGHT,24.18,52.39,0.2,209,214.88,222.58,66.83,84.14,46.46,77.56,4.86,1.355,9.01,18.86,37.91,76.1,6.78,855.9,63.03,86.04,47.37,39.77,1
2026-04-02T15:44:00,IMM-04,MD-C03,PA6-GF30,EVENING,21.88,48.08,0.158,228.62,234.11,242.03,77.15,104.09,58.29,84.03,3.96,1.165,6.43,19.67,36.26,81.3,8.65,804.2,76.26,83.7,47.96,44.77,1
2026-04-02T15:44:42,IMM-04,MD-A12,ABS,NIGHT,24.49,56.33,0.062,203.91,211.95,217.75,69.94,92.1,55.58,76.42,3.99,1.172,8.18,19.45,36.55,77.7,10.4,835.1,71.35,79.44,46.2,39.16,0
2026-04-02T15:45:24,IMM-03,MD-C03,PP-GF20,EVENING,26.77,53.07,0.068,216.2,224.33,228.83,73.8,92.29,55.14,59.39,3.5,1.522,7.87,21.43,38.04,82.4,7.27,846,72.83,115.39,45.3,39.52,0
2026-04-02T15:46:06,IMM-03,MD-A12,PP-GF20,DAY,23.31,45.22,0.077,215.14,221.46,225.67,75.01,94.79,51.55,78.83,4,1.109,7.55,18.63,36.36,76.7,8.44,734,74.07,78.54,49.02,40.79,0
2026-04-02T15:46:48,IMM-03,MD-A12,PA6-GF30,EVENING,30.84,53.65,0.117,218.62,223.23,228.45,74.79,99.4,57.7,82.67,3.18,1.255,7.13,16.88,33.82,86.6,9.75,794,80.39,98.69,44,58.97,0
2026-04-02T15:47:30,IMM-01,MD-C03,PA6-GF30,DAY,24.86,42.01,0.177,226.96,235,238.9,76.96,105.21,65.41,77.38,4.99,1.075,6.95,18.61,36.7,76,10.18,853.2,77.34,83.24,49.6,49.42,0
2026-04-02T15:48:12,IMM-02,MD-C03,PA6-GF30,NIGHT,27.06,42.74,0.184,235.63,243.79,248.95,82,109.3,64.74,80.74,4.05,1.279,7.81,20.98,38.56,80.5,8.95,838.1,80.82,104.65,44.06,53.14,0
2026-04-02T15:48:54,IMM-01,MD-A12,PA6-GF30,NIGHT,19.37,47.48,0.088,223.11,233.12,239.02,80.62,110.32,62.35,79.14,3.37,1.538,7.38,17.57,36.26,108.1,6.02,850.9,84.99,128.04,42.81,50.13,1
2026-04-02T15:49:36,IMM-01,MD-B07,PP-GF20,DAY,24.29,37.47,0.109,215.79,224.58,230.68,66.35,98.16,53.07,79.2,4.14,1.456,8.17,20.35,38.02,88.9,7.79,812.5,75.52,115.31,43.12,42.78,0
2026-04-02T15:50:18,IMM-03,MD-A12,PP-GF20,DAY,20.35,52.49,0.124,214.14,223.58,228.87,66.56,108.36,63.41,65.69,4.77,0.91,7.06,20.21,37.22,73.7,8.04,827.5,85.38,69.02,45,49.7,0
2026-04-02T15:51:00,IMM-04,MD-B07,PP-GF20,DAY,30.65,44.71,0.099,208.86,217.56,224.72,66.36,91.86,48.89,80.34,3.8,1.027,7.55,19.78,37.13,84.6,7.47,876.3,66.87,70.5,49.33,44.15,0
2026-04-02T15:51:42,IMM-02,MD-C03,PA6-GF30,DAY,23.04,54.9,0.145,232.94,241.69,246.06,68.35,111.83,64.83,66.22,3.74,1.213,8.36,17.68,35.83,79.8,8.1,914.2,82.93,98.65,43.26,52.51,0
2026-04-02T15:52:24,IMM-03,MD-A12,ABS,EVENING,29.87,46.31,0.16,214.88,222.24,227.8,73.64,99.94,56.73,71.63,5.11,1.094,8.49,20.83,37.08,84.9,10.39,864.3,77.03,81.65,47.88,37.71,0
2026-04-02T15:53:06,IMM-04,MD-B07,ABS,NIGHT,20.99,48.55,0.176,211.96,221.52,221.17,73.62,82.49,46.28,73.34,4.39,1.316,6.88,16.84,33.88,78.8,10.01,815.9,,63.97,44.72,40.38,0
2026-04-02T15:53:48,IMM-02,MD-C03,PP-GF20,NIGHT,22.18,38.18,0.156,216.88,223.05,229.42,66.05,101.62,59.79,73.73,4.3,1.174,7.06,19.49,36.02,89.7,10.11,860.1,75.88,79.58,49.82,41.9,0
2026-04-02T15:54:30,IMM-03,MD-A12,PP-GF20,DAY,23.4,46.35,0.153,220.14,227.86,234.71,69.23,91.25,49.27,82.75,3.26,1.225,7.46,19.64,37.5,84.4,8.15,846.4,71.33,98.33,49.99,42.43,0
2026-04-02T15:55:12,IMM-03,MD-B07,PP-GF20,NIGHT,24.98,40.99,0.129,219.43,227.06,230.9,70.82,85.12,51.28,75.57,4.85,1.209,7.71,22.17,38.79,79.1,7.48,799.7,65.68,69.33,48.59,43.01,0
2026-04-02T15:55:54,IMM-03,MD-A12,PA6-GF30,EVENING,23.93,43.79,0.154,241.46,247.26,254,77.94,89.11,50.36,74.26,4.15,1.237,7.19,18.25,36.04,78.3,7.74,781.1,66.51,83.92,47.03,57.93,0
2026-04-02T15:56:36,IMM-01,MD-C03,PA6-GF30,EVENING,25.78,40.27,0.157,230.9,234.08,238.18,81.47,104.57,60.6,71.29,3.26,1.077,7.35,19.29,36.63,73.9,8.18,884.4,87.3,92.29,45.3,56.54,0
2026-04-02T15:57:18,IMM-01,MD-A12,PA6-GF30,DAY,23.27,51.15,0.136,230.41,241.06,247.07,77.87,105.16,55.6,70.02,3.39,1.006,8.44,18.05,35.76,89.4,8.48,785.4,72.74,71.98,40.88,53.91,0
2026-04-02T15:58:00,IMM-01,MD-B07,PP-GF20,EVENING,31.41,44.34,0.171,217.92,226.94,231.17,72.09,97.2,54.81,70.65,2.72,1.193,6.96,19.09,36.41,72.9,7.25,880.5,75.33,90.2,45.39,41.8,1
2026-04-02T15:58:42,IMM-03,MD-A12,PA6-GF30,DAY,21.44,48.35,0.223,231.28,237.29,248.72,80.73,101.65,62.89,69.6,4.35,1.113,6.18,17.18,34.73,77.7,7.78,787.1,86.4,84.98,43.47,59.29,0
2026-04-02T15:59:24,IMM-01,MD-B07,ABS,DAY,30.02,40.63,0.137,203.26,210.78,219.74,69.65,98.95,62.77,72.51,3.82,1.102,8.4,17.65,35.08,100.8,9.63,757,76.62,79.31,41.46,36.77,0
2026-04-02T16:00:06,IMM-03,MD-A12,PA6-GF30,DAY,24.94,42.91,0.145,237.37,243.18,252.79,77.06,95.89,54.22,71.99,3.45,1.16,7.61,16.27,33.65,68.2,8.01,808.9,83.66,94.05,46.09,53.27,1
2026-04-02T16:00:48,IMM-02,MD-B07,ABS,DAY,18.95,47.96,0.167,210.59,215.52,219.85,67.37,72,41.99,67.41,3.92,1.259,8.17,20.58,37.42,90.4,8.7,783.7,61.42,72.33,47.29,43.74,1
2026-04-02T16:01:30,IMM-03,MD-C03,ABS,EVENING,22.75,53.89,0.185,203.58,209.71,215.94,76.57,95.13,56.57,73.4,3.99,1.204,7.59,17.77,36.58,71.4,7.21,855.5,69.07,77.36,41.57,46.46,0
2026-04-02T16:02:12,IMM-03,MD-C03,PP-GF20,DAY,27.24,48.19,0.092,215.54,225.29,230.38,76.61,85.72,49.64,81.45,2.54,1.081,6.45,17.58,34.26,82.7,8.7,858.4,71.25,67.28,47.28,38.96,0
2026-04-02T16:02:54,IMM-04,MD-A12,ABS,EVENING,20.78,42.05,0.102,211.23,222.11,228.1,70.72,103.6,67.25,73.86,3.69,1.228,8.24,19.2,36.51,80,8.56,851.9,76.46,92.13,47.96,41.95,0
2026-04-02T16:03:36,IMM-02,MD-A12,ABS,DAY,21.47,49.81,0.16,220.74,229.03,231.35,75.68,102.06,58.4,60.61,5.24,1.241,7.72,19.95,37.98,82.9,8.51,824.7,79.97,89.97,51.15,46.88,0
2026-04-02T16:04:18,IMM-04,MD-C03,PA6-GF30,EVENING,22.54,47.3,0.232,232.81,238.69,243.05,75.75,100.48,57.03,78.97,4.47,1.189,7.47,18.96,36.23,85.6,9.9,790.2,79.23,92.9,45.66,49.59,0
2026-04-02T16:05:00,IMM-01,MD-A12,PP-GF20,DAY,18.96,42.85,0.074,206.11,214.39,218.14,68.65,96.55,57.32,61.13,3.49,1.218,7.42,17.09,34.63,71.4,8.92,838.1,75.77,91.31,42.95,48.79,0
2026-04-02T16:05:42,IMM-02,MD-B07,ABS,EVENING,23.19,44.07,0.125,213.32,219.12,224.53,73.71,85.99,45.85,71.59,4.58,1.113,7.38,17.76,35.38,76.5,8.92,756.9,66.36,76.67,39.1,34.09,0
2026-04-02T16:06:24,IMM-01,MD-A12,PP-GF20,NIGHT,23.63,45.84,0.198,218.22,224.07,232.16,68.52,93.17,52.21,65.45,4.41,1.176,7.46,18.94,36.17,68.3,9.42,815.1,74.37,83.59,48.45,46.54,0
2026-04-02T16:07:06,IMM-03,MD-B07,ABS,NIGHT,25.01,69.1,0.106,210.2,220.82,226.89,60.72,98.32,51.04,66.12,3.96,1.166,8.36,19.58,38.38,73.7,8.66,822.3,70.36,86.81,51.68,41.31,1
2026-04-02T16:07:48,IMM-01,MD-A12,ABS,DAY,31.83,52.24,0.079,208.88,218.75,222.98,71.87,97.59,56.67,71.92,4.56,1.156,8.86,16.79,34.71,66.3,7.55,843,74.19,81.55,44.87,42.4,0
2026-04-02T16:08:30,IMM-04,MD-B07,PA6-GF30,EVENING,23.39,34.17,0.209,239.72,245.9,252.44,73.71,100.92,57.68,74.57,4.38,1.196,8.77,19.87,36.75,69.3,8.69,800.3,71.48,79.59,48.55,43.15,0
2026-04-02T16:09:12,IMM-03,MD-B07,ABS,EVENING,28.3,66.57,0.146,213.2,218.59,222.74,70.83,100.83,60.98,73.98,3.15,1.251,9,18.2,37.32,76.7,8.61,848.2,70.59,79.41,43.05,38.38,0
2026-04-02T16:09:54,IMM-04,MD-A12,PA6-GF30,NIGHT,26.33,48.71,0.158,234.63,240.78,246.89,79.03,103.97,64.55,73.81,3.45,1.18,8.13,18.66,35.96,88.8,6.62,860.2,80.28,97.45,47.37,45.84,1
2026-04-02T16:10:36,IMM-01,MD-A12,PP-GF20,NIGHT,17.05,41.49,0.22,221.42,226.25,234.44,69.18,98.53,55.74,81.81,4.5,1.229,6.71,19.29,34.73,84.4,9.64,781.6,72.46,90.05,45.7,41.41,0
2026-04-02T16:11:18,IMM-02,MD-B07,PP-GF20,DAY,17.93,54.95,0.043,208.89,214.47,218.75,69.18,99.88,57.84,67.39,4.24,1.012,7.76,16.81,35.01,95.9,6.99,816.8,70.36,72.7,44.89,41.26,0
2026-04-02T16:12:00,IMM-02,MD-A12,ABS,EVENING,26.12,44.7,0.067,210.12,217.44,223.49,74.33,81.45,43.88,64.65,5.54,1.125,8.81,20.27,39.03,89.2,7.95,835.3,69.38,81.7,41.88,43.67,0
2026-04-02T16:12:42,IMM-04,MD-A12,PA6-GF30,DAY,27.29,50.57,0.149,223,228.95,235.04,73.54,116.98,70.05,63.23,3.76,1.042,6.76,20.88,36.27,86.8,9.8,830.2,86.73,89.54,48.38,48.65,0
2026-04-02T16:13:24,IMM-02,MD-A12,ABS,EVENING,28.57,43.02,0.114,216.84,221.85,228.26,65.2,93.21,55.01,56.49,4.78,1.356,8.04,16.79,34.5,77.6,6.2,836.3,68.33,95.03,48.53,42.82,1
2026-04-02T16:14:06,IMM-03,MD-A12,PA6-GF30,DAY,28.93,60.01,0.12,240.09,245.83,250.75,77,109.67,59.83,71.04,4.26,1.259,8.54,18.73,36.19,95,8.36,862.2,84.52,99.08,45.79,46.75,1
2026-04-02T16:14:48,IMM-04,MD-A12,PA6-GF30,DAY,22.8,53.49,0.103,240.18,248.79,252.52,68.79,106.62,60.3,85.63,3.83,1.071,7.41,17.1,33.35,89.7,9.47,828.5,75.64,81.46,43.64,59.34,0
2026-04-02T16:15:30,IMM-03,MD-A12,PP-GF20,NIGHT,19.7,51.54,0.14,209.59,216.35,220.3,71.1,100.51,59.26,79.59,3.84,1.118,8.47,17.22,34.5,67.3,9.96,811.2,76.23,77.41,48.07,41.38,1
2026-04-02T16:16:12,IMM-02,MD-B07,ABS,DAY,22.29,55.9,0.101,216.15,224.3,229.59,61.95,94.44,52.14,73.86,4.48,1.075,8.68,18.33,36.07,84.7,8.73,811.3,70.98,75.91,49.98,40.48,1
2026-04-02T16:16:54,IMM-02,MD-A12,PA6-GF30,DAY,22.38,54.82,0.172,230.85,235.81,238.89,79.85,112.32,67.75,76.5,4.81,1.152,7.8,18.62,35.64,75.4,9.47,788.2,85.76,110.34,48.06,49.65,0
2026-04-02T16:17:36,IMM-04,MD-A12,PA6-GF30,NIGHT,27.69,49.69,0.115,222.83,228.26,231.4,72.51,94.78,49.69,71.47,4.57,1.114,7.9,18.79,35.77,81.2,8.32,809.7,74.15,86.35,46.16,49.87,0
2026-04-02T16:18:18,IMM-04,MD-B07,ABS,EVENING,26.78,59.29,0.095,211.04,216.18,226.55,70.44,86.45,56.23,80.94,4.06,1.103,7.86,17.36,33.52,88.7,6.86,866.1,,82.88,47.22,39.73,0
2026-04-02T16:19:00,IMM-01,MD-C03,PA6-GF30,DAY,26.83,51.88,0.129,226,237.47,244.45,77.64,99.57,64.68,71.82,3.48,1.062,8.27,18.61,36.75,69.8,9.7,867.6,82.95,92.76,48.06,42,0
2026-04-02T16:19:42,IMM-02,MD-B07,PP-GF20,EVENING,23.51,52.92,0.143,210.9,217.44,222.55,70.62,89.27,44.59,78.19,2.92,1.283,8.85,16.21,36.53,97.6,6.56,811.3,67,80.79,51.09,43.35,1
2026-04-02T16:20:24,IMM-03,MD-C03,ABS,DAY,31.58,40.13,0.161,211.26,217.31,219.76,61.55,91.97,51.22,72,2.94,1.356,7.11,19.15,37.21,68.2,11.58,857.9,78.41,99.31,47.34,43.96,0
2026-04-02T16:21:06,IMM-03,MD-B07,PP-GF20,DAY,20.74,59.14,0.179,215.27,219.95,229.11,64.51,87.99,55.62,67.44,5.04,1.262,7.91,17.35,35.4,68,6.68,833.4,72.48,96.71,40.8,37.29,0
2026-04-02T16:21:48,IMM-04,MD-A12,PA6-GF30,DAY,23,42.11,0.121,228.44,239.18,244.59,79.44,104.38,59.83,73.24,5.11,1.238,7.51,19.06,37.1,78.7,10.2,841.3,81.46,97.67,48.58,54.78,0
2026-04-02T16:22:30,IMM-04,MD-A12,PP-GF20,EVENING,24.78,47.81,0.049,208.04,210.97,217.44,63.95,96.78,62.44,74.98,3.75,0.941,8.11,17.08,35.87,90.3,7.28,878.9,72.9,79.75,45.18,42.25,1
2026-04-02T16:23:12,IMM-04,MD-B07,PA6-GF30,DAY,23.06,,0.116,232.29,240.2,248.35,73.32,92.61,56.24,69.98,3.96,1.296,7.88,20.44,37.57,76.1,7.89,819.9,69.82,100.15,46.39,44.31,0
2026-04-02T16:23:54,IMM-03,MD-B07,PP-GF20,DAY,22.13,45.2,0.152,217.51,225.25,230.17,71.05,92.12,56.66,62.87,4.08,1.102,7.18,17.74,32.95,68.5,7.56,799.5,72.92,90.36,45.4,38.37,0
2026-04-02T16:24:36,IMM-03,MD-B07,PA6-GF30,DAY,25.99,31.52,0.149,225.43,234.86,239.39,74.1,98.27,57.56,65.76,3.78,1.274,7.23,17.42,34.81,78.4,10.27,830.6,75.19,89.3,45.93,46.86,0
2026-04-02T16:25:18,IMM-02,MD-B07,PP-GF20,EVENING,28.75,51.4,0.112,215.26,221.27,227.09,68.08,93.19,47.24,94.28,4.6,1.197,7.01,15.41,32.15,90.3,10.23,818.6,70.34,80.89,44.62,41.36,0
2026-04-02T16:26:00,IMM-04,MD-A12,PA6-GF30,DAY,21.05,66.59,0.145,228.6,239.02,241,79.16,114.25,69.16,74.29,2.43,1.227,8.11,17.09,34.62,74.6,6.4,770.4,90.64,112.39,44.33,48.92,0
2026-04-02T16:26:42,IMM-03,MD-A12,ABS,DAY,22.86,49.27,0.143,208.37,218.97,225.56,72.57,100.86,57.7,63.14,3.25,1.202,8.26,17.7,36.17,75.1,8.91,880.3,72.27,87.18,51.95,43.61,0
2026-04-02T16:27:24,IMM-01,MD-B07,ABS,EVENING,20.66,78.99,0.078,212.99,221.86,224.63,60.41,101.08,56.42,63.34,4.48,1.299,8.6,17.31,35.53,76.9,8.85,822.6,73.86,92.3,41.05,43.99,0
2026-04-02T16:28:06,IMM-02,MD-B07,ABS,EVENING,22.83,40.26,0.177,213.16,221.97,229.54,71.08,88.17,51.74,76.66,4.25,1.143,7.06,17.75,34.42,71.5,8.21,804.8,66.99,72.62,43.54,44.78,0
2026-04-02T16:28:48,IMM-01,MD-B07,PA6-GF30,EVENING,21.18,39.62,0.177,227.15,234.84,238.87,77.87,110.95,63.83,61.64,3.4,1.121,9.29,18.31,37.04,77.4,9.24,774.2,78.23,79.02,49.99,48.17,0
2026-04-02T16:29:30,IMM-01,MD-C03,PP-GF20,NIGHT,23.08,50.23,0.071,208.83,214.62,220.94,71.25,97.23,60.94,78.21,4.13,1.209,7.31,19.87,36.95,73.9,9.17,828.1,68.75,84.46,51.29,44.6,1
2026-04-02T16:30:12,IMM-04,MD-B07,PP-GF20,DAY,23.4,34.4,0.119,216.33,219.73,227.35,73.37,104.06,61.82,68.19,3.3,1.152,7.52,19.48,36.94,78.9,9.04,830.7,77.1,88.46,47.76,38.2,0
2026-04-02T16:30:54,IMM-03,MD-B07,PA6-GF30,NIGHT,25.77,20,0.112,230.23,240.19,242.78,78.29,100.87,62.64,73.82,3.68,1.198,6.35,17.96,33.81,83.7,8.1,851.1,74.95,97.37,47.33,47.57,0
2026-04-02T16:31:36,IMM-01,MD-B07,ABS,DAY,23.23,44.55,0.083,217.6,224.39,232.03,69.12,94.02,50.53,70.83,3.01,1.082,7.97,18.19,34.89,82,8.99,827.7,67.52,77.79,46.5,41.47,0
2026-04-02T16:32:18,IMM-03,MD-C03,PP-GF20,DAY,29.95,44.43,0.131,210.79,217.78,223.4,78.6,93.85,53.53,69.16,4.67,1.288,7.31,20.71,37.08,73.7,7.1,846.3,76.99,107.15,47.55,45.2,0
2026-04-02T16:33:00,IMM-01,MD-C03,PA6-GF30,DAY,19.11,31.75,0.143,243.11,252.56,256.32,79.03,97.78,51.61,68.65,3.58,1.158,7.47,17.87,36.33,88.2,8.6,805.3,73.65,81.33,47.76,45.86,0
2026-04-02T16:33:42,IMM-02,MD-B07,PA6-GF30,NIGHT,26.44,35.75,0.159,231.4,238.63,246.58,82.53,99.51,58.47,74.89,5.13,1.267,6.25,17.69,34.37,95.6,7.92,816.4,74.08,103.21,49.61,55.94,1
2026-04-02T16:34:24,IMM-04,MD-B07,ABS,NIGHT,27.45,54.55,0.161,207.84,214.71,222.79,73.11,87.26,53.78,73.32,3.17,1.186,7.69,17.45,34.51,86.9,8.06,845.6,66.79,80,54.05,45.55,0
2026-04-02T16:35:06,IMM-01,MD-A12,PP-GF20,EVENING,24.52,39.69,0.121,210.4,214.67,219.22,66.92,91.12,51.46,62.45,5.01,1.327,6.3,20.61,36.34,80,8.99,773.1,72.09,96.07,43.13,47.55,1
2026-04-02T16:35:48,IMM-03,MD-B07,ABS,DAY,23.82,45.56,0.083,207.44,212.37,217.75,72.36,101.33,56.64,84.51,5.24,1.045,7.36,17.21,34.5,86.8,8.81,819.1,73.8,66.34,42.32,47.03,1
2026-04-02T16:36:30,IMM-01,MD-B07,ABS,NIGHT,27.32,52.51,0.148,207.83,219.5,222.4,71.35,91.71,57.65,66.8,4.72,1.276,7.45,17.55,33.7,91.2,9.13,843.9,63.66,85.86,48.94,41.75,0
2026-04-02T16:37:12,IMM-01,MD-A12,PP-GF20,EVENING,21.79,44.4,0.1,221.08,230.98,238.29,67.97,104.06,60.77,75.12,5.16,1.036,7.26,19.19,35.16,74.7,7.32,801.1,72.87,74.36,47.62,46.61,0
2026-04-02T16:37:54,IMM-03,MD-B07,ABS,DAY,25.82,61.65,0.077,211.9,217.45,224.02,61.15,89.24,53.27,69.66,3.9,1.137,7.98,19.29,37.23,80.3,6.96,858.6,67.68,78.94,51.79,48.4,0
2026-04-02T16:38:36,IMM-01,MD-C03,PP-GF20,NIGHT,18.69,62.65,0.148,210.6,215.62,222.49,66.88,93.28,55.68,71.16,2.77,1.284,7.42,19.36,35.34,83.5,8.19,861.4,72.15,90.99,42.89,40.95,0
2026-04-02T16:39:18,IMM-03,MD-C03,PA6-GF30,NIGHT,25.87,57.3,0.115,227.59,233.29,239.87,77.25,109.8,66.64,62.99,3.92,1.061,7.5,22.89,39.96,78.1,8.05,875.2,79.37,79.52,44.27,56,0
2026-04-02T16:40:00,IMM-03,MD-A12,ABS,DAY,27.03,45.36,0.152,213.5,220.1,228.1,70.15,92.19,58.88,63.49,3.83,1.164,7.97,19.02,36.42,69.8,8.38,866.7,72.95,81.33,46.01,45.3,1
2026-04-02T16:40:42,IMM-03,MD-B07,PP-GF20,DAY,20.74,31.18,0.07,207.51,217.23,223.78,63.43,85.04,51.32,71.08,4.03,1.126,8.74,20.35,38.58,84.1,8.3,768.8,56.87,68.27,49.95,43.53,0
2026-04-02T16:41:24,IMM-01,MD-B07,PA6-GF30,DAY,25.33,24.46,0.157,222.8,229.88,235.92,79.57,103.62,62.32,74.74,3.21,0.999,8.65,19.79,38.48,96.2,8.39,802.5,82.17,83.39,51.23,51.87,0
2026-04-02T16:42:06,IMM-01,MD-A12,ABS,DAY,25.97,47.05,0.064,203.36,212.77,219.47,58.04,88.88,55.96,80.66,4.36,1.206,6.3,16.84,32.9,94.7,8.39,813.2,68.59,69.57,43.93,35.54,0
2026-04-02T16:42:48,IMM-01,MD-A12,ABS,NIGHT,31.06,66.49,0.02,222.01,229.68,232.27,64.51,93.02,53.13,83.12,3.86,1.267,7.28,17.57,34.24,89.8,8.79,831.8,71.55,96.11,48.15,41.99,0
2026-04-02T16:43:30,IMM-02,MD-B07,PP-GF20,EVENING,23.34,34.83,0.175,214.39,217.84,227.14,69.41,101.6,59.18,83.55,4.83,1.143,6.86,19.18,35.33,76.5,8.26,788.3,79.17,105.81,41.51,41.52,0
2026-04-02T16:44:12,IMM-04,MD-C03,PP-GF20,DAY,27.62,67.94,0.067,219.91,225.9,231.41,69.41,98.07,55.57,75.06,4.07,1.165,8.03,17.23,34.72,78.8,7.87,862.5,73.33,86.31,46.13,38.95,0
2026-04-02T16:44:54,IMM-02,MD-A12,PP-GF20,EVENING,30.65,52.2,0.062,219.23,222.98,226.84,70.11,94.94,55.31,72.04,4.48,1.262,7.33,17.36,35.34,71.1,7.02,774.6,75.32,90.28,50.16,45.19,0
2026-04-02T16:45:36,IMM-01,MD-C03,ABS,DAY,27.69,20.13,0.085,207.56,215.38,221.65,65.23,93.68,51.17,68.59,3.92,1.346,7.6,16.81,34.22,83.8,9.45,930.5,72.03,95.13,37.6,36.36,1
2026-04-02T16:46:18,IMM-01,MD-A12,PA6-GF30,EVENING,22.55,58.19,0.104,226.7,235.52,240.92,78.23,110.52,63.04,71.59,4.01,1.13,8.21,18.49,36.54,96.3,9.58,862.4,87.34,104.66,44.39,52.34,0
2026-04-02T16:47:00,IMM-03,MD-C03,PP-GF20,EVENING,22.28,51.65,0.141,214.15,221.53,228.43,65.81,96.83,57.02,73.73,3.28,1.117,7.75,22.11,40.16,69,8.45,779.4,67.65,82.85,44.27,40.48,0
2026-04-02T16:47:42,IMM-04,MD-C03,ABS,EVENING,24.06,51.2,0.116,205.66,215.01,219.76,64.94,103.65,57.16,71.53,4.7,1.283,7.13,21.09,36.11,96.6,8.27,831.5,77.08,99.58,50.17,41.81,0
2026-04-02T16:48:24,IMM-02,MD-A12,PA6-GF30,EVENING,25.74,63.46,0.187,230.36,238.7,241.45,73.08,104.04,62.39,63.08,2.95,1.102,7.57,17.14,34.11,77.5,8.24,827.9,84.6,98.99,47.33,53.87,0
2026-04-02T16:49:06,IMM-02,MD-B07,PA6-GF30,EVENING,25.81,49.85,0.15,220.77,224.81,230.1,78.89,98.95,57.92,88.5,4.08,0.88,8.9,16.48,35.46,80.4,9.42,838,81.91,76.03,47.04,52.52,0
2026-04-02T16:49:48,IMM-04,MD-B07,ABS,EVENING,20.55,38.66,0.086,207.75,215.19,222.77,69.63,93.22,53.82,68.64,5.02,1.302,8.16,17.69,36.5,72,7.81,869.2,71.73,96.78,43.13,42.89,0
2026-04-02T16:50:30,IMM-02,MD-C03,PA6-GF30,EVENING,18.94,51.93,0.202,232.9,240.06,242.58,79.46,103.74,59.4,84,2.92,1.305,8.27,22.23,41.37,73.5,8.94,835.6,81.17,105.9,42.28,58.06,0
2026-04-02T16:51:12,IMM-04,MD-C03,PP-GF20,NIGHT,21.2,51.94,0.189,215.09,223.01,227.88,70.27,94.93,52.93,61.52,3.46,1.108,6.9,20.03,36,83.5,7.61,889.4,74.32,86.75,50.93,45.46,0
2026-04-02T16:51:54,IMM-01,MD-B07,PA6-GF30,EVENING,26.54,47.4,0.188,230.5,238.48,244.24,83.71,95.98,55.48,77.92,2.09,1.227,8.64,17.7,35.24,81.1,8.48,846.9,74.05,94.48,44.03,49.66,0
2026-04-02T16:52:36,IMM-04,MD-C03,ABS,EVENING,16.92,29.98,0.062,205.73,213.82,221.14,65.96,84.03,53.73,75.11,5.13,1.244,8.07,20.92,38.03,76,7.14,842.9,60.39,74.7,41.73,50.14,0
2026-04-02T16:53:18,IMM-04,MD-B07,PP-GF20,DAY,23.94,62.28,0.139,217.29,230.91,235.25,74.89,89.12,56.55,72.52,3.18,1.277,7.83,17.98,34.99,94.2,8.62,780.2,63.89,70.91,48.28,44.15,0
2026-04-02T16:54:00,IMM-02,MD-B07,PP-GF20,NIGHT,29.34,62.37,0.1,210.64,214.26,218.71,73.08,78.3,43.93,77.31,3.42,1.222,7.26,18.34,35.87,92.6,9.38,840.9,61.13,71.76,43.54,44.46,1
2026-04-02T16:54:42,IMM-02,MD-C03,ABS,DAY,25.74,53.29,0.11,214.42,223.15,229.79,65.97,99.89,53.97,69.08,2.49,1.34,7.57,22.09,38.97,82,10.67,829.1,76.72,108.62,43.41,41.77,0
2026-04-02T16:55:24,IMM-01,MD-A12,PA6-GF30,EVENING,26.11,52.69,0.162,231.92,238.71,245.7,73.48,106.54,63.61,78.57,4.11,1.171,7.03,19.1,36.04,75.3,7.99,825.6,82.23,98.05,47.59,56.66,0
2026-04-02T16:56:06,IMM-03,MD-A12,PP-GF20,EVENING,27.21,61.41,0.104,206.9,214.68,220.6,71.4,94.13,57.12,77.53,4.85,1.09,8.54,18.83,36.74,92,7.12,834.2,65.12,72.77,46.13,39.62,1
2026-04-02T16:56:48,IMM-02,MD-B07,PA6-GF30,DAY,25.72,56.4,0.109,227.01,236.6,241.76,74.77,102.01,59.18,66.37,4.59,1.049,8.87,17.8,35.65,79.5,9.35,855,80.73,96.47,42.99,45.1,0
2026-04-02T16:57:30,IMM-03,MD-C03,ABS,EVENING,25.43,50.85,0.162,202.44,209.83,215.4,71.54,100.37,58.51,72.91,4.96,1.325,9.38,19,39.34,80.4,6.73,849.2,70.35,90.05,48.23,40.34,0
2026-04-02T16:58:12,IMM-01,MD-A12,ABS,NIGHT,18.04,42.74,0.124,206.25,211.33,215.73,69.31,87.95,52.71,73.17,3.96,1.162,8.29,17.87,35.85,104.6,6.08,775.4,65.35,85.54,47.41,45.26,0
2026-04-02T16:58:54,IMM-02,MD-B07,ABS,EVENING,23.34,65.46,0.073,215.38,221.76,227.95,68.93,96.43,58.61,77.91,4.06,1.178,8.3,17.27,34.98,83.5,7.23,862.3,75.77,85.63,41.53,43.13,0
2026-04-02T16:59:36,IMM-02,MD-A12,PA6-GF30,EVENING,24.66,69.68,0.166,239.09,246.69,251.88,77.88,105.89,64.48,68.39,2.99,1.097,8.48,19.05,36.47,83.7,6.5,890.6,82.84,87.19,45.79,52.27,0
2026-04-02T17:00:18,IMM-01,MD-A12,PA6-GF30,EVENING,34.29,52.84,0.123,232.96,241.21,241.54,77.92,100.97,60.04,87.37,3.33,1.409,7.74,17.62,34.28,75.5,7.25,876.3,76.29,102.45,48.96,51.71,0
2026-04-02T17:01:00,IMM-01,MD-A12,PA6-GF30,DAY,29.51,44.92,0.142,221.89,235.69,238.82,73.75,108.73,65.12,76.16,4.28,1.289,6.38,19.19,34.98,85.9,8.66,845.6,89.54,120.68,45.26,54.36,1
2026-04-02T17:01:42,IMM-01,MD-B07,PP-GF20,DAY,23.76,,0.152,208.46,215.52,220.51,67.04,100.6,58.87,65.88,4.27,1.243,8.81,14.69,33.79,88.8,9.18,833,78.25,102.54,49.17,40.5,1
2026-04-02T17:02:24,IMM-01,MD-A12,ABS,NIGHT,26.73,39.92,0.129,213.34,219.95,222.23,65.24,97.17,53.6,72.15,3.66,1.103,7.21,18.69,35.07,87,8.05,832.2,73.32,82.07,45.26,30.35,0
2026-04-02T17:03:06,IMM-04,MD-A12,PA6-GF30,EVENING,32.28,45.79,0.161,216.45,225.19,231.55,80.23,100.78,56.31,81.5,3.12,1.287,7.8,22.66,39.9,98.4,9.09,837.2,78.03,100.52,46.68,48.38,1
2026-04-02T17:03:48,IMM-02,MD-C03,PP-GF20,NIGHT,24.98,44.8,0.087,213.04,215.52,222.99,67.83,95,56.07,68.57,4.02,1.24,6.64,19.87,36.91,71.2,7.46,835,71.21,88.56,43.4,48.13,0
2026-04-02T17:04:30,IMM-03,MD-C03,PP-GF20,NIGHT,23.03,61.09,0.152,204.9,211.21,217.82,67.28,91.72,54,72.31,3.49,1.136,9.02,22.73,42.67,95.1,8.83,852.5,70.96,96.37,48,41.63,0
2026-04-02T17:05:12,IMM-03,MD-A12,PA6-GF30,EVENING,24.63,38.71,0.252,230.59,234.35,239.67,70.49,107.21,64.29,76.3,1.8,1.169,6.31,17.63,34.88,79.8,9.39,812,76.61,96.56,45.03,51.48,1
2026-04-02T17:05:54,IMM-04,MD-B07,PA6-GF30,DAY,16.93,53.22,0.155,240.19,244.19,248.3,72.35,101.78,64.29,79.02,4.67,1.164,8.48,20.07,39.02,87.7,8.03,844.8,80.39,99.9,46.7,45.18,0
2026-04-02T17:06:36,IMM-01,MD-B07,ABS,EVENING,21.71,38.39,0.092,221.52,227.17,234.63,62.1,93.97,52.24,83.44,3.59,1.002,7.49,17.08,34.99,83.6,8.28,776.9,79.13,81.36,39.78,43.07,0
2026-04-02T17:07:18,IMM-03,MD-C03,PP-GF20,NIGHT,29.48,29.11,0.097,215.6,223.32,229.13,67.52,96.96,54.4,76.03,4.07,1.454,7.5,20.31,37.25,73.3,7.84,855.2,75.38,104.6,48.45,42.02,1
2026-04-02T17:08:00,IMM-01,MD-C03,ABS,EVENING,25,51.8,0.084,213.24,218.24,219.47,70.56,94.58,52.75,71.83,4.11,1.305,6.83,19.8,35.99,82.2,8.81,842.9,67.54,89.9,40.82,40.39,0
2026-04-02T17:08:42,IMM-03,MD-A12,ABS,DAY,28.65,45.23,0.111,205.64,214.31,222.02,69.84,106.31,62.81,78.26,3.5,0.99,6.7,16.9,34.14,78.4,7.64,822.6,77.23,80.96,49.19,46.03,0
2026-04-02T17:09:24,IMM-04,MD-A12,ABS,NIGHT,30.95,61.24,0.172,207.81,213.39,217.72,71.06,97.3,55.71,79.86,4.34,1.116,8.14,21.24,39.07,88.5,4.24,779.5,69.5,75.71,47.52,40.17,0
2026-04-02T17:10:06,IMM-02,MD-A12,PA6-GF30,EVENING,25.33,51.36,0.149,239.62,249.2,254.82,72.56,118.33,64.69,64.85,3.16,1.31,7.72,16.18,33.27,81.6,8.09,798.9,86.59,114.41,43.28,53.37,0
2026-04-02T17:10:48,IMM-04,MD-C03,PP-GF20,DAY,21.12,47.94,0.141,218.79,230.37,237.85,67.39,105.6,62.42,73.31,2.91,1.299,7.4,17.88,34.5,93.8,8.1,808.2,86.5,105.49,47.89,42.07,0
2026-04-02T17:11:30,IMM-03,MD-B07,PP-GF20,EVENING,23.05,49.26,0.137,211.32,216.17,221.11,67.51,101.43,59.8,76.2,4.49,1.229,8.25,16.62,35.48,73.7,10.03,790.4,72.5,87.62,50.65,42.25,0
2026-04-02T17:12:12,IMM-04,MD-A12,ABS,DAY,24.27,64.42,0.058,206.69,213.12,217.46,66.21,95.8,54.31,80.2,4.53,1.305,8.27,16.05,34.32,60.5,7.48,830.4,69.86,93.71,44.72,40.82,1
2026-04-02T17:12:54,IMM-01,MD-C03,PA6-GF30,EVENING,27.09,58.29,0.214,229.04,240.23,243.34,71.95,99.52,53.96,73.87,4.65,1.617,7.69,20.09,38.77,84,6.74,884.1,80.55,133.68,47.8,46.83,0
2026-04-02T17:13:36,IMM-02,MD-A12,PP-GF20,EVENING,25.1,45.48,0.085,211.17,222.21,226.74,73.46,103.33,58.44,64.72,4.4,1.117,8.17,18.15,36.84,95.2,11.95,826.1,78.1,77.05,45.35,40.18,0
2026-04-02T17:14:18,IMM-03,MD-A12,PA6-GF30,DAY,25.54,43.59,0.049,233.66,239.81,244.09,83.29,101.78,57.43,76.12,3.88,1.245,9.39,16.85,36.7,93.4,9.86,858.3,79.64,96.84,44.02,47.72,0
2026-04-02T17:15:00,IMM-04,MD-B07,PP-GF20,NIGHT,23.9,40.94,0.174,216.65,226.41,227.7,74.57,84.78,49.3,69.35,3.14,1.157,8.85,17.61,36.34,70.5,7.24,841.7,67.46,54.25,50.52,40.03,1
2026-04-02T17:15:42,IMM-04,MD-B07,PA6-GF30,DAY,27.98,48.47,0.189,230.3,239.72,244.1,73.66,109.29,56.88,74.72,3.29,1.311,8.01,15.31,33.12,78,9.57,821.7,82.08,109.97,46.93,44.8,1
2026-04-02T17:16:24,IMM-01,MD-C03,PA6-GF30,EVENING,14.22,41.98,0.238,226.26,232.34,238.06,72.87,113.2,63.38,72.5,3.48,1.195,7.55,17.31,34.5,81.5,12.13,894.6,87.01,103.99,47.88,51.88,0
2026-04-02T17:17:06,IMM-04,MD-A12,PP-GF20,DAY,23.16,52.48,0.127,210.92,216.85,222.29,66.67,86.78,47.53,73.95,6.5,1.117,8.14,15.69,34.43,94.7,7.72,739.8,62.89,69.49,43.79,37.73,0
2026-04-02T17:17:48,IMM-02,MD-C03,PP-GF20,NIGHT,26.24,46.51,0.077,201.81,208.22,208.34,69.03,106.83,63.8,83.52,4.6,1.292,7.56,19.77,37.47,74.9,9.28,882.4,81.01,108.23,45.03,41.92,0
2026-04-02T17:18:30,IMM-04,MD-B07,PP-GF20,DAY,24.47,50.07,0.18,213.59,224.23,226.56,67.19,86.23,52.52,67.27,5.21,0.991,7.33,18.62,36.28,101.7,9.92,863.7,56.21,63.04,51.95,44.91,0
2026-04-02T17:19:12,IMM-02,MD-A12,PP-GF20,DAY,24.75,59.79,0.133,224.95,233.96,241.76,67.77,107.38,62.12,67.94,3.69,1.167,6.92,18.98,34.87,82.8,8.51,855.1,84.49,93.91,51.58,45.75,1
2026-04-02T17:19:54,IMM-04,MD-A12,ABS,NIGHT,26.85,52.38,0.223,206.12,213.12,219,73.02,94.49,51.88,74.48,4.27,1.241,8.77,18.77,36.2,91.3,10.38,840.6,71.07,101.32,46.19,33.56,1
2026-04-02T17:20:36,IMM-01,MD-B07,ABS,DAY,24.78,41.5,0.145,217.75,222.22,227.88,67.19,86.75,55.37,64.74,3.86,1.268,8.49,16.83,34.17,82.8,8.62,836.2,64.07,80.84,43.48,46.83,0
2026-04-02T17:21:18,IMM-02,MD-B07,ABS,NIGHT,21.89,50.31,0.2,223.12,228.26,232.09,62.23,95.87,52.28,72.36,2.88,1.318,8.92,17.93,36.74,91,9,788,76.07,103.14,50.95,45.79,1
2026-04-02T17:22:00,IMM-02,MD-C03,ABS,DAY,21.62,70.09,0.059,206.64,216.15,221.14,63.46,104.17,62.01,73.24,3.98,1.422,9.69,19.68,39.6,89.8,6.76,799.2,71.64,110.38,43.68,43.59,0
2026-04-02T17:22:42,IMM-01,MD-C03,PP-GF20,DAY,30.77,60.56,0.088,219.24,226.98,233.71,70.25,90.41,52.48,59.4,3.23,1.312,7.44,21.09,37.06,86.2,8.95,877.4,63.52,89.09,43.66,40.18,0
2026-04-02T17:23:24,IMM-04,MD-C03,PP-GF20,EVENING,22.14,30.05,0.128,207.32,215.86,222.76,67.49,98.9,52.51,78.93,4.33,1.282,7.49,18.28,35.69,91.7,10.73,819.2,72.52,95.1,43.59,37.7,0
2026-04-02T17:24:06,IMM-02,MD-A12,PP-GF20,DAY,32.01,42.19,0.094,217.92,229.66,235.63,61.7,84.05,46.39,65.64,4.83,1.112,5.52,18.66,33,75.7,8.37,820.6,60,59.37,48.28,27.3,1
2026-04-02T17:24:48,IMM-01,MD-B07,PP-GF20,EVENING,23.31,37.2,0.084,212.96,220.05,228.88,69.17,84.87,47.12,66.66,4.53,1.596,7.78,20.79,38.32,86.7,10.01,864.8,67.86,113.76,47.45,42.38,0
2026-04-02T17:25:30,IMM-01,MD-C03,ABS,DAY,21.81,31.41,0.058,213.41,215.31,222.28,68.05,104.48,63.18,73.13,3.22,1.211,8.03,20.85,38.93,77.2,7.48,851.9,78.54,95.08,44.82,45.41,1
2026-04-02T17:26:12,IMM-03,MD-A12,ABS,DAY,26,39.49,0.135,216.66,223.22,230.27,70.08,87.07,50.54,68.11,4.66,1.074,6.81,20.21,36.21,72.9,8.27,829.7,67.33,68.09,44.25,48.97,0
2026-04-02T17:26:54,IMM-01,MD-A12,ABS,NIGHT,19.17,45.41,0.06,219.88,225.37,229.98,66.71,90.45,48.65,75.96,3.47,1.184,8.59,18.85,35.72,76,9.03,828.9,64.42,74.94,45.62,39.22,1
2026-04-02T17:27:36,IMM-01,MD-C03,PP-GF20,DAY,22.81,39.13,0.051,209.71,221.4,227.46,69.63,103.13,60.34,79.41,5,1.282,7.25,19,36.96,82.9,9.4,876.6,74.03,94.37,45.29,50.18,0
2026-04-02T17:28:18,IMM-03,MD-C03,ABS,EVENING,21.43,45.83,0.079,205,209.94,216.4,65.56,90.39,52.16,83.34,3.68,1.315,7.23,18.51,35.87,89.6,8.02,910.6,69.34,80.48,44.25,47.42,1
2026-04-02T17:29:00,IMM-04,MD-B07,ABS,EVENING,24.41,52.77,0.081,214.04,223.24,230.39,69.59,84.31,50.68,80.57,3.15,1.181,8.35,18.68,36.52,72.8,8.56,830.4,67.43,89.5,46.69,32.33,0
2026-04-02T17:29:42,IMM-04,MD-A12,PP-GF20,DAY,24.94,40.38,0.14,213.15,220.62,225.35,69.45,95.26,51.35,80.29,3.44,1.253,7.89,18.04,36.19,82.1,8.92,793,69.95,95.37,48.22,37.44,1
2026-04-02T17:30:24,IMM-04,MD-A12,PP-GF20,NIGHT,25.38,34.92,0.106,215.81,224.37,232.27,64.99,87.09,52.92,76.01,4.58,1.22,7.9,19.8,37.57,78.3,8.17,790.5,68.23,90.59,48.26,47.04,1
2026-04-02T17:31:06,IMM-01,MD-B07,ABS,EVENING,24.78,70.81,0.163,216.63,220.4,223.49,67.57,93.93,57.58,67.42,3.28,1.371,8.63,19.51,38.21,92.4,9.51,824.5,80.56,109.21,43.14,36.76,0
2026-04-02T17:31:48,IMM-03,MD-A12,PA6-GF30,EVENING,21.92,40.72,0.188,231.75,235.81,240.38,80.55,109.37,60.03,79.41,3.81,1.026,7.24,16.63,31.73,81.6,9.32,828,76.46,85.72,42.87,49.55,0
2026-04-02T17:32:30,IMM-04,MD-B07,ABS,DAY,15.7,43.17,0.099,206.42,213.69,220.23,68.91,100.83,53.4,70.93,5.53,1.132,8.22,16.8,35.63,83,9.44,828.3,80.41,87.22,44.23,42.51,0
2026-04-02T17:33:12,IMM-02,MD-B07,ABS,EVENING,18.76,55.66,0.088,209.8,218.89,221.3,63.62,96.54,57.07,56.83,3.79,0.82,7.35,19.13,35.17,79,7.05,888.4,74.2,68.52,45.2,48.05,0
2026-04-02T17:33:54,IMM-02,MD-B07,ABS,EVENING,27.19,48.6,0.159,219.36,224.78,231.84,65.71,97.07,54.31,70.44,4.09,1.143,9.46,18.79,38.2,78.1,8.21,808.1,76.23,93.15,44.52,45.42,0
2026-04-02T17:34:36,IMM-03,MD-A12,ABS,EVENING,18.14,54.31,0.105,207.25,214.91,219.1,74.38,88.7,50.86,68.67,3.72,1.176,7.21,17.06,33.99,83.2,9.75,822.2,63.06,69.6,40.58,52.98,0
2026-04-02T17:35:18,IMM-01,MD-A12,ABS,NIGHT,18.88,48.03,0.089,206.36,216.49,223.75,79.99,89.55,52.45,74.02,3.36,0.956,7.58,19.88,36.46,84,10.37,790.9,70.72,63.32,43.67,41.57,1
2026-04-02T17:36:00,IMM-01,MD-C03,PA6-GF30,EVENING,23.28,47.76,0.198,232.8,239.38,244.95,77.11,103.4,59.46,69.12,4.17,1.076,7.88,22.06,40.6,95.6,9.31,864.5,71.33,74.69,45.46,52.15,0
2026-04-02T17:36:42,IMM-03,MD-B07,PP-GF20,NIGHT,24.35,,0.138,221.39,230.16,236.32,73.06,88.02,50.06,68.86,3.86,1.051,6,20.36,35.09,79.3,6.16,830.6,60.55,69.01,43.57,43.84,0
2026-04-02T17:37:24,IMM-04,MD-C03,PA6-GF30,EVENING,30.38,58.83,0.218,226.55,232.81,238.47,83.37,110,59.48,68.03,5.18,1.337,6.88,19.19,35.85,70,7.02,861,75.28,108.02,43.75,50.71,1
2026-04-02T17:38:06,IMM-01,MD-A12,PA6-GF30,NIGHT,22.13,34.1,0.21,232.66,242.64,249.8,75.59,115.49,72.68,70.49,3.32,1.235,7.92,19.46,37.32,87.9,8.53,769,89.33,107.05,45.5,53.96,0
2026-04-02T17:38:48,IMM-03,MD-B07,PA6-GF30,NIGHT,24.36,60.32,0.185,237.59,242.92,251.64,76.09,97.49,50.42,75.53,5.13,1.258,6.63,18.55,34.73,73.1,9.34,832.9,71.78,88.7,48.04,48.82,0
2026-04-02T17:39:30,IMM-04,MD-A12,PP-GF20,EVENING,28.01,58.86,0.047,213.82,223.32,227.35,68.52,95.21,54.45,65.75,4.01,1.306,7.13,20,36.03,80.6,7.59,822.8,81.59,105.03,39.17,38.18,0
2026-04-02T17:40:12,IMM-01,MD-B07,ABS,EVENING,17.96,39.67,0.118,212.64,224.05,230.43,68,100.18,56.57,77.51,3.99,1.217,6.89,19.8,35.21,76.5,6.39,811.9,68.53,85.31,42.62,49.45,0
2026-04-02T17:40:54,IMM-04,MD-B07,ABS,EVENING,19.63,62.21,0.106,221.16,230.55,239.19,61.19,95.03,51.45,75.82,3.2,1.293,7.66,20.32,37.78,78.2,8.31,840,69.07,97.2,44.72,42.98,0
2026-04-02T17:41:36,IMM-03,MD-B07,PP-GF20,DAY,25.83,52.91,0.224,214.99,220.88,225.6,71.19,93.41,57.58,69.85,4.28,1.323,6.94,18.43,35.72,76.9,6.75,787.6,73.78,93.42,45.2,41.74,1
2026-04-02T17:42:18,IMM-04,MD-A12,PA6-GF30,DAY,23.33,55.43,0.149,227.22,236.21,237.97,69.82,103.84,52.47,71.96,3.6,0.985,6.44,20.66,37.44,96.4,8.74,823.9,71.42,67.77,48.97,43.24,1
2026-04-02T17:43:00,IMM-04,MD-C03,PP-GF20,DAY,24.74,36.98,0.084,206.15,215.75,220.4,73.25,92.98,53.42,61.59,4.32,1.277,7.7,21.24,37.94,77.1,9.27,847,,91.26,48.08,36.89,1
2026-04-02T17:43:42,IMM-04,MD-A12,PP-GF20,EVENING,22.18,59.45,0.13,217.25,229.18,235.64,63.38,93.22,52.74,67.74,3.53,1.169,9.44,15.85,34.53,92.6,5.75,731.3,66.66,75.37,42.32,35.27,1
2026-04-02T17:44:24,IMM-01,MD-B07,PP-GF20,EVENING,24.91,53.41,0.057,204.43,208.01,214.88,72.1,94.35,55.58,69.21,3.24,0.827,7.5,17.39,34.09,79.7,8.88,776.1,69.26,60.42,45.33,46.31,1
2026-04-02T17:45:06,IMM-01,MD-C03,PA6-GF30,NIGHT,27.48,29.38,0.159,234.91,242.91,255.32,83.53,110.78,61.31,77.81,5.15,1.389,8.55,18.69,37.04,97,9.05,874.9,83.57,122.49,46.95,57.66,1
2026-04-02T17:45:48,IMM-02,MD-C03,PP-GF20,EVENING,27.31,59.74,,214.65,225.12,228.58,62.99,109.93,62.85,73.64,3.17,1.233,7.75,20.74,38.25,71.8,6.05,844.2,82.73,112.72,47.26,43.27,1
2026-04-02T17:46:30,IMM-04,MD-A12,PP-GF20,EVENING,22.7,46.79,0.17,211.24,215.56,221.07,61.96,101.37,62.62,85.52,4.43,1.117,7.24,17.74,34.83,87.1,6.81,836.3,76.36,82.69,39.59,45.76,1
2026-04-02T17:47:12,IMM-04,MD-A12,ABS,DAY,23.76,50.57,0.069,211.04,219.88,224.84,69.61,100.45,61.61,65.55,4.08,1.219,7.97,17.72,34.97,90.3,7.36,873.4,68.94,86.86,48.75,36.96,0
2026-04-02T17:47:54,IMM-04,MD-A12,PA6-GF30,NIGHT,30.08,61.35,0.157,233.26,242.34,248.4,76.48,104.82,58.42,85.73,2.96,1.236,8.51,16.46,34.54,77.9,8.47,824.6,71.86,93.05,41.21,52.24,1
2026-04-02T17:48:36,IMM-02,MD-C03,ABS,DAY,28.5,42.38,0.105,213.66,220.43,228.1,62.05,90.64,54.1,81.14,4.15,1.435,6.74,19.46,35.63,82.7,8.74,865.8,69.94,113.33,52.77,39.3,0
2026-04-02T17:49:18,IMM-03,MD-A12,ABS,EVENING,23.92,42.73,0.08,199.91,208.01,209.92,69.75,96.51,60.42,69.36,2.64,1.182,7.51,18.05,35.68,87.7,8.4,776,66.21,82.96,49.26,42.78,1
2026-04-02T17:50:00,IMM-03,MD-A12,PP-GF20,NIGHT,24.86,66.03,0.124,224.88,230.78,238.13,68.74,106.69,58.97,62.55,3.37,1.166,8.76,19.01,37.73,83.2,9.42,790.7,78.75,85.16,46.44,44.94,0
2026-04-02T17:50:42,IMM-04,MD-A12,ABS,DAY,23.41,45.24,0.149,212.66,220.8,226.91,74.73,100.37,56.12,74.12,4.47,1.193,7.94,17.61,35.48,74.1,7,805.4,70.84,83.39,44.31,41.72,1
2026-04-02T17:51:24,IMM-03,MD-B07,ABS,EVENING,28.71,51.68,0.136,213.77,221.1,225.88,67.92,86.09,51.5,70.5,4.87,1.278,8.13,18.49,37.63,100.2,8.81,807.3,63.68,84.53,48.09,41.41,1
2026-04-02T17:52:06,IMM-01,MD-B07,ABS,EVENING,14.28,61.99,0.037,217.5,223.7,228.96,63.91,87.46,48.32,62.93,5.27,1.072,6.93,16.46,33.21,92.7,10.28,849.7,63.11,72.19,46.68,43.79,0
2026-04-02T17:52:48,IMM-03,MD-A12,ABS,NIGHT,20.13,58.99,0.157,214.44,227.44,233.89,68.9,89.25,49.93,73.33,5.58,1,7.5,16.81,32.84,82,9.24,778.3,68.62,67.43,51.15,36.34,0
2026-04-02T17:53:30,IMM-01,MD-A12,ABS,EVENING,27.55,38.29,0.103,207.48,217.24,223.43,64.87,97.14,52.13,60.3,4.03,0.983,7.38,18.95,35.82,76.4,9.02,773.9,69.62,73.38,44.38,46.2,0
2026-04-02T17:54:12,IMM-03,MD-A12,PP-GF20,DAY,25.11,45.16,0.124,216.13,221.45,224.59,63.01,95.29,62.17,68.5,5.02,1.142,9.21,19.83,38.59,83.1,8.29,834.6,76.03,83.42,48.67,44.82,0
2026-04-02T17:54:54,IMM-03,MD-B07,PP-GF20,EVENING,20.53,28.18,0.118,207.05,212.77,215.76,71.07,89.18,53.65,80.41,3.26,1.232,7.28,16.8,33.71,66.5,6.31,826,68.38,86.44,45.78,48.29,0
2026-04-02T17:55:36,IMM-04,MD-B07,PA6-GF30,DAY,26.13,52.79,0.166,224.01,227.71,234.92,73.67,95.03,54.55,71.8,4,1.127,7.9,15.03,32.56,84.4,8.85,810.2,74.78,86.37,41.82,55.98,0
2026-04-02T17:56:18,IMM-02,MD-B07,PA6-GF30,NIGHT,22.76,38.28,0.225,227.73,234.08,242.69,73.23,104.33,59.87,75.98,1.81,1.228,7.58,20.07,37.46,91.1,8.53,771.4,76.65,98.65,41.76,52.63,1
2026-04-02T17:57:00,IMM-04,MD-B07,PP-GF20,DAY,21.29,54.85,0.101,216.77,221.1,225.91,73.34,79.01,45.86,64.67,4.65,1.057,8.44,16.36,34.2,85.8,8.07,837.5,53.42,54.46,44.61,34.28,0
2026-04-02T17:57:42,IMM-02,MD-C03,ABS,EVENING,23.16,34.02,0.138,200.81,209.56,215.54,69.04,92.8,57.76,82.39,4.81,1.455,7.18,20.28,37.42,93.6,9.4,845.2,70.31,96.47,40.81,40.7,0
2026-04-02T17:58:24,IMM-02,MD-A12,ABS,EVENING,26.54,32.93,0.098,207.67,213.58,220.49,75.61,96.48,53.25,87.8,3.48,1.249,7.36,15.88,33.68,94.6,7.49,784.9,64.76,83.2,39.56,46.2,0
2026-04-02T17:59:06,IMM-04,MD-C03,ABS,DAY,20.81,53.94,0.154,206.83,214.69,219.83,63.08,96.18,52.75,78.79,5.89,1.443,6.86,19.22,36.44,82.3,6.87,880.7,72.53,100.33,50.38,45.59,1
2026-04-02T17:59:48,IMM-02,MD-B07,PP-GF20,DAY,22.49,38.59,0.121,219.35,224.36,229.32,73.37,78.51,40.39,76.86,2.48,1.264,7.28,19,35.4,67.3,8.89,816.9,53.12,71.44,47.9,34.68,0
2026-04-02T18:00:30,IMM-04,MD-C03,PP-GF20,NIGHT,30.25,78.83,0.102,212.04,217.27,223.19,68.59,102.63,58.46,77.79,2.48,1.25,8.04,20.42,38.47,84.7,6.98,824.9,79.38,91.66,48.42,50.06,1
2026-04-02T18:01:12,IMM-01,MD-A12,ABS,DAY,26.26,41.19,0.136,204.58,215.6,220,68.09,92.77,52.47,77.91,4.89,1.222,7.03,21.38,39.26,84.2,9.23,793.5,70.66,96.74,43.07,40.43,0
2026-04-02T18:01:54,IMM-01,MD-B07,PA6-GF30,EVENING,23.98,46.79,0.231,234.99,246.8,249.65,81.9,93.95,51.49,70.15,4.38,1.256,7.19,16.57,34.17,79.3,8.88,786.8,75.31,82.92,39.93,55.91,0
2026-04-02T18:02:36,IMM-02,MD-A12,PA6-GF30,EVENING,20.47,44.04,0.124,232.69,238.98,244.14,74.55,110.46,65.2,70.2,5.52,1.198,7.82,18.85,36.31,65.2,8.12,861.8,88.33,105.95,46.11,49.27,0
2026-04-02T18:03:18,IMM-03,MD-A12,PA6-GF30,EVENING,21.47,38.05,0.155,225.73,233.28,238.26,73.61,101.24,59.96,68.08,4.49,1.114,8.44,19.77,38.4,80.3,9.01,796.8,81.47,91.42,46.72,55.56,0
2026-04-02T18:04:00,IMM-03,MD-B07,ABS,DAY,25.84,36.25,0.132,223.7,230.44,236.73,71.05,93.34,49.71,76.91,3.95,1.142,7.54,17.73,35.16,78.4,10.7,786.9,64.2,68.39,44.53,33.08,0
2026-04-02T18:04:42,IMM-03,MD-A12,ABS,EVENING,25.97,49.94,0.096,208.55,219.14,226.83,68.89,103.49,61.28,66.29,4.3,1.379,8.95,15.72,34.46,86.6,5.91,786.9,75.83,108.44,46.1,40.12,0
2026-04-02T18:05:24,IMM-02,MD-A12,PP-GF20,EVENING,28.06,35.71,0.115,205.69,213.04,219.73,70.51,91.75,54.05,83.74,3.05,1.13,8.16,21.47,39.39,74.5,8.96,829,64.35,73.62,45.47,40.22,0
2026-04-02T18:06:06,IMM-03,MD-A12,PA6-GF30,DAY,26.6,52.22,0.174,234.23,241.53,248.3,77,95.4,58.17,72.16,4.24,1.14,7.09,18.83,36.09,79.2,6.92,862.9,75.53,84.96,47.04,47.83,0
2026-04-02T18:06:48,IMM-02,MD-C03,PP-GF20,EVENING,22.63,29.41,0.128,224.62,233.05,238.81,70.56,92.76,48.72,75.36,4.62,1.017,9.17,20.35,38.03,87,8.38,848.5,68.78,69.44,40.51,41.53,0
2026-04-02T18:07:30,IMM-02,MD-C03,ABS,EVENING,29.39,39.96,0.131,202.2,209.56,213.69,70.03,104.91,59.5,67.75,2.95,1.236,8.2,17.17,34.35,74.5,7.57,842.7,,87.53,42.83,42.79,0
2026-04-02T18:08:12,IMM-01,MD-A12,PA6-GF30,EVENING,32.1,49.49,0.103,234.65,239.63,243.27,76.1,102.73,64,72.26,5.8,1.189,8.11,19.82,38.12,76.8,11.23,810,80.33,91.53,48.89,54.77,1
2026-04-02T18:08:54,IMM-04,MD-C03,ABS,DAY,23.21,29.89,0.045,215.47,227.34,233.4,63.12,99.16,59.38,68.87,3.96,1.322,9.23,19.17,37.64,77.6,8.41,873.8,75,102.93,45.62,45.34,0
2026-04-02T18:09:36,IMM-01,MD-B07,PP-GF20,NIGHT,21.65,47.44,0.071,213.08,220.6,228.31,65.53,91.45,47.6,73.25,3.53,1.23,8.76,17.26,35.88,80.7,5.94,795.1,72.22,79.42,49.88,43.22,1
2026-04-02T18:10:18,IMM-04,MD-B07,PP-GF20,EVENING,25.17,48.41,0.125,207.28,214.12,220.49,71.51,97.41,52.83,78.59,3.85,1.099,7.62,17.19,34.86,77.4,7.45,800.4,78.06,90.05,46.25,39.26,0
2026-04-02T18:11:00,IMM-04,MD-B07,ABS,EVENING,30.15,65.7,0.16,203.52,209.18,211.44,65.6,84.57,47.52,80.67,3.09,1.143,8.1,18.2,35.95,89.4,6.87,885.7,61.86,74.76,43.15,43.28,0
2026-04-02T18:11:42,IMM-01,MD-C03,PP-GF20,EVENING,24.25,48.31,0.133,213.48,217.45,218.58,65.59,94.9,54.44,73,3.55,1.354,8.23,18.64,37.16,80.7,8.47,865.8,74.58,104,43.57,44.8,0
2026-04-02T18:12:24,IMM-01,MD-A12,PA6-GF30,DAY,26.67,50.14,0.164,224.88,233.67,236.68,76.92,112.64,66.82,85.49,4.62,1.277,7.69,17.25,33.71,82.7,8.31,823.9,87.75,119.16,42.21,42.11,1
2026-04-02T18:13:06,IMM-02,MD-B07,PP-GF20,NIGHT,28.63,53.34,0.138,211.97,221.64,229.93,70.17,92.4,59.78,64.82,3.53,1.076,7.88,16.83,32.37,75.9,7.74,791.3,71.07,74.46,49.82,45.22,0
2026-04-02T18:13:48,IMM-03,MD-B07,ABS,EVENING,24.88,35.36,0.173,212.47,218.45,227.8,65.72,94.07,49.35,74.67,3.82,0.972,7.79,20.36,37.4,82,8.55,814.2,74.16,83.15,46.22,40.47,0
2026-04-02T18:14:30,IMM-04,MD-C03,ABS,DAY,26.24,63.65,0.105,210.59,219.52,221.63,69.65,94.55,53.76,82.82,4.42,1.405,7.34,17.26,34.25,70.8,7.64,811.3,78.88,116.28,49.25,41.67,0
2026-04-02T18:15:12,IMM-01,MD-B07,PP-GF20,EVENING,23.55,58.88,0.082,216.63,222.59,225.94,67.79,99.98,55.82,69.67,3.58,1.382,7.55,18.95,36.27,83.9,6.13,787.1,75.24,105.72,44.52,44.27,0
2026-04-02T18:15:54,IMM-01,MD-A12,PP-GF20,DAY,22.92,46.65,0.073,219.5,230.56,231.48,68.66,99.17,58.54,74.17,4.62,1.107,7.43,17.01,34.19,71.1,8.7,739.5,72,78.15,44.08,42.92,0
2026-04-02T18:16:36,IMM-03,MD-C03,PP-GF20,DAY,28.06,47.94,0.074,213.45,222.12,225.59,74.6,93.05,52.5,78.76,4.57,1.116,8.62,18.96,37.09,73.1,7.63,861,72.67,82.97,46.82,47.47,0
2026-04-02T18:17:18,IMM-01,MD-C03,PP-GF20,EVENING,26.64,47.91,,219.06,227.98,236.57,71.92,93.32,55.36,68.42,3.8,1.265,8.75,17.39,34.94,89.1,9,864,66.37,80.4,44.53,44.2,0
2026-04-02T18:18:00,IMM-04,MD-B07,ABS,NIGHT,19.41,41.18,0.152,207.9,217.93,224.01,69.36,101.13,63.74,70.95,3.69,1.379,8.46,18.53,36.82,91.7,9.97,809.8,77.82,103.52,44.6,47.6,0
2026-04-02T18:18:42,IMM-04,MD-B07,ABS,DAY,24.68,41.21,0.153,218.83,225.39,230.8,73.22,105.57,61.64,74.89,3.48,1.392,7.96,18.01,35.16,89.5,9.75,826.9,80.48,106.46,48.07,36.89,0
2026-04-02T18:19:24,IMM-01,MD-A12,PP-GF20,NIGHT,20.39,34.81,0.114,216.87,225.16,229.46,59.83,95.5,56.75,71.29,3.42,1.368,8.1,18.14,35.48,80.1,8.09,804.6,65.98,90.46,45.3,34.08,0
2026-04-02T18:20:06,IMM-03,MD-A12,PA6-GF30,NIGHT,23.42,75.98,0.151,231.2,235.03,242.46,76.77,108.78,67.68,64.31,4.84,1.335,7.19,21.12,38.78,78.1,8.78,828.5,83.34,114.75,52.48,50.58,1
2026-04-02T18:20:48,IMM-02,MD-C03,ABS,DAY,24.9,49.94,0.085,207.9,218.6,224.24,66.12,104.34,55.27,82.88,3.18,1.385,7.33,19.72,37.57,60.1,9.3,864.6,81.26,102.09,42.08,39.31,0
2026-04-02T18:21:30,IMM-04,MD-B07,ABS,DAY,26.49,53.88,0.19,208.87,216.53,222.82,69.41,96.61,55.86,75.89,4.36,1.214,8.16,19.29,35.58,74.8,8.43,828,73.07,85.19,42.68,37.16,0
2026-04-02T18:22:12,IMM-01,MD-C03,PP-GF20,DAY,19.1,51.65,0.106,217.16,224.18,229.07,70.32,92.19,53.97,78.53,4.85,1.275,6.8,17.71,35.83,89.6,7.69,836.4,71.17,91.38,47.72,42.49,0
2026-04-02T18:22:54,IMM-01,MD-B07,ABS,DAY,17.51,52.71,0.109,212.13,220.86,226.89,69.27,86.15,52.46,63.02,5.34,1.357,7.52,19.29,36.31,83.1,6.53,859.6,65.77,92.92,45.86,50.65,0
2026-04-02T18:23:36,IMM-01,MD-B07,ABS,DAY,21.78,46.08,0.137,211.37,220.93,228.54,65.17,96.86,57.25,67.26,3.15,1.025,7.84,18.29,34.8,94.2,10.04,826.4,67.9,73.25,48.52,45.51,0
2026-04-02T18:24:18,IMM-01,MD-A12,PP-GF20,DAY,26.04,67.25,0.153,215.16,223.08,229.34,72.88,90.81,54.63,65.26,4.31,1.409,6.27,18.03,34.44,60,6.84,759,69.05,101.17,43.23,44.29,0
2026-04-02T18:25:00,IMM-01,MD-C03,ABS,DAY,23.52,54.27,0.122,208.68,211.66,217.42,73.21,101.25,60.53,70.77,5.34,1.301,8.06,18.82,36.74,84,7.53,863.5,75.15,95.23,49.74,47.25,0
2026-04-02T18:25:42,IMM-02,MD-C03,ABS,EVENING,24.38,54.95,0.125,202.29,212.53,216.6,70,100.34,57.24,74.42,2.48,1.259,8.1,21.39,39.89,80.2,6.66,856,73.15,100.02,46.12,40.65,0
2026-04-02T18:26:24,IMM-04,MD-B07,PA6-GF30,EVENING,24.35,64.41,0.186,225.85,234.76,240.65,72.86,92.13,52.79,84.39,3.95,1.316,8.25,17.64,35.05,75.2,8.13,777.1,63.98,84.25,52.5,52.17,1
2026-04-02T18:27:06,IMM-01,MD-B07,PP-GF20,NIGHT,14.62,49.67,0.172,210.71,217.9,224.12,67.84,90.82,53.02,65.8,5.63,1.177,7.64,18.73,35.92,78.5,9.24,815.9,65.13,78.1,46.83,39.13,0
2026-04-02T18:27:48,IMM-01,MD-A12,PP-GF20,DAY,26.97,49.1,0.206,209.94,214.74,222.64,73.06,85.34,49.44,69.03,3.64,1.31,8.24,17.9,36.46,76.9,10.05,831.6,56.87,78.79,43.8,33.65,1
2026-04-02T18:28:30,IMM-03,MD-A12,ABS,EVENING,21.88,63.48,0.165,210.09,219.53,221.47,70.68,89.68,45.94,70.25,4.98,1.245,8,20.65,40.11,84.8,9.21,776,70.06,92.71,41.05,41.8,0
2026-04-02T18:29:12,IMM-04,MD-B07,ABS,EVENING,23.52,39.12,0.077,216.58,223.73,230.4,71.08,91.09,49.86,76.34,3.48,1.339,6.54,19.49,35.87,93.2,9.47,826.5,71.45,95.79,51.11,42.08,0
2026-04-02T18:29:54,IMM-02,MD-B07,PA6-GF30,NIGHT,26.54,62.46,0.186,222.76,231.53,234.37,78.02,90.25,52.24,80.93,4.13,1.081,6.86,15.55,30.17,97.5,7.52,802.1,69.88,70.73,46.74,52.54,0
2026-04-02T18:30:36,IMM-03,MD-C03,PP-GF20,EVENING,24.11,69.88,0.169,217.01,224.12,229.25,65.04,98.8,58.93,64.53,3.29,1.278,8.43,18,34.63,87.3,9.58,851.3,69.39,89.15,45.2,40.78,0
2026-04-02T18:31:18,IMM-02,MD-A12,PP-GF20,EVENING,26.85,59.69,0.172,210.49,214.88,220.69,65.24,85.41,48.45,80.02,4.58,1.071,7.12,17.83,34.89,83.5,7.44,846.1,66.7,62.08,43.68,47.17,0
2026-04-02T18:32:00,IMM-02,MD-C03,ABS,EVENING,23.82,65.28,0.088,217.04,226.42,234.53,66.62,101.92,60.59,79.29,4.29,1.21,8.46,18.71,36.9,79.8,6.75,852.1,80.68,94.47,45.75,41.79,0
2026-04-02T18:32:42,IMM-01,MD-B07,PA6-GF30,DAY,23.81,56.18,0.219,230.9,237.23,242.11,75.27,95.81,56.41,78.57,4.24,1.369,7.24,17.95,35.35,68.6,5.33,878.3,71.29,105.82,44.68,54.52,0
2026-04-02T18:33:24,IMM-01,MD-B07,PP-GF20,DAY,28.82,44.84,0.074,216.95,223.08,229.62,72.67,107.32,61.49,69.53,4.24,1.07,8.25,19.57,36.05,74,6.85,793.8,90,100.33,48.03,49.08,0
2026-04-02T18:34:06,IMM-04,MD-A12,PA6-GF30,DAY,24.73,39.41,0.124,225.96,234.3,238.57,69.6,97.9,54.85,75.09,4.14,1.236,7.71,16.78,33.97,91.2,8.63,778.1,73.4,103.76,48.55,53.95,0
2026-04-02T18:34:48,IMM-01,MD-A12,PP-GF20,EVENING,29.72,51.36,0.13,217.27,226.44,234.27,67.57,93.32,60.73,91.11,3.45,1.208,6.86,18.93,36.04,88.8,10.17,844.2,75.92,93.71,44.08,39.63,0
2026-04-02T18:35:30,IMM-03,MD-A12,PP-GF20,DAY,19.83,56.87,0.106,208.08,219.11,225.33,68.22,92.15,54.73,74.15,3.63,1.133,7.05,18.71,34.72,76.2,8.74,822.4,66.07,77.66,47.96,41.32,0
2026-04-02T18:36:12,IMM-02,MD-B07,PA6-GF30,EVENING,20.07,44.38,0.192,235.76,248.55,256.01,77.29,100.13,56.51,76.73,4.75,1.407,7.58,17.73,36.28,83.2,9.14,785.3,81.18,117.57,47.24,54.9,0
2026-04-02T18:36:54,IMM-02,MD-B07,PP-GF20,DAY,29.25,22.47,0.118,213.55,215.62,218.92,69.85,88.95,49.39,73.74,4.16,1.248,8.3,17.91,36.36,88.7,8.49,786.2,69.61,87.1,42.46,56.24,0
2026-04-02T18:37:36,IMM-02,MD-A12,PA6-GF30,EVENING,29.31,47.73,0.184,225.85,233.76,240.43,73.74,104.18,59.33,70.29,4.95,1.011,8.1,19.42,36.29,86.2,6.58,739.9,83.06,89.95,44.01,46.19,0
2026-04-02T18:38:18,IMM-02,MD-B07,PA6-GF30,NIGHT,23.19,48.35,0.214,224.1,229.37,232.57,75.15,96.06,54.64,77.12,4.78,1.144,7.66,17.62,34.1,82.5,7.9,843.8,72.22,81.13,47.78,47.12,0
2026-04-02T18:39:00,IMM-04,MD-A12,ABS,DAY,27.09,51.42,0.082,212.7,221.01,229.16,71.89,98.73,54.89,84.03,2.54,1.408,8.46,18.1,36.43,95.8,9.95,873.1,73.19,104.94,42.9,43.91,0
2026-04-02T18:39:42,IMM-04,MD-A12,ABS,NIGHT,28.58,48.14,0.106,200.11,206.26,213.36,72,92.28,45.81,69.74,4.16,1.366,8.47,17.78,35.98,68.6,9.23,772.2,65.87,94.49,45.21,45.65,0
2026-04-02T18:40:24,IMM-02,MD-A12,PA6-GF30,EVENING,27.52,45.62,0.148,237.14,241.84,246.2,83.06,94.81,54.28,74.61,3.68,1.218,7.91,15.19,33.19,69.6,7.79,835.3,68.01,78.35,48.91,56.09,1
2026-04-02T18:41:06,IMM-03,MD-B07,PP-GF20,EVENING,19.99,53.09,0.126,220.91,225.12,228.83,69.96,92.24,55.74,75.47,4.7,1.13,7.22,18.46,35.89,69.4,10.38,853.9,78.73,87.5,45.86,42.74,0
2026-04-02T18:41:48,IMM-01,MD-C03,PA6-GF30,NIGHT,28.76,43.54,0.163,233.46,239.39,246.85,84.08,101.24,63.55,70.4,4.52,1.123,6.82,19.24,35.8,78.1,7.7,858.4,74.1,82.3,44.74,57,0
2026-04-02T18:42:30,IMM-04,MD-A12,ABS,EVENING,26.6,66.81,0.133,208.71,212.56,213.13,70.1,92.42,50.44,72.81,3.18,1.111,7.8,20.01,38.62,69.4,7.52,850.5,68.36,70.02,44.36,43.45,0
2026-04-02T18:43:12,IMM-04,MD-B07,PP-GF20,NIGHT,29.68,56.35,0.139,217.39,221.83,226.33,65.46,93.24,52.89,66.26,3.91,1.281,6.95,19.01,35.26,80.1,8.41,913.7,69.39,85.34,44.15,41.96,1
2026-04-02T18:43:54,IMM-03,MD-A12,PP-GF20,EVENING,15.71,49.03,0.128,210.42,220.45,228.1,72.62,99.86,61.27,85.65,2.36,1.316,7.62,18.33,35.67,78.3,9.16,823.6,75.07,99.13,50.49,43.19,0
2026-04-02T18:44:36,IMM-01,MD-B07,PA6-GF30,DAY,26.29,43.3,0.194,224.72,231.81,238.22,76.03,108.48,64.17,62.5,4.32,1.327,7.48,15.32,32.75,85.3,7.56,822.7,75.7,109.99,41.54,48.49,0
2026-04-02T18:45:18,IMM-03,MD-B07,PP-GF20,DAY,23.44,41.23,0.145,213.73,219.58,225.53,65.25,79.63,50.52,72.89,3.92,1.094,8.01,19.61,37.32,83.9,7.86,795.9,57.03,75.53,45.73,44.62,1
2026-04-02T18:46:00,IMM-02,MD-A12,ABS,DAY,25.6,30.64,0.165,214.04,221.4,226.2,63.33,87.23,53.95,65.88,3.52,1.054,8.14,17.8,34.71,72.8,9.7,778.2,63.97,64.33,40.45,43.59,0
2026-04-02T18:46:42,IMM-03,MD-A12,PA6-GF30,NIGHT,20.45,45.03,0.161,227.89,235.87,240.57,72.86,104.73,57.83,64.75,3.67,0.969,7.37,18.82,36.55,79.7,9.85,814.5,74.98,70.97,46.4,48.2,0
2026-04-02T18:47:24,IMM-03,MD-B07,PA6-GF30,EVENING,25.61,38.6,0.205,210.34,212.89,216.86,70.35,104.55,59.08,71.9,3.67,1.477,6.95,16.44,32.78,83.3,7.61,808.4,77.89,120.46,45.21,51.9,1
2026-04-02T18:48:06,IMM-02,MD-C03,ABS,DAY,27.33,36.07,0.072,213.44,216.81,224.28,65.8,100.59,57.52,69.77,3.41,1.322,7.62,19.39,37.45,87.5,9.06,799.6,82.2,107.48,46.55,52.34,0
2026-04-02T18:48:48,IMM-02,MD-B07,PA6-GF30,DAY,23.79,51.88,0.228,234.09,244.15,248.09,75.2,99.05,54.54,74.22,4.78,1.25,7.7,17.5,34.82,89,7.4,839.8,80.53,100.08,44.13,44.44,1
2026-04-02T18:49:30,IMM-02,MD-C03,ABS,EVENING,21.1,56.41,0.174,222.98,231.66,235.31,69.54,90.13,54.44,77.24,3.25,1.117,8.31,19.82,38.71,78.9,8.1,840.5,67.44,79.01,44.91,46.67,0
2026-04-02T18:50:12,IMM-02,MD-B07,PP-GF20,DAY,26.24,44.86,0.104,213.52,218.53,222.2,69.2,103.05,62.6,81.98,5.09,0.951,7.8,18.42,35.83,94.3,7.82,795.3,83.47,77.25,41.59,44.47,0
2026-04-02T18:50:54,IMM-03,MD-B07,ABS,DAY,20.68,39.32,0.177,211.51,221.24,226.82,69.21,104.66,58.69,65.17,4.22,1.348,8.58,19.75,38.75,92.8,9.1,790.8,80.53,105.82,47.12,40.72,1
2026-04-02T18:51:36,IMM-04,MD-A12,ABS,DAY,27.8,58.86,0.213,211.69,219.45,227.51,74.08,79.37,43.9,75.89,3.31,1.306,8.07,19.92,39.09,73.2,6.82,779.7,65.22,91.83,46.35,42.32,0
2026-04-02T18:52:18,IMM-04,MD-C03,ABS,EVENING,29.16,46.75,0.122,209.54,217.85,219.94,70.97,110.41,67.1,69.22,3.94,1.348,6.82,20.35,37.14,86.9,9.17,794.7,85.93,105.43,42.33,48.82,0
2026-04-02T18:53:00,IMM-01,MD-A12,ABS,DAY,32.4,44.56,0.072,214.96,222.78,229.15,65.72,104.26,65.18,78.04,4.1,1.279,7.05,18.24,34.91,93.8,8.06,831.3,77.86,95.86,50.89,41.21,0
2026-04-02T18:53:42,IMM-03,MD-B07,PP-GF20,EVENING,22.88,53.36,0.142,212.16,223.57,229.67,66.2,101.48,61.79,66.8,4.85,1.017,7.98,18,35.04,78.2,9.5,894.8,76.94,84.35,48.51,42.5,0
2026-04-02T18:54:24,IMM-03,MD-A12,ABS,DAY,32.82,24.21,0.129,211.7,218.81,222.45,65.25,103.06,65.59,70.81,3.95,1.223,8.21,18.4,36.59,95,7.41,812.9,78.71,92.88,45.32,46.48,0
2026-04-02T18:55:06,IMM-01,MD-B07,ABS,DAY,23.95,30.33,0.086,215.41,222.27,226.78,67.55,99.97,61.49,74.19,3.84,1.291,8.73,20.07,38.24,76.7,9.15,823,78.24,96.74,40.47,44.6,0
2026-04-02T18:55:48,IMM-01,MD-B07,PP-GF20,EVENING,24.02,59.71,0.111,220.71,228.91,235.93,72.24,90.01,47.34,64.88,6.91,1.302,8.09,17.46,35.41,91.7,8.84,766.4,76.06,94.23,44.4,43.34,0
2026-04-02T18:56:30,IMM-02,MD-A12,PA6-GF30,DAY,21,44.86,0.135,220.62,230.24,237.8,80.62,94.21,59.66,65.89,3.94,1.381,6.58,19.97,37.16,78.8,7.81,857.4,70.48,97.67,42.05,47.5,0
2026-04-02T18:57:12,IMM-01,MD-A12,ABS,DAY,20.47,70.02,0.127,217.31,221.67,227.78,70.14,100.29,58.83,77.86,3.88,1.316,8.31,18.15,36.18,85.1,8.18,789.2,73.14,100.82,39.98,45.47,0
2026-04-02T18:57:54,IMM-01,MD-A12,PP-GF20,DAY,24.9,47.53,0.063,214.84,221.1,223.57,70.4,95.06,55.69,64,3.24,1.25,7.7,17.13,33.58,100.2,8.05,837.3,79.73,96.74,46.24,50.83,1
2026-04-02T18:58:36,IMM-03,MD-A12,PA6-GF30,EVENING,27.15,58.7,0.199,229.59,237.06,244.01,74.81,109.08,60.24,74.53,4.58,1.024,7.54,18.87,35.24,72.3,9.06,809.4,83.19,83.59,49.02,54.03,0
2026-04-02T18:59:18,IMM-02,MD-B07,ABS,DAY,26.07,56.91,0.061,220.58,233.1,236.65,67.27,88.3,52.22,67.24,4.91,1.032,6.89,17.26,32.29,69.2,7.44,843.2,73.44,81.08,46.64,44.31,0
2026-04-02T19:00:00,IMM-04,MD-A12,PP-GF20,DAY,31.61,47.33,0.109,216.79,223.76,224.79,66.53,91.37,56.73,78.52,5.31,1.316,7.9,18.19,36.33,83,7.75,788.8,66.68,87.93,51.97,40.27,1
2026-04-02T19:00:42,IMM-02,MD-C03,PP-GF20,EVENING,12.22,38.99,0.095,216.8,223.9,229.19,67.17,103.09,56.4,74.88,2.54,1.307,7.17,18.19,35.88,89.2,9.29,793.3,76.62,100.97,47.93,32.25,1
2026-04-02T19:01:24,IMM-03,MD-A12,ABS,DAY,27.28,38.12,0.029,209.89,216.43,220.89,72.99,84.29,51.32,70.96,4.43,1.064,10.1,20.85,40.66,81.7,9.01,860.4,70.91,81.02,47.36,42.56,0
2026-04-02T19:02:06,IMM-03,MD-A12,PA6-GF30,NIGHT,30.62,67.01,0.15,232.41,236.55,239.42,75.97,106.46,59.89,73.27,4.62,1.173,8.44,17.98,35.08,81.6,9.9,780.4,80.32,94.41,47.08,49,0
2026-04-02T19:02:48,IMM-02,MD-B07,ABS,DAY,16.31,52.34,0.135,215.56,220.25,224.99,70.23,93.85,55.87,69.12,4.64,1.315,6.77,19.04,36.06,80.9,8.55,850.6,69.61,84.57,44.87,41.13,0
2026-04-02T19:03:30,IMM-03,MD-C03,PA6-GF30,DAY,25.47,32.7,0.129,222.64,231.13,237.92,70.79,120.55,72.25,71.92,4.47,1.209,7.01,20.56,38.19,91.1,9.98,902.3,96.01,108.91,43.96,39.06,0
2026-04-02T19:04:12,IMM-03,MD-C03,PA6-GF30,EVENING,19.4,45.47,0.15,234.76,239.92,246.35,73.41,99.72,57.29,69.18,4.33,1.457,7.8,21.7,40.29,89.9,9.69,880.6,70.98,100.36,45.9,51.71,0
2026-04-02T19:04:54,IMM-02,MD-C03,ABS,NIGHT,19.25,50.42,0.091,202.27,209.96,212.87,74.46,99.25,63.57,83.79,4.97,1.207,8.3,19.35,37.25,64.5,6.03,848.6,78.85,89.7,49.64,39.42,0
2026-04-02T19:05:36,IMM-03,MD-A12,PP-GF20,DAY,24.51,49.4,,224.04,230.86,238.75,73.91,98.76,58.27,83.46,3.62,1.383,9.04,18.99,37.95,77.1,9.74,865.9,72.12,109.87,48.46,45.57,0
2026-04-02T19:06:18,IMM-04,MD-A12,PP-GF20,DAY,29.67,82,0.184,206.54,215.18,222.16,72.81,90.85,55.63,82.03,4.15,1.26,7.68,17.63,35.02,81.1,8.92,730.7,76.12,91.47,46.42,41.5,1
2026-04-02T19:07:00,IMM-04,MD-B07,PA6-GF30,EVENING,27.84,56.63,0.125,231.48,238.49,245.59,80.6,108.87,59.48,89.11,3.8,1.127,7.69,18.69,36.74,68.7,8.28,810.9,82.06,86.06,45.84,47.16,0
2026-04-02T19:07:42,IMM-01,MD-B07,PP-GF20,EVENING,27.31,71.59,0.125,204.82,211.93,217.82,70.98,94.21,51.44,76.43,3.51,1.116,7.58,20.05,36.97,86.5,8.19,810,68.11,71.98,46.25,42.91,0
2026-04-02T19:08:24,IMM-04,MD-A12,ABS,DAY,26.08,46.82,0.167,218.57,227.98,234.96,64.06,84.98,51.25,77.64,3.83,1.167,7.51,18.92,35.73,94.2,8.81,819.6,61.7,65.28,47.08,40.48,1
2026-04-02T19:09:06,IMM-01,MD-B07,ABS,DAY,18.99,26.86,0.137,218.29,228.86,237.01,67.42,93.82,51.72,73.27,4.41,1.166,5.96,20.17,36.28,102.3,7.24,856.4,71.25,85.67,45.32,49.47,0
2026-04-02T19:09:48,IMM-04,MD-C03,PP-GF20,DAY,20.52,48.83,0.077,208.61,214.38,220.66,67.09,88.57,51.3,74.07,3.62,1.445,6.72,20.15,37.52,83.3,8.73,825.3,61.43,90.83,48.24,41.82,0
2026-04-02T19:10:30,IMM-02,MD-C03,PA6-GF30,DAY,23.81,64.36,0.124,231.58,239.15,245.11,82.22,105.99,63.67,65.31,3.63,1.241,7.95,20.57,37.68,91.8,6.71,898.5,81.44,98.63,43.7,47.32,1
2026-04-02T19:11:12,IMM-02,MD-C03,PP-GF20,DAY,26.3,52.86,0.196,217.43,221.6,227.21,65.9,104.17,60.72,79.36,3.4,1.236,8.71,17.26,35.11,68.4,8.68,813,80.87,106.41,40.56,42.14,0
2026-04-02T19:11:54,IMM-03,MD-B07,ABS,EVENING,25.03,41.43,0.091,210.6,212.91,216.58,67.05,109.49,67.01,76.28,2.15,1.056,7.43,16.61,34.36,74.4,8.46,872.1,81.47,85.79,46.93,41.24,0
2026-04-02T19:12:36,IMM-03,MD-C03,PA6-GF30,DAY,22.54,63.64,0.192,220.04,222.89,227.42,71.07,104.69,58.61,85.56,4.47,1.212,7.29,19.42,36.45,82.4,6.33,872.5,84.67,103.61,48.15,47.37,0
2026-04-02T19:13:18,IMM-01,MD-C03,PA6-GF30,DAY,23.3,53.44,0.128,238.42,247.9,256.95,81.91,100.57,51.69,71.26,3.56,1.268,6.85,19.74,37.35,82.8,8.27,806.4,73.97,91.48,46.92,45.83,0
2026-04-02T19:14:00,IMM-01,MD-B07,PP-GF20,DAY,30.58,53.67,0.086,215.26,218.59,220.71,69.97,89.23,54.55,79.99,4.25,1.275,7.05,18.94,35.79,87.3,9.09,819.8,61.49,81.21,42.13,41.08,0
2026-04-02T19:14:42,IMM-04,MD-A12,PA6-GF30,DAY,24.78,67.11,0.06,227.84,236.64,245.18,70.92,109.31,63.66,76.95,3.98,0.996,9.14,18.52,36.58,90.2,8.25,811.1,86.94,82.77,45.02,54.35,0
2026-04-02T19:15:24,IMM-04,MD-C03,ABS,EVENING,17.15,53.65,0.179,219.03,225.28,232.68,75.68,104.12,57.82,68.14,4.18,1.331,8.03,18.83,36.85,80.3,5.91,858.8,76.21,103.74,43.18,44.83,0
2026-04-02T19:16:06,IMM-03,MD-A12,ABS,NIGHT,26.29,45.58,0.092,215.85,220.85,224.76,61.77,87,53.32,66.08,4.4,1.166,7.77,16.36,34.23,93.7,8.45,801.3,69.68,78.66,47.7,45.12,0
2026-04-02T19:16:48,IMM-01,MD-B07,PP-GF20,DAY,21.34,69.08,0.095,213.53,216.14,219.93,74.71,94.16,55.87,70.57,4.15,1.137,6.29,16.97,33.02,75.6,8.55,775.3,74.31,84.98,47.25,48.53,0
2026-04-02T19:17:30,IMM-02,MD-B07,PA6-GF30,DAY,25.99,55.5,0.144,226.12,233.04,236.69,78.96,102.49,58.45,57.9,4.83,1.272,9.34,18.32,36.97,79.2,8.82,825.5,75.78,98.68,43.97,50.9,0
2026-04-02T19:18:12,IMM-04,MD-B07,PP-GF20,DAY,26.97,38.07,0.139,216.53,224.42,232.65,71.99,99.1,59.41,59.36,4.68,0.968,8.25,15.92,33.67,98.3,7.25,829.1,72.32,70.02,46.94,42.44,0
2026-04-02T19:18:54,IMM-01,MD-C03,PP-GF20,DAY,28.67,41.27,0.086,219.32,226.13,230.5,65.17,88.65,55.25,69.16,3.51,1.441,8,17.92,35.9,92.3,9.32,905.6,67.91,100.44,43.01,41.08,0
2026-04-02T19:19:36,IMM-03,MD-A12,PA6-GF30,EVENING,20.68,33.89,0.077,233.32,239.53,246.82,74.27,99.52,58.3,73.85,3.35,1.257,7.8,16.92,34.29,83.8,8.43,843.6,72.71,93.05,43,51.68,0
2026-04-02T19:20:18,IMM-01,MD-B07,PA6-GF30,EVENING,26.97,58.68,0.146,225.47,232.47,239.12,72.07,111.79,66.21,74.26,4.79,1.176,8.32,16.93,34.88,88.2,9.83,766.5,85.98,104.14,43.83,51.4,1
2026-04-02T19:21:00,IMM-03,MD-B07,PP-GF20,NIGHT,22.03,47.91,0.121,220.42,230.41,234.43,64.63,92.69,51.6,80.06,4.07,1.219,8.26,18.26,35.68,85.6,10.2,850.9,68.17,79.01,51.36,39.85,1
2026-04-02T19:21:42,IMM-01,MD-A12,ABS,EVENING,24.3,44.45,0.151,216.15,226.16,233.82,73.08,80.15,44.71,77.07,4.17,0.851,7.25,18.23,35.09,89.8,7.17,837.5,63.31,55,44.34,46.44,0
2026-04-02T19:22:24,IMM-01,MD-C03,PA6-GF30,DAY,22.93,35.48,0.123,231.89,239.25,244.66,72.69,98.26,62.25,73.14,4.52,1.278,8.01,19.46,37.72,88.6,8.46,916.2,67.62,76.96,47.4,51.97,0
2026-04-02T19:23:06,IMM-04,MD-B07,PP-GF20,DAY,26.97,71.27,0.087,217.82,223.33,226.73,71.13,90.17,55.92,72.92,4.46,1.212,7.05,14.85,31.85,90.3,8.76,831.9,68.74,78.52,49.33,47.87,0
2026-04-02T19:23:48,IMM-01,MD-A12,PP-GF20,EVENING,25.69,44.6,0.124,216.27,222.19,227.98,68.58,88.51,50.32,76.29,5.39,1.314,8.63,17.48,36.13,88.7,7.56,808.2,64.89,85.21,46.25,45.35,0
2026-04-02T19:24:30,IMM-04,MD-C03,ABS,DAY,23.45,56.09,0.032,212.47,218.08,228.55,73.08,109.05,63.34,69.53,4.39,1.096,8.41,20.97,39.48,82.3,7.91,830.9,81.44,92.33,43.11,45.65,0
2026-04-02T19:25:12,IMM-04,MD-A12,PA6-GF30,EVENING,25.58,42.64,0.134,232.66,239.94,244.35,71.7,106.81,65.07,87.92,4.3,1.063,8.16,19.08,36.35,87.2,7.84,890,76.06,82.88,47.34,52.04,1
2026-04-02T19:25:54,IMM-03,MD-C03,ABS,NIGHT,24.82,53.35,0.05,212.27,217.93,225.19,66.1,97.82,50.86,63.09,3.82,1.244,6.37,21.19,37.12,87.7,9.07,830.3,75.93,89.86,50.36,47.65,0
2026-04-02T19:26:36,IMM-01,MD-C03,PP-GF20,DAY,29.31,57.99,0.131,213.41,224.61,231.18,66.26,104.11,63.25,58.48,4.88,1.255,6.91,18.21,35.32,76.9,8.89,845.7,89.62,123.06,38.89,37.82,0
2026-04-02T19:27:18,IMM-02,MD-A12,PA6-GF30,DAY,28.16,70.15,0.151,234.49,241.53,245.96,80.53,102.15,63.29,68.03,5.16,1.2,7.52,19.36,37.21,75.1,8.5,833.1,76.61,94.85,48.88,53.88,1
2026-04-02T19:28:00,IMM-02,MD-A12,PA6-GF30,EVENING,31.63,58.33,0.101,224.69,230.56,237.7,71.05,101.99,60.1,84.75,4.79,1.453,6.69,16.94,32.88,84,9.78,885.5,71.18,101.76,44.47,50.26,0
2026-04-02T19:28:42,IMM-02,MD-B07,PP-GF20,EVENING,20.15,51.97,0.063,204.5,213.47,221.63,74.54,107.95,62.76,74.18,3.81,1.184,7.87,19.99,38.47,85.8,7.4,794.6,78.68,92.73,51.38,36.83,0
2026-04-02T19:29:24,IMM-03,MD-A12,ABS,DAY,28.57,24.19,0.166,202.14,212.2,217.22,65.01,100.06,59.34,77.56,3.87,1.393,7.37,16.52,33.6,73.8,8.33,812.7,75.21,101.46,47.39,44.7,0
2026-04-02T19:30:06,IMM-03,MD-B07,PA6-GF30,DAY,18.8,45.65,0.135,227.42,232.73,238.58,76.43,104.68,59.01,73,4.44,1.245,7.06,19.93,37.22,94.6,7.91,808.1,78.85,94.99,50,49.23,0
2026-04-02T19:30:48,IMM-04,MD-B07,PA6-GF30,EVENING,22.41,59.32,0.224,222.15,229.26,233.63,73.25,103.53,61.23,76.47,3.33,1.149,8.07,17.71,36.25,86.1,8.63,822.8,77.74,94.86,44.24,50.06,0
2026-04-02T19:31:30,IMM-02,MD-A12,PA6-GF30,DAY,26.02,55.94,0.188,238.19,246.65,250.79,77.35,108.86,60.45,76.16,4.73,1.026,7.24,19.63,35.3,80.1,6.75,772.4,81.69,79.25,48.1,58.78,0
2026-04-02T19:32:12,IMM-01,MD-A12,ABS,DAY,23.52,49.52,0.068,215.61,221.95,226.01,70.82,80.46,46.27,73.03,4.03,1.344,8.17,19.56,37.98,80.2,8.71,821.1,61.45,82.93,41.08,43.66,0
2026-04-02T19:32:54,IMM-02,MD-A12,PA6-GF30,DAY,23.14,57.29,0.218,227.53,234.33,238.99,75.78,102.91,61.1,63.34,3.52,1.169,8.69,14.45,32.12,86.3,9.65,822.7,77.09,91,46.95,46.54,1
2026-04-02T19:33:36,IMM-02,MD-A12,ABS,EVENING,23.31,56.44,0.155,191.45,200.65,207.23,66.45,93.19,49.99,74.01,5.52,0.923,7.46,19.96,35.72,94.8,7.58,793.7,68.81,65.59,45.37,45.63,0
2026-04-02T19:34:18,IMM-04,MD-B07,ABS,EVENING,34.05,43.55,0.123,220.39,227.41,227.23,64.93,97.21,55.17,67.01,3.89,0.954,9.03,18.13,36.48,84.5,8.88,849.9,81.43,77.52,48.5,40.4,0
2026-04-02T19:35:00,IMM-04,MD-A12,ABS,EVENING,20.33,57.46,0.093,204.9,208.85,213.29,67.78,102.92,56.32,85.08,3.49,1.064,7.28,19.04,36.12,76.8,7.04,805.7,80.33,81.2,42.2,46.89,0
2026-04-02T19:35:42,IMM-02,MD-B07,PA6-GF30,EVENING,23.24,35.88,0.166,230.04,232.82,239.32,79.35,103.22,57.9,73.7,4.76,0.97,7.8,19.36,36.25,90,9.12,831.8,81.28,75.54,43.89,47.27,0
2026-04-02T19:36:24,IMM-02,MD-A12,PP-GF20,NIGHT,22.45,59.63,0.158,213.04,220.46,225.71,68.4,96.54,58.35,78.1,4.15,1.129,7.75,17.28,36.14,85.6,8.04,821.4,72.24,73.39,50.27,38.09,1
2026-04-02T19:37:06,IMM-03,MD-B07,PA6-GF30,DAY,29.93,64.11,0.132,227.42,236.86,240.81,75.22,98.01,59.22,73.83,4.97,0.929,8.1,19.48,36.72,81.3,9.92,780.3,67.27,57.41,47.44,53.73,0
2026-04-02T19:37:48,IMM-03,MD-C03,ABS,EVENING,28.47,55.73,0.096,210.97,214.22,217.99,77.7,86.84,51.14,82.01,3.8,1.502,7.82,18.06,35.93,79.3,8.94,848.4,62.37,93.12,49.76,44.48,1
2026-04-02T19:38:30,IMM-04,MD-A12,ABS,NIGHT,23.5,52.25,0.108,208.55,215.99,224.69,67.37,94.51,51.71,72.93,2.08,1.174,8.02,19.29,37.59,71.8,7.67,801.6,77.81,100.47,41.41,33.82,1
2026-04-02T19:39:12,IMM-04,MD-A12,ABS,EVENING,26.67,39.1,0.096,212.01,218.19,221.46,62.69,96.09,52.71,71.6,3.56,1.16,7.06,20.08,37.52,68.6,8.83,856.3,83.12,95.64,46.07,37.16,0
2026-04-02T19:39:54,IMM-04,MD-B07,PA6-GF30,EVENING,19.78,52.2,0.191,229.49,238.81,245.76,79.83,97.68,55.2,70.82,2.92,1.121,7.36,16.81,33.62,83.9,9.39,851.8,67.53,72.62,50.21,45.42,0
2026-04-02T19:40:36,IMM-04,MD-B07,PA6-GF30,DAY,28.21,62.57,0.175,235.79,240.71,243.17,78.94,109.58,67.98,83.5,5.49,1.084,8.19,17.27,33.87,89,7.28,889.1,84.74,100.37,44.38,55.27,0
2026-04-02T19:41:18,IMM-03,MD-A12,PA6-GF30,NIGHT,29.79,40.04,0.155,239.68,248.77,252.74,75.59,92.92,53.87,71.64,5.7,1.389,7.35,19.5,36.99,77.6,9.01,793.4,75.05,106.24,45.52,48.7,0
2026-04-02T19:42:00,IMM-02,MD-B07,PP-GF20,EVENING,23.4,35.58,0.116,216.12,222.46,226.34,65.38,90.13,49.67,66.54,3,1.424,7.51,18.54,35.22,92.3,8.49,813.8,67.15,94.86,46.21,40.48,0
2026-04-02T19:42:42,IMM-02,MD-B07,ABS,EVENING,18.61,43.85,0.132,212.82,219.8,224.81,66.19,90.82,52.9,65.71,3.81,1.11,7.78,18.43,36.59,78.9,9.26,829.6,63.45,71.67,49.34,41.3,1
2026-04-02T19:43:24,IMM-03,MD-A12,PP-GF20,NIGHT,21.02,62.01,0.115,209.74,214.06,220.25,65.1,97.09,61.15,72.82,3.34,1.186,8.44,20.2,38.96,76.4,8.85,812.3,69.49,80.45,45.65,36.31,0
2026-04-02T19:44:06,IMM-03,MD-B07,PA6-GF30,DAY,25.72,52.57,0.156,229.41,236.89,241.15,70.39,102.65,57.61,82.33,4.54,1.146,7.8,18.53,36.45,63.1,5.52,848.7,77.54,86.61,43.35,46.78,0
2026-04-02T19:44:48,IMM-02,MD-C03,PP-GF20,EVENING,24.56,67.08,0.09,212.82,223.06,228.26,70.54,102.08,60.56,71.17,4.59,1.318,8.06,21.75,38.5,86.6,10.3,890.2,77.91,100.42,42.78,42.16,0
2026-04-02T19:45:30,IMM-03,MD-A12,PP-GF20,NIGHT,29.33,47.83,0.159,217.71,223.32,230.98,69.22,115.66,70.23,69.56,3.47,1.171,8.01,20.23,36.93,84.9,8.79,836.3,90.23,115.55,52.2,41.73,1
2026-04-02T19:46:12,IMM-04,MD-A12,PA6-GF30,DAY,20.58,49.27,0.101,227.97,235.18,243.16,75.07,95.63,52.01,74.58,3.84,1.096,8.99,20.51,40.25,88.6,8.07,828.3,76.41,92,44.49,49.34,0
2026-04-02T19:46:54,IMM-02,MD-A12,PP-GF20,EVENING,25.76,68.74,0.123,205.24,211.44,216.99,71.01,80.31,47.68,71.2,3.35,1.001,8.11,21.29,40.18,86.8,9.3,784.7,59.51,55.14,37.46,38.04,0
2026-04-02T19:47:36,IMM-02,MD-B07,PA6-GF30,DAY,29.43,52.16,0.126,230.18,234.45,238.35,69.82,108.33,65.99,78.84,4.38,1.027,8.2,18.67,36.39,73.8,7.76,878.9,86.51,93.33,45.32,44.1,0
2026-04-02T19:48:18,IMM-03,MD-B07,ABS,DAY,25.46,30.07,0.075,214.71,218.87,224.42,68.37,93.07,50.9,79.7,3.86,1.143,9.14,17.06,36.08,83.1,9.33,866,68.9,78.81,47.46,44.57,0
2026-04-02T19:49:00,IMM-02,MD-B07,PP-GF20,EVENING,24.62,56.24,0.143,207.87,216.87,225.78,67.3,93.75,53.85,70.83,3.31,1.232,8.02,16.82,35.15,92,8.24,795.1,70.06,90.97,43.7,42.88,0
2026-04-02T19:49:42,IMM-02,MD-B07,PA6-GF30,NIGHT,20.4,51.24,0.093,230.18,239.53,246.96,73.43,103.39,61.56,70.95,5.08,1.291,6.56,18.41,34.29,82.7,8.5,876.3,72.82,103.01,51.34,52.39,0
2026-04-02T19:50:24,IMM-01,MD-C03,PP-GF20,EVENING,21.53,47.9,0.227,220.46,229.11,235.93,68.85,88.33,49.86,85.05,4.87,1.239,7.92,19.23,38.73,73.2,9.99,868.2,69.14,79.99,46.96,38.53,0
2026-04-02T19:51:06,IMM-01,MD-C03,PP-GF20,DAY,19.76,67.86,0.119,212.32,218.75,221.58,67.29,109.81,57.46,68.38,3.4,1.158,7.62,17.87,35.14,88.1,8.27,809.9,77.51,84.5,44.51,38.61,0
2026-04-02T19:51:48,IMM-01,MD-B07,ABS,EVENING,23.97,56.8,,211.9,217.05,221.76,70.21,92.76,54.4,77.03,4.56,1.305,8.91,17.23,35.75,82,6.62,849.1,71.77,97.89,44.12,43.15,0
2026-04-02T19:52:30,IMM-02,MD-B07,ABS,DAY,18.26,54.86,0.114,207.21,212.05,217.1,78.28,89.28,50.45,75.06,2.55,1.1,8.03,19.53,37.71,79.7,7.73,794.9,68.89,75.4,43.86,49.85,1
2026-04-02T19:53:12,IMM-01,MD-C03,PP-GF20,EVENING,23.28,53.29,0.048,205.09,203.42,204.86,74.71,102.69,54.57,71.88,4.18,1.284,6.76,18.37,34.41,72.1,9.01,861.6,82.39,101.65,42.08,42.21,0
2026-04-02T19:53:54,IMM-03,MD-B07,ABS,EVENING,23.68,51.15,0.085,209.24,219.17,228.37,65.35,98.04,62.14,72.61,4.73,1.374,8.45,16.43,34.25,90.7,7.3,824.5,74.82,103.84,46.9,44.1,0
2026-04-02T19:54:36,IMM-01,MD-A12,PA6-GF30,NIGHT,25.52,47.56,0.179,237.58,246.74,254.14,79.5,96.16,53.13,65.19,4.56,1.396,6.83,17.86,34.89,78.3,8.02,742.6,78.06,113.33,45.52,43.55,0
2026-04-02T19:55:18,IMM-02,MD-A12,PA6-GF30,DAY,23.74,43.05,0.133,225.91,237.6,242.38,76.2,103.37,60.67,71.88,3.01,1.076,8.69,18.87,37.47,66.7,8.17,780.5,83.96,92.9,49.09,43.98,0
2026-04-02T19:56:00,IMM-01,MD-C03,PP-GF20,DAY,22.52,43.13,0.287,214.42,220.27,223.88,68.44,95.95,53.4,79.4,4.44,1.332,9.02,14.92,33.51,93.1,8.19,817.8,67.94,88.86,46.65,43.6,0
2026-04-02T19:56:42,IMM-04,MD-B07,PA6-GF30,EVENING,25.95,50.31,0.276,231.13,240.01,244.59,79.39,113.3,69.03,78.98,3.38,1.336,8.99,13.43,33.72,81.1,7.93,776.6,82.83,110.89,46.66,58.81,1
2026-04-02T19:57:24,IMM-04,MD-B07,PA6-GF30,EVENING,28.98,64.81,0.178,232.29,239.63,245.97,77.83,101.36,57.98,76.21,3.52,1.298,7.03,17.08,33.87,78.9,7.36,814.3,77.15,97.01,43.71,52.06,0
2026-04-02T19:58:06,IMM-03,MD-C03,ABS,EVENING,29.52,60.25,0.229,209.63,220,226.72,68.21,85.44,53.08,70.9,5.32,1.21,6.73,19.44,36.77,78.5,9.39,871.4,63.84,72.54,43.16,45.24,0
2026-04-02T19:58:48,IMM-03,MD-B07,PP-GF20,EVENING,18.93,45.89,0.118,214.61,218.44,220.96,74.26,96.59,57.43,69.2,4.01,1.271,7.56,18.12,35.57,77,9.47,830.5,69.57,87.53,47.03,40.07,0
2026-04-02T19:59:30,IMM-03,MD-B07,PA6-GF30,DAY,20.84,26.8,0.186,227.05,237.62,244.69,77.87,94.14,56.7,78.49,5.28,1.011,7.5,16.59,33.28,69.8,7.97,830.5,74.67,85.23,44.45,50.32,0
2026-04-02T20:00:12,IMM-01,MD-B07,ABS,EVENING,25.05,60.63,0.128,212.41,222.18,229.69,73.86,93.31,54.05,75.52,3.74,1.204,7.76,18.98,35.07,76.4,7.78,851.5,74.69,88.92,41.78,42.29,0
2026-04-02T20:00:54,IMM-01,MD-A12,PA6-GF30,NIGHT,26.85,55.17,0.121,221.28,231.56,237.01,78.85,97.16,60.1,71.75,2.32,1.267,7.86,20.24,37.32,81,6.25,827.2,78.09,99.24,47.35,48.58,0
2026-04-02T20:01:36,IMM-03,MD-B07,PA6-GF30,DAY,19.41,59.63,0.258,227.86,233.05,242.37,65.21,110.33,62.1,82.04,4.39,1.272,7.27,18.28,35.6,69.5,7.96,764.1,76.2,97.19,47.84,43.98,1
2026-04-02T20:02:18,IMM-04,MD-C03,PA6-GF30,DAY,15.83,43.84,0.086,222.88,230.39,238.14,78.87,100.92,62.24,69.48,2.95,1.183,7.41,18.55,35.1,76.7,7.91,866.5,73.93,85.79,45.79,47.78,0
2026-04-02T20:03:00,IMM-02,MD-B07,PP-GF20,DAY,20.96,49.59,0.102,214.85,221.16,223.7,65.51,96.53,56.23,64.42,3.81,1.144,8.58,19.71,37.66,82.9,8.21,807.7,79.38,91.44,44.72,42,0
2026-04-02T20:03:42,IMM-04,MD-A12,PP-GF20,NIGHT,29.55,72.58,0.123,216.62,221.49,228.45,67.79,100.57,58.38,73.28,3.6,1.279,9,17.75,36.89,89.8,7.32,791.3,80.14,103.82,49.54,52.23,0
2026-04-02T20:04:24,IMM-04,MD-B07,PA6-GF30,EVENING,20.52,44.3,0.161,230.26,235.86,243.11,73.55,106.36,59.96,72.52,3.21,1.117,9.07,16.56,34.96,76,6.28,794.9,88.39,97.45,50.01,45.1,0
2026-04-02T20:05:06,IMM-03,MD-A12,PA6-GF30,EVENING,29.93,45.77,0.169,228.28,237.67,246.38,76.43,99.95,62.44,76.72,4.55,1.155,8.11,18.91,37.76,95.1,10.81,855.5,77.32,90.16,46.9,51.49,0
2026-04-02T20:05:48,IMM-01,MD-C03,ABS,EVENING,25.7,45.12,0.14,206.98,212.42,216.81,68.25,93.55,49.92,73.92,4.26,1.325,8.6,20.92,38.98,83.3,5.76,890.3,70.71,102.42,44.56,47.45,0
2026-04-02T20:06:30,IMM-02,MD-A12,ABS,NIGHT,24.86,42.28,0.057,208.16,217.7,223.09,72.7,85.56,52.44,79.68,4.37,1.117,7.5,17.7,35.36,79.4,10.24,848.6,64.39,74.54,48.75,46.8,1
2026-04-02T20:07:12,IMM-02,MD-A12,PA6-GF30,DAY,27.28,47.91,0.123,225.88,235.05,240.14,76.13,100.02,58.67,73.05,4.73,1.267,8.38,16.21,34.52,90.4,6.88,806.9,73.48,88.75,42.83,44.1,0
2026-04-02T20:07:54,IMM-04,MD-B07,ABS,EVENING,19.46,44.91,0.071,202.33,209.87,215.72,70.94,104.33,59.98,71.07,4.15,1.076,7.08,17.17,33.52,96,8.27,815.8,80.86,86.19,52.39,39.89,1
2026-04-02T20:08:36,IMM-03,MD-B07,PP-GF20,DAY,24.13,37.76,0.155,210.25,217.67,220.79,73.4,103.79,59.44,75.41,5.57,1.107,7.24,14.58,31.35,87.7,8.5,798.5,77.87,92.07,48.34,42.14,0
2026-04-02T20:09:18,IMM-01,MD-B07,ABS,EVENING,21.67,38.18,0.141,218.41,225.13,228.83,69.47,97.55,59.51,72.05,3.72,1.133,7.68,18.78,35.84,87,7.21,817.5,82.02,92.22,48.08,38.79,1
2026-04-02T20:10:00,IMM-04,MD-A12,PP-GF20,DAY,21.48,58.22,0.089,207.27,214.85,219.76,65.86,87.83,47.74,70.86,4.23,1.176,6.82,16.24,32.19,88.2,9.65,839.9,60.19,67.94,45.56,39.02,0
2026-04-02T20:10:42,IMM-03,MD-A12,PP-GF20,DAY,24.63,41.38,0.11,218.88,227.26,230.47,70.33,87.99,53.08,64.51,4.76,1.157,8.63,17.16,34.76,83.2,9.34,881.1,73.08,92.28,41.65,34.87,0
2026-04-02T20:11:24,IMM-02,MD-B07,ABS,EVENING,24.88,55.6,0.182,208.51,214.97,218.74,61.83,88.95,45.94,75.44,3.61,1.206,8.06,19.52,37.3,74.2,9.4,861.4,69.93,74.76,44.35,44.32,1
2026-04-02T20:12:06,IMM-03,MD-B07,PA6-GF30,EVENING,20.6,47.88,0.098,228.97,240.05,243.98,79.14,96.66,53.22,66.33,3.69,1.188,7.81,18.22,35.31,73.1,8.25,895.7,77.27,81.2,43.28,46.85,0
2026-04-02T20:12:48,IMM-04,MD-B07,PA6-GF30,DAY,27.41,50.74,0.174,225.17,238.45,241.27,73.63,102.31,52.28,72.12,4.65,1.255,8.91,18.75,36.59,82.4,8,783.6,79.48,104.84,47.92,49.61,1
2026-04-02T20:13:30,IMM-04,MD-A12,PP-GF20,DAY,26.2,40.49,0.027,217.96,230.34,234.74,68.31,98.19,60.1,80.56,4.35,1.137,7.42,18.27,34.67,72.6,9.72,811.5,73.39,78.72,43.17,50.56,0
2026-04-02T20:14:12,IMM-04,MD-B07,ABS,DAY,27.06,49.06,0.133,208.86,214.55,222.33,66.5,94.55,53.56,72.76,2.91,1.041,7.24,19.5,37.3,75,6.94,784.5,,76.43,47.1,41.51,0
2026-04-02T20:14:54,IMM-04,MD-A12,PA6-GF30,DAY,30.53,43.68,0.219,225.34,229.48,233.38,81.96,98.8,60.31,74.09,3.29,1.228,8.2,17.32,35.33,78,7.06,807.8,72.79,98.8,48.19,45.82,0
2026-04-02T20:15:36,IMM-04,MD-C03,ABS,DAY,28.67,50.38,0.107,206.67,211.96,216.12,65.09,107.26,63.08,78.44,6.01,1.115,8.11,17.48,35.65,85.7,7.78,852.9,84.56,80.51,45.42,36.65,0
2026-04-02T20:16:18,IMM-01,MD-C03,ABS,NIGHT,23.98,55,0.095,217.89,222.63,229.67,68.86,92.58,55.32,82.37,3.3,1.303,8,20.16,36.72,92.3,7.62,860.5,65.3,91.59,43.8,33.48,0
2026-04-02T20:17:00,IMM-01,MD-C03,ABS,NIGHT,27.48,51.3,0.11,210.2,217.38,224,70.52,108.69,60.3,80.73,3.77,1.145,8.04,19.06,36.37,88.2,10.45,882.6,82.67,100.43,48.62,40.1,0
2026-04-02T20:17:42,IMM-02,MD-C03,PA6-GF30,NIGHT,24.48,37.87,0.184,226.31,231.43,236.91,77.78,113.95,61.72,60.41,4.17,1.307,7.65,20.45,38.27,77.3,7.88,870.9,89.86,119.03,50.58,48.93,1
2026-04-02T20:18:24,IMM-01,MD-A12,ABS,NIGHT,19.44,44.44,0.174,202.83,208.98,217.06,69.78,100.34,60.42,76.18,3.92,1.218,6.58,20.61,36.75,92.7,8.93,786.3,69.37,74.88,49.5,42.19,1
2026-04-02T20:19:06,IMM-02,MD-C03,ABS,DAY,21.69,54.51,0.049,208.64,217.4,224.35,67.71,99.12,56.84,64.41,3.16,1.396,7.07,20.04,36.4,77.1,9.46,893.5,72.54,103.31,49.12,45.9,0
2026-04-02T20:19:48,IMM-03,MD-C03,PP-GF20,EVENING,24.41,50.42,0.074,224.69,233.98,235.93,72.14,101.94,60.57,70.02,3.69,1.263,9.02,20,39.59,88.6,8.96,875.3,72.7,89.49,44.22,52.57,1
2026-04-02T20:20:30,IMM-01,MD-C03,ABS,EVENING,20.35,59.85,0.114,215.49,218.15,223.88,70.88,100.15,58.48,69.41,4.48,1.376,7.76,17.53,34.49,89,8.07,826.3,76.04,103.86,45.3,43.64,0
2026-04-02T20:21:12,IMM-03,MD-A12,ABS,EVENING,19.67,45.95,0.093,218.56,230.75,236.9,67.47,96.04,53.55,77.01,4.29,1.11,9.15,19.49,38.08,77.6,8.61,756.6,76.77,91.02,45.39,41.42,0
2026-04-02T20:21:54,IMM-02,MD-C03,PP-GF20,DAY,24.47,44.12,0.12,207.53,214.17,217.42,72.11,84.3,49.11,79.35,2.93,1.045,7.28,19.84,37.03,69.2,8.23,873.5,71.03,68.73,40.68,44.89,0
2026-04-02T20:22:36,IMM-02,MD-B07,PP-GF20,DAY,22.8,70.3,0.118,218.9,230.7,234.4,63.64,99.61,59.22,72.75,4.3,1.108,9.1,18.42,37.55,80.9,9.42,813.4,80.07,88.77,48.65,49.37,0
2026-04-02T20:23:18,IMM-01,MD-A12,PP-GF20,DAY,20.81,33.93,0.108,214.84,222.79,224.82,70.18,88.17,52.67,72.3,5.96,1.283,9.21,18.98,38.89,77.6,8.68,897,70.07,98.72,43.15,39.86,0
2026-04-02T20:24:00,IMM-01,MD-A12,PA6-GF30,DAY,28.12,20.4,0.112,231.73,239.53,242.78,81.15,85.35,51.56,63.49,3.39,1.031,7.28,16.01,33.23,76.6,7.22,816.3,69.23,78.48,46.45,51.09,0
2026-04-02T20:24:42,IMM-01,MD-B07,PA6-GF30,EVENING,27.88,47.01,0.124,227.09,235.8,240.28,83.66,102.09,54.07,67.21,4.82,1.384,6.77,18.6,35.12,77.7,9.66,848.2,81.93,111.6,43.6,51.04,0
2026-04-02T20:25:24,IMM-01,MD-B07,ABS,DAY,25.48,58.97,0.075,214.05,216.13,222.61,66.26,106.09,61.97,66.27,4.61,1.215,7.84,16.34,33.95,84.3,7.82,806.1,82.93,102.44,37.52,41.88,1
2026-04-02T20:26:06,IMM-03,MD-B07,PA6-GF30,NIGHT,27.99,46.37,0.194,231.68,239.45,248.33,77.38,101.54,65.06,67.73,3.69,1.386,7.87,16.52,34.1,77.9,8.54,777,81.91,125.65,46.1,49,0
2026-04-02T20:26:48,IMM-04,MD-A12,PA6-GF30,EVENING,24.91,51.83,0.196,237.5,244.48,246.99,72.74,99.31,55.62,75.41,2.65,1.164,8.59,20.24,38.7,72,8.93,835.4,75.82,91.15,50.26,52.11,0
2026-04-02T20:27:30,IMM-04,MD-A12,ABS,EVENING,29.94,56.34,0.058,201.19,207.39,214.37,66.03,112.82,67.74,77.17,4.17,1.343,7.72,17.7,36.04,81.1,8.3,849,88.49,121.33,45.41,35.25,1
2026-04-02T20:28:12,IMM-03,MD-B07,PA6-GF30,NIGHT,31.68,52.99,0.117,246.84,253.59,259.92,77.67,113.56,68.24,56.24,4.99,1.099,7.77,19.24,35.91,75.9,9.65,843.5,91.91,97.31,45.61,51.59,0
2026-04-02T20:28:54,IMM-03,MD-A12,PA6-GF30,DAY,30.13,41.35,0.117,231.46,238.51,240.43,79.67,104.71,64.49,76.91,4.53,1.081,7,17.51,34.56,80.7,8.84,796.9,78.28,83.78,42.13,53.38,0
2026-04-02T20:29:36,IMM-02,MD-C03,ABS,NIGHT,20.28,65.36,0.035,210.16,217.63,221.91,73.19,104.83,54.2,69.98,4.09,1.173,6.92,21.54,37.18,89.6,7.84,811.3,82.6,98.28,42.46,45,0
2026-04-02T20:30:18,IMM-02,MD-B07,PA6-GF30,DAY,19.83,60.97,0.084,230.06,236.38,241.18,75.72,99.8,53.63,71.56,3.55,1.15,7.32,18.58,35.39,68.5,10.54,831.2,79.57,95.52,45.58,53.78,0
2026-04-02T20:31:00,IMM-04,MD-C03,ABS,EVENING,22.25,52.96,0.113,211.61,220.24,225.79,67.64,103.9,62.18,73.13,4.31,1.367,6.1,19.13,35.22,78.9,8.41,886.6,79.3,107.32,49.37,47.53,0
2026-04-02T20:31:42,IMM-04,MD-A12,ABS,EVENING,27.28,36.81,0.02,207.1,216.34,225.77,62.19,95.9,59.79,80.1,4.46,1.005,6.26,15.99,32.95,88.6,9.5,813.5,69.43,64.33,48.37,45.16,0
2026-04-02T20:32:24,IMM-01,MD-A12,PA6-GF30,DAY,18.09,44.52,0.222,231.26,234.96,241.6,78.94,97.19,52.53,68.83,3.86,1.207,9.28,19.55,38.11,69.1,8.06,814.9,72.38,79.18,44.84,53.46,0
2026-04-02T20:33:06,IMM-01,MD-B07,PP-GF20,DAY,26.32,53.46,0.128,210.52,216.74,227.04,70.88,105.29,61.76,76.58,5.36,1.198,8.58,18.17,36.08,86.7,10.22,830.5,81.25,96.7,46.43,49.35,1
2026-04-02T20:33:48,IMM-01,MD-B07,ABS,DAY,20.11,58.74,0.215,220.89,230.87,234.41,69.82,95.2,54.94,75.11,3.54,1.263,8.95,19.98,37.93,82.7,7.56,826.9,68.55,80.56,46.94,38.92,0
2026-04-02T20:34:30,IMM-01,MD-C03,ABS,EVENING,25.48,57.99,0.078,220.59,227.66,229.83,64.4,104.41,55.58,62.78,4.63,1.229,6.93,19.66,36.2,86.6,9.84,869.2,78.1,93.47,44.86,42.08,0
2026-04-02T20:35:12,IMM-03,MD-A12,ABS,NIGHT,25.19,48.38,0.089,212.53,222.61,228.99,67.42,83.41,45.46,87.05,4.35,1.297,7.52,18.93,36.37,70.9,9.23,820.1,61.63,81.82,47.31,43.02,0
2026-04-02T20:35:54,IMM-03,MD-B07,PA6-GF30,EVENING,18.54,49.56,0.183,224.56,236.16,240.29,76.93,106.52,55.71,70.49,3.96,1.377,7.55,18.99,36.59,86.6,8.54,842.7,79.49,108.12,51.51,60.41,1
2026-04-02T20:36:36,IMM-01,MD-C03,PA6-GF30,DAY,21.36,47.42,0.151,225.15,235.26,243.85,74.01,102.49,59.34,76.22,4.4,1.345,9.28,22.21,42.02,81.6,8.04,895.7,80.75,111.14,47.24,47.89,0
2026-04-02T20:37:18,IMM-02,MD-A12,PA6-GF30,NIGHT,27.86,54.09,0.144,231.45,241.86,246.64,74.89,110.19,68.43,70.73,4.51,1.336,7.04,19.28,35.77,75.2,7.52,843.7,80.65,112.84,46.05,55.88,0
2026-04-02T20:38:00,IMM-01,MD-C03,ABS,EVENING,19.05,54.68,0.209,213.8,219.57,222.38,74.16,105.01,61.95,68.48,5.39,0.997,7.29,21.44,38.3,77.3,9.86,892,71.09,67.45,44.39,39.28,0
2026-04-02T20:38:42,IMM-03,MD-A12,PP-GF20,DAY,27.4,51.66,0.096,220.93,227.6,235.28,66.3,89.03,55.83,65,3.87,1.043,7.61,16.48,34.01,100.4,7.87,797.8,70.29,74.75,44.51,44.95,0
2026-04-02T20:39:24,IMM-04,MD-B07,PP-GF20,DAY,23.25,54.19,0.124,221.65,233.18,237.16,71.48,83.92,44.81,78.45,5.75,1.287,9.01,17.86,37.28,82.5,8.75,828.9,64.09,84.86,42.82,43.14,1
2026-04-02T20:40:06,IMM-02,MD-C03,PP-GF20,DAY,22.74,43.39,0.145,214.96,220,228.62,65.57,102.04,58.89,72.33,4.37,1.306,8.23,20.46,37.85,86.4,10.84,853.2,74.52,97.82,45.74,44.76,0
2026-04-02T20:40:48,IMM-03,MD-B07,PP-GF20,DAY,21.6,44.72,0.084,212.41,220.5,225.79,71.82,98.33,55.23,74.56,4.36,1.241,7.84,17.35,35.19,88.3,10.07,853.5,77.31,91.87,47.48,42.46,0
2026-04-02T20:41:30,IMM-03,MD-B07,ABS,NIGHT,25.6,42.29,0.025,215.13,220.15,225.57,70.14,103.72,58.21,77.85,3.43,1.099,8.16,17.42,35.78,94.4,9.71,851.8,72.62,76.67,45.58,46.49,0
2026-04-02T20:42:12,IMM-03,MD-B07,ABS,DAY,22.16,49.96,0.151,205.58,213.8,220.74,66.47,83.11,46.4,74,4.01,1.072,7.9,18.61,36.18,82.5,7.88,830.2,61.8,63.26,41.95,36.95,0
2026-04-02T20:42:54,IMM-01,MD-A12,PP-GF20,NIGHT,27.06,44.82,0.136,208.02,217.84,222.86,65.21,91.6,52.86,73.22,3.49,1.1,8.83,17.63,35.72,95,8.26,829.3,57.24,62.71,49.14,50.68,1
2026-04-02T20:43:36,IMM-01,MD-B07,ABS,NIGHT,25.06,64.24,0.117,207.56,216.15,221.03,69.32,99.43,50.31,67.01,4.42,1.232,6.99,17.81,33.98,66.9,9.74,818.4,81.25,105.39,47.54,47.91,1
2026-04-02T20:44:18,IMM-01,MD-B07,PA6-GF30,NIGHT,27.12,48.91,0.177,231.37,240.8,243.42,74.5,104.36,59.82,68.66,4.27,1.263,7.38,15.51,31.96,79.9,6.95,829.2,80.29,92.88,48.96,52.89,0
2026-04-02T20:45:00,IMM-03,MD-A12,PA6-GF30,EVENING,21.32,48.51,0.258,236.86,247.76,252.77,77.23,99.46,56.33,73.2,5.05,1.171,7.91,18.43,35.34,88.1,10.54,840.2,77.66,98.65,47.66,47.04,1
2026-04-02T20:45:42,IMM-01,MD-B07,ABS,NIGHT,19.7,22.86,0.055,219.36,226.65,234.53,70.2,87.23,49.77,84.33,3.58,1.076,6.51,21.14,37.82,106.5,10.12,804,69.62,72.74,45.62,47.16,1
2026-04-02T20:46:24,IMM-02,MD-C03,PP-GF20,DAY,26.28,63.54,0.142,212.33,214.98,219.37,67.93,87.45,46.04,81.01,4.55,1.359,7.59,18.62,36.17,73.9,10.07,883.1,72.18,98.52,46.08,48.23,0
2026-04-02T20:47:06,IMM-01,MD-A12,PA6-GF30,EVENING,21.21,40.65,0.139,231.23,238.05,243.87,82.19,98.87,57.04,76.58,4.78,1.212,7.76,17.47,34.56,74.8,8.5,819.6,76.24,83.11,45.82,49.29,0
2026-04-02T20:47:48,IMM-03,MD-B07,PP-GF20,EVENING,21.07,40.65,0.136,214.79,224.06,232.8,67.43,90.54,51.98,66.74,3.26,1.232,7.87,17.32,33.89,81.5,8.22,857.4,64.69,83.13,45.7,39.13,0
2026-04-02T20:48:30,IMM-04,MD-B07,PP-GF20,DAY,17.96,80.56,0.1,209.08,215.87,220.58,68.76,85.23,54.95,81.91,4.07,1.11,6.48,19.65,36.19,68.7,8.03,810.2,61.45,67.47,48.79,49.24,1
2026-04-02T20:49:12,IMM-02,MD-C03,PA6-GF30,NIGHT,27.1,43.94,0.162,235.49,243.2,252.36,73.58,115.16,70.09,62.75,2.15,1.165,8.17,16.75,34.96,75.7,7,860.9,91.78,110,48.57,49.36,1
2026-04-02T20:49:54,IMM-01,MD-B07,PA6-GF30,EVENING,28.3,48.75,0.207,229.68,237.94,245.27,77.04,99.73,56.48,73.87,4.54,1.065,8.53,17.02,34.4,93.3,8.13,809.6,80.85,79.67,48.4,50.04,0
2026-04-02T20:50:36,IMM-01,MD-C03,ABS,DAY,25.88,43.56,0.196,211.45,222.69,229.23,71.64,102.87,60.27,81.86,4.85,1.294,8.71,21.45,39.15,84.2,8.12,864.1,77,96.81,46.87,45.16,0
2026-04-02T20:51:18,IMM-02,MD-C03,PA6-GF30,EVENING,21.09,59.42,0.163,228.93,238.08,244.92,85.38,110.87,66.34,77.08,3.23,1.362,8.13,18.99,36.78,77.1,7.58,873.7,84.41,114.33,40.86,50.49,0
2026-04-02T20:52:00,IMM-01,MD-A12,PP-GF20,EVENING,26.26,54.13,0.068,207.58,216.1,221.74,70.27,92.27,52.31,73.17,4,0.971,6.94,20.38,37.93,83.2,11.22,825.1,64.25,61.38,42.69,45.15,0
2026-04-02T20:52:42,IMM-04,MD-B07,PA6-GF30,NIGHT,26.83,53.69,0.138,229.82,235.79,240.03,74.17,115.05,66.74,74.18,4.51,1.086,7.01,15.98,33.26,76.9,6.93,799.1,91.88,85.86,53.83,52.23,1
2026-04-02T20:53:24,IMM-02,MD-A12,PP-GF20,DAY,26.41,49.46,0.181,213.2,222.36,226.68,68.69,102.31,62.43,79,3.41,1.15,8.66,15.3,34.3,73.2,9.15,781.2,77.32,91.92,45.32,48.86,1
2026-04-02T20:54:06,IMM-01,MD-A12,PP-GF20,EVENING,24.19,46.06,0.097,210.8,220.66,227.24,66.56,100.77,57.4,63.56,3.92,1.282,6.51,19.24,35.5,85.4,9.55,838.1,77.14,101.88,40.83,49,0
2026-04-02T20:54:48,IMM-02,MD-B07,PA6-GF30,DAY,26.1,51.25,0.161,227.19,230.9,237.13,73.42,89.65,50.15,83.39,3.61,1.243,7.94,15.34,33.84,94.5,8.08,794.7,69.68,85.86,42,53.49,0
2026-04-02T20:55:30,IMM-03,MD-C03,PP-GF20,DAY,23.28,60.87,0.181,210.13,220.04,230.32,60.38,108.41,65.54,68.39,4.16,1.265,7.14,20.77,38.43,89.2,7.43,822.6,75.99,86.75,46.1,39.68,1
2026-04-02T20:56:12,IMM-02,MD-B07,PP-GF20,NIGHT,16.5,42.5,0.158,222.08,235.34,238.55,73.04,81.43,47.41,64.88,3.27,0.975,6.97,15.94,32.44,95.6,7.64,787.3,66.21,61.8,45.64,41.16,0
2026-04-02T20:56:54,IMM-03,MD-A12,PA6-GF30,EVENING,25.75,61.57,0.261,220.85,233.31,236.25,70.44,101.44,59.09,78.44,3.29,1.295,7.55,19.97,37.94,90.3,7.35,790.4,75.98,87.48,48.49,46.4,1
2026-04-02T20:57:36,IMM-03,MD-A12,ABS,EVENING,33.26,66.06,0.109,207.85,215.79,218.98,73.28,87.78,49.51,70.18,3.72,1.108,6.32,18.8,34.41,78.7,8.61,851.9,69.76,78.16,46.95,46.82,0
2026-04-02T20:58:18,IMM-01,MD-B07,PA6-GF30,EVENING,17.89,37.54,0.053,231.41,239.21,243.32,77.9,94.99,55.86,75.65,4.48,1.155,7.29,17.99,35.74,81.8,7.78,818.2,68.95,79.97,49.31,52.04,0
2026-04-02T20:59:00,IMM-03,MD-A12,PA6-GF30,EVENING,23.24,64.68,0.149,243.99,254.12,258.54,74.57,106.25,59.9,70.22,4.59,1.074,6.93,17.47,34.67,74.7,8.67,775.3,84.79,80.87,43.65,52.87,0
2026-04-02T20:59:42,IMM-04,MD-B07,PA6-GF30,DAY,27.05,57.9,0.202,241.75,249.45,257.79,72.14,96.9,61.56,70.82,3.37,1.046,8,21.9,38.35,69.8,8.21,843.2,71.22,77.44,45.56,48.06,0
2026-04-02T21:00:24,IMM-02,MD-A12,PP-GF20,EVENING,18.53,26.33,0.041,209.85,214.64,220.97,69.76,93.56,50.84,64.2,3.8,0.912,7.7,16.39,33.56,65.9,8.37,814,65.85,62.67,44.97,38.82,0
2026-04-02T21:01:06,IMM-01,MD-C03,PP-GF20,DAY,21.92,33.27,0.139,205.79,210.09,217.07,68.56,97.06,55.78,70.65,3.65,1.237,7.61,18.12,36.17,70.5,8.85,853.2,75.37,90.99,43.38,40.37,0
2026-04-02T21:01:48,IMM-02,MD-C03,PA6-GF30,DAY,23.15,53.46,0.127,241.28,251.48,254.99,73.87,103.05,60.86,66.48,4.11,1.6,7.23,19.9,38.14,81.4,10.03,807.3,75.04,118.36,44.01,49.42,1
2026-04-02T21:02:30,IMM-01,MD-A12,PA6-GF30,EVENING,28.65,53.94,0.162,225.31,231.54,236.25,81.14,93.64,51.45,80.65,4.81,1.256,7.27,15.56,33.79,81.8,8.39,836.7,77.75,100.82,37.54,46.29,1
2026-04-02T21:03:12,IMM-03,MD-A12,PP-GF20,NIGHT,29.52,38.38,0.14,212.48,218.73,226.42,66.02,93.82,51.84,57.97,4.59,1.307,8.94,17.86,36.02,81.1,8.19,821.6,66.19,84.75,54.05,38.96,0
2026-04-02T21:03:54,IMM-03,MD-B07,PP-GF20,NIGHT,23.77,59.99,0.2,219.09,224.47,229.78,70.65,95.49,47.68,69.48,4.54,1.257,7.04,17.86,34.93,86.4,8.72,836.7,78.49,103.52,53.62,40.86,0
2026-04-02T21:04:36,IMM-04,MD-C03,ABS,EVENING,27.78,48.44,0.205,218.85,227.92,234.07,70.03,82.82,45.48,74.65,3.36,1.343,8.16,19.5,37.18,87.6,8.8,895.4,61.54,74.63,51.5,45.1,1
2026-04-02T21:05:18,IMM-04,MD-A12,PP-GF20,EVENING,21.58,64.12,0.139,212.94,215.65,220.85,69.34,104.17,57.07,63.13,3.28,1.316,7.86,16.7,35.5,80.2,8.79,825.7,84.41,116.18,53.42,40.37,1
2026-04-02T21:06:00,IMM-04,MD-A12,PP-GF20,EVENING,24.9,53.5,0.048,215.4,224.62,228.95,65.3,90.21,48.26,68.25,3.86,1.018,7,17.77,33.94,74.6,8.94,867.8,61.28,61.06,42.54,41.35,1
2026-04-02T21:06:42,IMM-01,MD-A12,ABS,EVENING,29.72,59.83,0.113,214.82,226.61,234.38,71.7,99.39,59.65,74.3,4.43,1.133,7.21,20.25,36.29,84.5,8.53,806.1,80.88,86.36,47.37,46.25,0
2026-04-02T21:07:24,IMM-01,MD-B07,PP-GF20,DAY,22.63,38.04,0.1,213.94,219.93,220.29,65.78,100.55,54.07,79.88,4.52,0.956,8.6,17.91,35.85,88.7,8.74,862.4,78.87,78.36,40.9,44.87,0
2026-04-02T21:08:06,IMM-02,MD-B07,PA6-GF30,NIGHT,24.64,56.32,0.258,225.12,234.8,242.08,75.15,94.59,53.99,76.48,4.69,1.282,7.5,19.2,35.61,76.3,7.47,825,67.4,89.9,47.48,42.88,1
2026-04-02T21:08:48,IMM-04,MD-A12,ABS,DAY,34.16,72.87,0.125,216.22,226.2,231.8,70.71,90.81,50.54,72.9,3.32,1.283,8.25,16.31,33.93,84.6,8.7,847.8,70.62,86.27,45.49,44.53,0
2026-04-02T21:09:30,IMM-02,MD-B07,ABS,EVENING,22.83,52.54,0.069,214.38,225.94,233.09,68.08,87.7,46.58,63.32,5.36,1.215,8.75,16.8,34.3,79.9,9.28,811.8,62.86,83.43,42.13,43.38,1
2026-04-02T21:10:12,IMM-04,MD-C03,ABS,DAY,19.25,52.77,,206.16,212.57,218.56,66.06,88.36,52.08,81.07,4.14,1.381,8.35,19.23,37.24,76.2,8.56,846.7,67.84,99.05,47.56,39.55,0
2026-04-02T21:10:54,IMM-03,MD-C03,PP-GF20,EVENING,23.86,50.88,0.083,219.44,225.24,231.58,74.71,110.46,66.34,63.42,4.69,1.411,9.26,21.14,39.52,76.7,9.42,858.7,81.13,111.7,46.52,39.64,1
2026-04-02T21:11:36,IMM-03,MD-B07,PP-GF20,NIGHT,28.54,57.21,0.151,207.55,214.96,223.6,69.31,98.03,59.52,76.26,3.95,1.222,8.52,18.26,36.94,91.8,7.45,805.3,70.22,83.64,45.42,44.34,1
2026-04-02T21:12:18,IMM-02,MD-B07,ABS,DAY,22.63,45.06,0.088,208.72,216.69,223.17,73.77,89.64,51.19,78.21,5.12,1.2,8.38,19.13,36.7,74,7.98,822.8,62.18,73.02,49.43,43.5,0
2026-04-02T21:13:00,IMM-01,MD-A12,ABS,EVENING,24.74,66.49,0.076,203.97,214.14,220.43,70.8,103.26,60.3,88.34,3.98,1.384,6.34,16.34,33.14,81.3,6.56,847.5,74.57,96.56,43.75,42.59,0
2026-04-02T21:13:42,IMM-04,MD-A12,PP-GF20,NIGHT,24.32,39.61,0.056,216.52,221.87,225.7,65.93,99.17,61.01,67.17,3.03,1.186,7.1,18.34,34.98,82.8,6.79,834.3,76.97,93.49,46.66,49.99,0
2026-04-02T21:14:24,IMM-03,MD-A12,PP-GF20,EVENING,23.06,45.21,0.171,207.59,215.09,220.11,65.68,83.77,50.92,83.8,3.5,1.269,8.12,18.71,35.43,75.6,6.36,838.1,66.5,70.81,43.58,42.17,0
2026-04-02T21:15:06,IMM-04,MD-B07,ABS,NIGHT,25.1,55.85,0.129,209.96,216.09,223.6,67.03,91.62,52.54,76.01,4.41,1.091,7.72,17.99,35.53,96.8,9.87,852.2,62.14,58.91,47.02,46.05,0
2026-04-02T21:15:48,IMM-02,MD-B07,ABS,DAY,22.39,42.15,0.124,199.7,201.06,204.03,64.08,95.83,51.76,68.29,4.73,1.279,7.8,18.03,35.27,93.3,8.33,818.7,66.5,88.03,50.18,46.32,0
2026-04-02T21:16:30,IMM-03,MD-B07,PP-GF20,DAY,31.51,52.58,0.124,218.81,227.44,234.34,68.72,87.4,52.71,77.57,3.61,1.131,8.6,15.98,34.67,77.3,7.78,784.4,65.55,68.73,45.96,47.56,0
2026-04-02T21:17:12,IMM-01,MD-C03,PP-GF20,DAY,23.44,51.67,0.111,210.38,212.32,219.96,69.12,100.59,61.02,64.52,4.84,1.325,8.13,20.5,40.06,82.6,10.82,860,77.9,103.8,45.96,49.07,0
2026-04-02T21:17:54,IMM-02,MD-B07,PA6-GF30,EVENING,26.15,58.43,0.105,219.52,230.43,233.16,75.09,91.41,52.73,74.59,4.09,1.352,7.58,16.83,35.02,76.3,7.87,838.9,66.53,89.34,43.63,56.21,0
2026-04-02T21:18:36,IMM-02,MD-B07,PP-GF20,EVENING,19.27,48.61,0.14,213.5,218.55,224.45,66.76,88.32,48.18,81.97,3.62,1.104,7.83,16.02,34.76,76.5,9.96,849.5,70.85,75.71,45.41,45.59,0
2026-04-02T21:19:18,IMM-01,MD-A12,PP-GF20,EVENING,26.29,31.11,0.187,222.58,231.52,238.62,71.5,97.97,57.7,78.42,3.48,1.273,5.84,18.13,34.89,101.4,8,798.3,69.5,92.69,45.02,46.38,1
2026-04-02T21:20:00,IMM-01,MD-A12,PP-GF20,DAY,24.83,54.31,0.03,209.04,213.77,217.95,72.23,96.47,53.24,62.76,6.1,1.15,6.66,20.96,37.53,81.5,7.77,801.7,73.86,87.58,45.98,42.02,0
2026-04-02T21:20:42,IMM-01,MD-A12,PP-GF20,DAY,26.14,39.85,0.083,214.17,219.54,225.36,75.21,100.16,55.51,78.24,2.75,0.96,7.63,19.38,36.23,72.4,9.33,795.1,74.52,72.14,40.84,47.1,0
2026-04-02T21:21:24,IMM-04,MD-A12,PP-GF20,DAY,24.74,31.46,0.101,208.06,216.15,224.54,69.53,106.35,62.02,60.8,5.06,1.051,7.96,19.53,37.94,86.5,7.31,782,74.39,79.57,49.8,42.36,1
2026-04-02T21:22:06,IMM-04,MD-C03,PA6-GF30,EVENING,24.05,58.59,0.225,224.38,234.82,239.68,78.71,99.61,53.92,76.12,4.11,1.221,8.12,16.89,35.07,82.2,9.8,840.5,79.43,111.76,49.82,52.03,0
2026-04-02T21:22:48,IMM-02,MD-B07,PA6-GF30,EVENING,22.68,43.75,0.149,225.59,233.25,238.97,76.24,102.4,61.37,69.76,4.54,1.399,8.18,16.29,34.16,78.9,6.81,736.6,83.39,110.36,47.29,49.95,1
2026-04-02T21:23:30,IMM-03,MD-B07,ABS,DAY,29.28,48.73,0.051,213.46,221.47,226.54,63.89,87.72,45.92,70.48,3.89,1.542,7.93,19.07,36.55,64,9.62,874.8,70.37,106.26,37.18,37.25,1
2026-04-02T21:24:12,IMM-01,MD-B07,PP-GF20,EVENING,20.25,34,0.144,204.83,210.62,215.59,70.68,99.13,57.93,74.18,3.25,1.071,7.68,18.12,36.8,79.4,8.21,891.7,73.09,76.57,38.94,46.47,0
2026-04-02T21:24:54,IMM-04,MD-B07,PP-GF20,DAY,18.7,81.82,0.069,226.17,231.92,237.56,70.29,101.02,62.3,78.19,4.22,1.209,7.15,17.95,36.49,85.9,7.77,769.3,84,100.77,47.66,47.85,0
2026-04-02T21:25:36,IMM-02,MD-C03,ABS,DAY,20.5,48.18,0.122,208.77,214.47,225.39,69.99,100.23,55.02,79.36,4.72,1.274,7.48,19.73,36.42,75.5,8,829,79.36,101.27,43.04,40,0
2026-04-02T21:26:18,IMM-03,MD-A12,PA6-GF30,NIGHT,26.54,55.4,0.216,229.7,235.28,240.11,77.32,105.86,64.78,69.21,4.11,1.176,8.51,20.84,38.18,82.4,8.73,839.6,89.21,103.68,54.73,55.07,0
2026-04-02T21:27:00,IMM-03,MD-B07,PA6-GF30,DAY,29.73,60.74,0.185,236.33,241.6,247,71.69,92.32,53.08,76.38,4.09,1.076,8.02,19.46,37.46,74.2,8.43,764.6,71.14,72.88,45.49,45.47,0
2026-04-02T21:27:42,IMM-03,MD-A12,ABS,DAY,22.56,37.83,0.112,215.6,223.09,226.58,67.9,100.14,61.61,73.41,3.65,1.288,7.47,17.17,34.96,81.7,8.71,785.6,78.43,99.96,49.57,48.36,0
2026-04-02T21:28:24,IMM-04,MD-A12,PA6-GF30,DAY,23.93,70.8,0.105,225.78,231.77,236.32,74.2,93.02,57.17,83.04,3.43,1.215,6.22,19.91,35.2,86.3,9.15,865.8,64.29,85.56,47.06,52.25,0
2026-04-02T21:29:06,IMM-03,MD-A12,PP-GF20,DAY,19.45,34.93,0.123,210.39,219.11,223.41,68.69,86.52,50.39,68.83,3.27,1.223,7.35,21.29,38.73,70.5,9.07,810.5,68.85,77.02,46.69,38.64,0
2026-04-02T21:29:48,IMM-01,MD-A12,PA6-GF30,EVENING,23.52,53.58,0.077,233.28,241.71,248.13,77.28,102.82,57.73,61.87,5.12,1.131,7.47,14.93,31.22,80.1,8.43,810.2,74.56,77.27,41.8,50.16,0
2026-04-02T21:30:30,IMM-01,MD-C03,ABS,DAY,16.08,72.07,,204.68,207.55,214.53,64.78,104.86,60.12,70.51,4.61,1.204,8.42,18.78,36.7,74.8,7.05,859.5,85.5,97.82,38.71,40.61,0
2026-04-02T21:31:12,IMM-01,MD-B07,PP-GF20,EVENING,26.61,20,0.105,224.2,234.42,240.06,63.94,92.31,46.54,78.48,4.57,1.177,8.45,17.33,35.77,81,7.48,794.9,71.76,83.52,46.42,42.29,0
2026-04-02T21:31:54,IMM-01,MD-A12,PA6-GF30,NIGHT,24.72,32.38,0.176,234.22,245.26,250.3,77.38,99.88,52.68,67.2,5.75,1.09,8.56,20.26,38.11,80.8,8.57,806.4,73.08,76.86,44.76,58.82,0
2026-04-02T21:32:36,IMM-04,MD-B07,PP-GF20,NIGHT,29.97,70.31,0.124,214.98,221.44,228.14,75.58,96.26,50.44,68.11,4.63,1.312,8.24,16.83,34.27,85.3,8.24,832.3,74.24,88.8,48.22,47.49,0
2026-04-02T21:33:18,IMM-01,MD-A12,ABS,EVENING,21.7,36.8,0.101,215.03,220.73,223.5,71.73,87.3,50.28,85.58,4.24,1.228,6.81,16.9,34.95,90.3,10.34,816.5,66.31,83.69,41.83,45.79,0
2026-04-02T21:34:00,IMM-01,MD-A12,ABS,EVENING,20.12,60.33,0.139,202.4,208.25,214.05,74.15,92.36,53.14,57.12,3.97,1.113,7.29,19.04,36.35,90.5,8.96,813.5,67.53,75.58,42.68,44.41,1
2026-04-02T21:34:42,IMM-03,MD-B07,PA6-GF30,NIGHT,25.66,54.05,0.194,226.52,233.12,235.5,72.61,102.12,65.19,68.5,4.37,1.296,7.26,16.16,32.5,80.4,8.89,800.3,78.21,92.5,48.86,46.75,0
2026-04-02T21:35:24,IMM-02,MD-A12,PP-GF20,DAY,24.64,58.11,0.097,213.27,219.26,224.63,64.44,99.95,59.12,79.74,4.46,1.23,7.31,17.84,33.86,74.2,8.75,811.1,78.09,96.72,47,36.58,0
2026-04-02T21:36:06,IMM-03,MD-C03,PP-GF20,DAY,24.91,54.92,0.126,209.38,222.39,230.17,72.78,107.19,62.59,70.58,5.27,1.167,6.5,18.88,34.81,71.9,6.44,856.2,84.26,101.69,46.44,42.99,1
2026-04-02T21:36:48,IMM-01,MD-A12,ABS,DAY,16.83,60.86,0.082,215.46,223.13,230.73,67.37,91.36,57.01,76.03,4.94,1.004,7.52,19.27,37.77,82.4,8.49,787.8,79.52,83.57,47.83,42.07,0
2026-04-02T21:37:30,IMM-03,MD-B07,PA6-GF30,EVENING,30.35,49.31,0.07,215.53,225.26,228.69,68.73,109.2,60.26,63.41,3.55,1.19,9.11,16.3,35.89,76.5,9.34,851.5,75.4,92.49,43.47,48.39,0
2026-04-02T21:38:12,IMM-01,MD-A12,PP-GF20,NIGHT,20.46,49.46,0.2,214.15,222.89,226.82,69.59,95.17,61.51,64.88,4.43,1.35,7.86,17.85,35.49,66.9,8.51,763.6,66.41,89.94,43.91,35.53,1
2026-04-02T21:38:54,IMM-02,MD-C03,PP-GF20,DAY,22.9,48.61,0.212,211.46,217.94,227.05,68.75,91.71,53.77,75.75,4.86,1.394,7.26,18.33,35.07,68.9,9.47,833.5,63.7,93.59,45.9,40.67,0
2026-04-02T21:39:36,IMM-01,MD-B07,PP-GF20,EVENING,23.11,37.55,0.2,211.81,218.54,225.21,75.68,90.87,58.75,72.52,3.27,1.106,7.71,17.24,35.44,87.1,7.14,818.5,72.92,85.24,49.5,50.34,1
2026-04-02T21:40:18,IMM-01,MD-A12,ABS,DAY,25.88,44.66,0.11,214.06,221.16,226.74,66.2,107.5,61.24,68.13,3.91,0.994,7.78,21.49,39.63,88.2,8.17,865.9,78.89,77.23,46.36,48.96,0
2026-04-02T21:41:00,IMM-03,MD-A12,PP-GF20,NIGHT,19.09,49.48,0.18,218.75,223.21,229.26,70.11,101.25,57.83,67.83,3.08,1.319,8.5,18.24,36.83,70.1,9.01,815.8,81.52,104.99,50.13,45.26,0
2026-04-02T21:41:42,IMM-01,MD-C03,PP-GF20,DAY,21.83,45.02,0.11,213.34,215.42,221.97,69.98,92.67,54.93,59.96,5,1.327,6.87,21.13,37.39,83.6,8.14,837.1,64.73,91.3,43.5,41.87,0
2026-04-02T21:42:24,IMM-01,MD-B07,ABS,DAY,19.58,59.88,0.179,216.07,222.46,222.99,69.96,89.77,52.45,63.38,3.99,1.009,7.15,18.42,34.55,75.8,8.06,814.2,65.15,68.03,48.26,42.06,0
2026-04-02T21:43:06,IMM-02,MD-A12,PA6-GF30,EVENING,26.97,51.32,0.2,217.63,226.75,236.35,78.16,103.72,59.66,65.39,4.69,1.031,8.12,16.96,33.79,84.5,8.83,803.7,72.49,87.29,45.29,47.85,0
2026-04-02T21:43:48,IMM-04,MD-A12,PP-GF20,DAY,28.48,47.4,0.152,215.96,229.19,239.29,73.92,88.9,48.47,69.66,2.78,1.177,6.96,19.07,35.19,91.3,8.79,869.2,69.33,80.7,49.94,42.61,0
2026-04-02T21:44:30,IMM-03,MD-C03,ABS,NIGHT,25.2,49.98,0.073,217.16,224.75,226.42,74.82,82.46,45.81,73.35,3.86,1.28,7.14,20.62,36.95,83.1,9.16,840,68.53,91.75,47.89,38.24,0
2026-04-02T21:45:12,IMM-02,MD-A12,PP-GF20,DAY,24.92,30.54,0.042,209.77,215.79,222.36,65.78,94.51,55.42,72.33,3.65,1.178,7.39,17.09,33.64,75.4,8.26,777.8,65.38,80.17,42.44,42.94,0
2026-04-02T21:45:54,IMM-01,MD-B07,ABS,EVENING,20.14,60.73,0.068,213.56,218.71,224.25,71.62,96.43,51.18,90.26,2.46,1.257,8.07,18.34,36.96,94.1,8.37,798.4,72.18,91.08,41.66,42.59,0
2026-04-02T21:46:36,IMM-03,MD-C03,ABS,DAY,20.54,45.41,0.108,207.88,219.37,225.86,69.84,96.57,54.73,77.68,2.71,1.156,8.98,18.3,37.83,76.2,9.22,897.3,73.33,88.19,42.94,46.26,1
2026-04-02T21:47:18,IMM-03,MD-C03,PP-GF20,EVENING,28.19,23.6,0.056,213.26,222.21,228.84,69.88,96.73,55.73,75.01,4.49,1.419,7.76,17.47,35.22,94.6,9.97,816.6,71.57,95.33,46.74,39.59,0
2026-04-02T21:48:00,IMM-03,MD-B07,PP-GF20,EVENING,29.51,45.24,0.238,211.42,219.38,225.59,68.53,88.93,50.29,70.54,3.28,1.195,8.28,16.09,33.04,89,7.2,758.2,66.79,84.8,49.47,48.1,1
2026-04-02T21:48:42,IMM-03,MD-C03,PP-GF20,DAY,27.55,54.48,0.111,216.88,225.92,229.96,67.75,95.44,56.42,88.4,3.8,1.242,8.22,21.19,40.12,74.4,6.83,921.4,73.96,90.41,43.45,48.61,0
2026-04-02T21:49:24,IMM-02,MD-B07,ABS,DAY,24.02,36.11,0.1,205.9,212.33,216.7,73.02,93.95,58.7,70.56,2.57,1.251,6.81,16.15,31.83,93.9,7.66,771.1,67.68,89.79,48.51,42.27,0
2026-04-02T21:50:06,IMM-03,MD-B07,ABS,EVENING,25.21,22.53,0.14,202.97,208.23,213.36,74.83,93.69,55.46,69.28,5.09,1.379,6.82,18.73,34.98,76.2,7.32,843.6,68.89,97.61,50.3,45.58,1
2026-04-02T21:50:48,IMM-03,MD-A12,ABS,EVENING,21.83,69.69,0.139,209.21,219.81,220.43,73.9,91.18,50.8,60.51,5.08,1.067,7.49,18.54,35.44,75,7.96,811.7,62.01,61.58,50.33,52.67,0
2026-04-02T21:51:30,IMM-04,MD-A12,PP-GF20,DAY,26.94,35.64,0.051,217.52,226.19,229.01,62.56,94.73,61.82,69.69,4.32,1.403,8.58,18.4,37.14,81.8,9.24,841.1,68.14,94.86,45.15,37.52,0
2026-04-02T21:52:12,IMM-02,MD-A12,ABS,DAY,25.85,46.19,0.054,207.6,213.96,220.68,72.25,105.35,59.76,76.2,4.75,1.237,8.21,17.83,36.34,86.2,8.31,849,74.21,90.35,48.13,43.6,0
2026-04-02T21:52:54,IMM-04,MD-B07,PA6-GF30,DAY,23.12,65.29,0.206,236.89,241.23,245.03,70.36,101.53,59.33,60.16,2.3,1.29,7.14,18.08,35.28,86.2,9.2,831.2,81.77,108.05,49.25,50.5,1
2026-04-02T21:53:36,IMM-04,MD-B07,PP-GF20,EVENING,17.57,48.06,0.088,215.61,223.14,227.1,74.44,98.65,58.94,71.49,3.23,1.132,7.64,17.92,34.1,97.3,8.6,830.1,75.22,81.49,50.21,43.45,0
2026-04-02T21:54:18,IMM-02,MD-B07,PA6-GF30,DAY,25.53,35.34,0.139,220.32,227.76,233.95,78.14,88.16,46.72,65.15,3.4,1.148,7.87,16.34,33.9,75.9,7.85,818.7,70.56,84.7,53.48,43.26,0
2026-04-02T21:55:00,IMM-03,MD-A12,ABS,DAY,27.55,40.67,0.132,205.39,212.87,220.91,68.13,96,54,74.97,3.86,1.085,8.15,16.37,33.41,78.3,8.93,844.2,73.63,90.21,46.5,36.08,0
2026-04-02T21:55:42,IMM-03,MD-A12,ABS,DAY,22.4,50.23,0.105,210.99,221.2,225.9,67.55,108.6,62.2,76.05,5.14,1.408,7.09,19.63,36.72,79.3,9.12,865.1,76.15,100.68,48.09,40.41,0
2026-04-02T21:56:24,IMM-02,MD-B07,PA6-GF30,EVENING,22.33,51.9,0.223,220.94,228.48,231.98,72.04,94.99,60.59,66.54,4.61,1.117,7.87,17.1,35.95,101.6,7.73,765.2,73.09,84.05,47.74,50.6,0
2026-04-02T21:57:06,IMM-01,MD-B07,PA6-GF30,EVENING,25.45,41.44,0.118,228.63,234.79,242.17,79.46,98.56,59.6,63.85,4.32,1.232,8.03,18.93,35.69,86.4,9.52,847.5,74.88,93.62,43.81,54.58,0
2026-04-02T21:57:48,IMM-01,MD-A12,ABS,DAY,22.51,65.81,0.109,216.54,229.04,234.73,71.17,96.48,57.2,74.45,3.29,1.191,8.48,19.48,37.43,69.7,9.53,844.3,77.46,87.35,43.75,46.28,0
2026-04-02T21:58:30,IMM-01,MD-C03,PA6-GF30,NIGHT,26.12,47.48,0.207,220.55,225.27,231.34,81.1,106.44,55.01,77.36,2.87,1.262,7.41,18.3,35.35,82.9,8.26,884.2,81.1,98.13,44.59,53.56,1
2026-04-02T21:59:12,IMM-04,MD-B07,PP-GF20,EVENING,20.69,44.32,0.091,213.81,225.42,236.12,64.1,108.37,69.17,72.29,3.42,1.062,8.48,18.31,35.53,90.3,8.99,803.7,82.39,89.76,47.49,40.04,0
2026-04-02T21:59:54,IMM-01,MD-B07,ABS,NIGHT,20.69,20,0.129,207.34,215.35,220.23,74.48,95.37,56.04,74.21,3.46,1.315,9.57,19,37.51,80.8,10.69,831.8,75.5,106.9,52.02,44.39,0
2026-04-02T22:00:36,IMM-03,MD-A12,PP-GF20,NIGHT,30.06,32.98,0.077,210.3,219.42,228.89,64.9,90.35,50.83,71.87,3.96,1.138,6.44,17.68,33.36,86.3,8.61,848,62.91,73.45,48.93,41.07,1
2026-04-02T22:01:18,IMM-04,MD-B07,ABS,DAY,19.22,56.86,0.208,206.78,212.13,221.63,67.07,93.94,56.55,69.83,2.95,1.016,6.91,18.55,34.54,79.4,8.36,853.9,68.16,72,44.85,40.84,1
2026-04-02T22:02:00,IMM-02,MD-C03,PA6-GF30,EVENING,30.09,39.66,0.095,234.33,235.99,243.1,76.1,107.17,64.79,61.91,3.59,1.237,8.59,16.9,35.29,73.4,6.55,887,80.52,105.65,48.98,42.84,0
2026-04-02T22:02:42,IMM-04,MD-A12,PP-GF20,NIGHT,22.21,,0.103,208.75,216.34,219.6,68.93,89.16,54.05,77.21,4.22,1.163,8.52,17.51,35.58,73.4,8.43,817.3,77.44,90.63,52.72,40.07,1
2026-04-02T22:03:24,IMM-03,MD-B07,ABS,EVENING,23.72,61.37,0.12,212.21,220.66,224.9,66.82,97.25,54.84,70.68,3.86,1.259,8.76,17.89,36.74,73.9,6.37,897.3,84.02,98.17,48.74,42.4,0
2026-04-02T22:04:06,IMM-04,MD-C03,PP-GF20,DAY,25.1,49.14,0.083,217.21,225.65,230.7,64.37,102.68,58.19,81.69,2.86,1.175,7.71,19.8,37.39,74.8,8.11,830.8,79.91,94.09,43.6,43.81,0
2026-04-02T22:04:48,IMM-02,MD-A12,PP-GF20,EVENING,24.45,49.3,0.107,211.14,224.46,228.72,68.82,94.32,50.31,74.35,3.68,1.119,7.44,16.4,33.1,87,9.47,804.8,72.78,77.84,44.36,41.01,0
2026-04-02T22:05:30,IMM-03,MD-B07,PP-GF20,EVENING,25.34,51.26,0.09,218.29,225.65,229.6,70.17,78.25,44.37,76.12,5.08,1.359,7.89,16.76,36.3,74.5,7.86,888.8,64.01,72.93,45.26,36.71,0
2026-04-02T22:06:12,IMM-04,MD-A12,ABS,DAY,22.18,68.59,0.15,204.86,213.48,218.24,64.5,101.4,61.92,74.87,2.92,0.969,7.59,21.46,37.5,85.8,8.26,781.6,73.93,68.26,41.64,41.53,0
2026-04-02T22:06:54,IMM-03,MD-A12,PA6-GF30,EVENING,25.04,50.66,0.166,220.05,223.91,228.46,72.69,108.27,64.16,82.77,4.78,1.05,7.01,17.87,33.1,88.8,6.27,906.2,79.37,86.37,47.56,51.58,0
2026-04-02T22:07:36,IMM-03,MD-B07,ABS,DAY,21.03,46.95,0.158,206.55,212.85,217.69,72.8,99.99,55.65,79.58,4.31,1.251,8.54,17.84,36.89,75.5,10.77,851.2,76.16,104.71,52.26,42.04,0
2026-04-02T22:08:18,IMM-01,MD-A12,PA6-GF30,DAY,26.82,20,0.137,218.74,225.37,230.65,78.88,111.32,63.15,69.62,3.18,1.275,7.77,19.74,37.46,91,9.44,810.5,86.92,103.5,45.15,45.71,0
2026-04-02T22:09:00,IMM-01,MD-C03,PA6-GF30,NIGHT,25.88,63.48,0.091,229.75,238.74,247.69,75.04,106.44,59.61,71.61,3.23,1.315,7.53,19.57,38.04,81.9,8.16,860.4,75.86,104.23,49.09,46.72,0
2026-04-02T22:09:42,IMM-03,MD-B07,PP-GF20,DAY,25.02,67.36,0.123,209.76,214.93,221.99,67.99,97.91,53.68,77.05,3.89,1.105,8.71,18.16,36.45,70.3,9.57,782.7,80.83,77.32,48.77,38.65,0
2026-04-02T22:10:24,IMM-02,MD-B07,PP-GF20,DAY,17.59,64.54,0.1,218.71,227.35,231.8,67.58,101.03,59.94,77.76,3.82,1.141,8.38,17.68,35.77,79.8,7.19,835.7,72.05,82.97,46.59,40.66,0
2026-04-02T22:11:06,IMM-01,MD-A12,PP-GF20,DAY,22.76,,0.026,211.94,222.68,229.26,61.29,82.57,44.85,73.94,5.2,0.997,7.92,16.66,34.6,80,7.91,770.1,60.65,66.6,50.06,37.44,0
2026-04-02T22:11:48,IMM-01,MD-A12,PP-GF20,DAY,23.81,55.27,0.073,218.31,227.13,232.96,63.72,96.71,50.49,60.95,2.87,1.135,7.74,19.16,35.93,79.2,7.72,762.5,70.37,85.1,45.52,38.93,0
2026-04-02T22:12:30,IMM-04,MD-C03,PP-GF20,DAY,19.88,67.52,0.104,216.85,223.69,227.84,67.34,82.85,46.29,60.15,5.17,1.379,7.73,19.26,38.17,74.6,9.12,879.7,56.4,69.45,46.73,46.9,1
2026-04-02T22:13:12,IMM-03,MD-A12,PP-GF20,DAY,23.69,51.27,0.102,215.78,223.15,229.36,74.42,96.77,54.95,67.88,5.55,1.308,7.51,17.18,34.75,89.8,9.28,868,68.22,92.85,48.03,44.82,0
2026-04-02T22:13:54,IMM-02,MD-B07,ABS,NIGHT,22.38,45.28,0.142,212.51,221.87,227.42,64.95,87.49,47.87,76.96,3.19,1.186,8.69,17.34,36.04,85.6,7.77,772.4,59.99,71.44,42.72,39.11,1
2026-04-02T22:14:36,IMM-03,MD-B07,PP-GF20,NIGHT,32.1,49.61,0.114,211.59,216.66,223.76,68.97,91.23,48.81,80.43,3.99,1.073,8.6,16.03,34.32,87.5,9.6,800,73.75,80.99,44.17,39.27,0
2026-04-02T22:15:18,IMM-02,MD-B07,PP-GF20,EVENING,23.75,43.67,0.084,217.34,226.98,233.29,69.86,90.35,50.61,69.43,4.69,1.297,6.61,18.63,34.26,82.9,9.61,794.1,62.29,81.13,42.08,42.04,0
2026-04-02T22:16:00,IMM-03,MD-C03,PA6-GF30,DAY,26.38,54.07,0.158,233.17,237.05,245.1,80.41,96.15,57.28,75.49,4.09,1.174,8.47,21.19,39.47,80,7.68,884.5,70.67,84.54,40.75,50.96,0
2026-04-02T22:16:42,IMM-04,MD-C03,PP-GF20,NIGHT,23.7,57.08,0.111,213.57,222.21,230.17,69.53,86.4,49.48,78.53,3.71,1.181,6.92,18.63,35.91,70.9,9.95,907,55.79,57.56,45.51,43.41,1
2026-04-02T22:17:24,IMM-04,MD-A12,PA6-GF30,EVENING,20.59,42.65,0.184,236.91,246.36,252.55,77.68,112.81,55.48,72.64,2.76,1.214,7.75,20.37,37.22,83.2,8.35,758.4,84.82,100.26,45.77,48.41,0
2026-04-02T22:18:06,IMM-03,MD-A12,ABS,EVENING,24.79,40.86,0.116,208.92,215.2,220.47,70.26,95.32,52.96,73.52,3.13,1.139,9.3,19.77,38.47,86.9,7.83,767.6,73.02,83.41,42.52,52.32,0
2026-04-02T22:18:48,IMM-02,MD-A12,ABS,NIGHT,30.78,57.8,0.125,201.61,208.94,211.56,67.63,93.44,57.27,78.19,4.08,1.247,7.51,18.36,36.83,83.3,8.53,818,67.9,91.29,43.61,40.52,0
2026-04-02T22:19:30,IMM-02,MD-B07,PP-GF20,DAY,24.73,55.31,0.095,219.21,227.69,233.74,74.31,92.35,53.86,71.26,3.91,1.164,6.8,17.16,34.66,81.4,9.66,810.3,66.59,78.6,40.5,37.7,0
2026-04-02T22:20:12,IMM-04,MD-A12,ABS,NIGHT,28.24,35.52,0.113,206.75,211.88,218.83,63.88,94.22,52.7,82.88,4.15,1.346,7.76,17.03,35.9,75.6,9.18,802.3,71.56,95.33,46.74,47.09,1
2026-04-02T22:20:54,IMM-01,MD-A12,ABS,EVENING,26.64,40.12,0.145,218.49,226.84,230.7,68.19,87.89,48.85,64.84,4.55,1.284,6.58,21.09,38.39,92.1,8.08,764.9,67.52,86.59,41.04,48.33,0
2026-04-02T22:21:36,IMM-01,MD-A12,PP-GF20,EVENING,27.98,36.72,0.043,202.48,207.62,214.34,74.9,90.35,59.37,72.88,3.71,1.002,8.28,19.38,37.14,69,9.9,840.4,62.25,59.53,45.42,50.02,0
2026-04-02T22:22:18,IMM-04,MD-C03,ABS,NIGHT,23.51,32.43,0.133,218.85,227.38,235.39,68.97,87.05,51.37,69.57,4.02,1.13,8.6,20.06,38.22,80.4,8.68,872.4,64.76,78.5,49.63,45.46,0
2026-04-02T22:23:00,IMM-01,MD-B07,PP-GF20,NIGHT,21.1,42.26,0.07,213.63,218.57,222.39,73.56,96.1,54.35,79.09,4.49,1.311,7.88,18.47,36.33,89.3,8.02,915.4,82.76,104.2,43.09,41.8,0
2026-04-02T22:23:42,IMM-04,MD-B07,PA6-GF30,DAY,23.93,47.9,0.146,231.59,241.91,244.85,76.71,97.97,54.08,72.54,3.99,1.37,8.05,20.99,38.95,79.7,8.95,814.2,71.69,92.14,46.63,53.3,0
2026-04-02T22:24:24,IMM-04,MD-A12,ABS,DAY,26.72,41.97,0.073,209.5,218.11,228.01,69.31,91.09,50.04,78.83,4.31,1.451,7.9,19.9,37.7,78.4,6.82,830.7,66.35,93.77,47.65,44.39,0
2026-04-02T22:25:06,IMM-04,MD-A12,ABS,EVENING,23.72,69.26,0.101,209.31,217.73,223.42,68.77,108.38,66.09,69.28,4.08,1.219,6.65,17.43,32.9,78.2,9.31,797.5,84.95,100.43,49.29,50.5,0
2026-04-02T22:25:48,IMM-01,MD-B07,PP-GF20,DAY,25.38,45.43,0.103,211.08,217.92,225.01,67.61,88.75,48.97,78.34,3.26,1.196,8.43,19.41,37.87,86.1,9.59,787,69.51,76.37,48.76,44.2,1
2026-04-02T22:26:30,IMM-03,MD-A12,PA6-GF30,NIGHT,25.39,40.27,0.122,224.77,231.87,238.01,67.91,100.1,56.88,80.05,4.9,1.288,8.47,19.15,37.69,77,7.02,829.2,71.39,85.76,43.52,52.82,0
2026-04-02T22:27:12,IMM-01,MD-A12,ABS,NIGHT,25.99,49.83,0.026,209.52,219.07,224.2,66.09,104.31,61.91,75.24,4.07,1.212,7.54,19.77,37.06,81.8,10.73,800.5,80.92,100.71,46.13,42.85,0
2026-04-02T22:27:54,IMM-03,MD-B07,ABS,NIGHT,25.04,68.32,0.116,204.85,210.84,215.14,68.26,99.68,53.22,66.18,3.51,1.086,8.11,17.41,34.9,67.8,7.48,791.7,85.69,89.09,46.48,45.66,1
2026-04-02T22:28:36,IMM-04,MD-C03,ABS,DAY,19.5,38.59,0.094,208.5,215,219.3,68.59,96.21,58.39,84.14,4.31,1.414,7.21,18.19,35.9,72.4,7.14,841.1,72.66,91.2,44.47,41.74,0
2026-04-02T22:29:18,IMM-02,MD-C03,ABS,EVENING,28.04,63.61,0.13,213.27,220.92,225.52,74.12,95.99,55.75,67,4.07,1.392,8.04,15.1,32.86,86.5,7.82,883.1,81.01,115,46.33,46.92,0
2026-04-02T22:30:00,IMM-01,MD-A12,PA6-GF30,NIGHT,26.98,31.7,0.179,237.2,242.59,250.68,64.74,109.51,56.76,69.84,5,1.133,7,16.2,33.06,86.3,8.64,769.9,81.61,92.22,49.8,45.69,0
2026-04-02T22:30:42,IMM-02,MD-C03,PA6-GF30,DAY,25.83,42.2,0.128,220.18,226.01,232.28,72.57,104.65,62.25,68.17,3.69,1.377,7.29,19.13,36.88,88.2,9.84,801.4,79.92,112.43,48.77,48.08,0
2026-04-02T22:31:24,IMM-02,MD-A12,ABS,DAY,23.86,40.28,0.102,211.66,218.59,220.01,68.71,97,60.26,77.72,3.45,1.176,6.78,17.92,34.44,81.2,9.55,809.8,68.84,80.94,48.68,42.76,0
2026-04-02T22:32:06,IMM-04,MD-A12,PA6-GF30,EVENING,25.64,47.17,0.113,225.89,228.73,231.27,68.1,113.82,67.66,64.9,3.06,1.275,6.91,17.3,34.24,83.9,7.89,782.1,100.68,110.45,48.08,44.91,1
2026-04-02T22:32:48,IMM-01,MD-C03,PP-GF20,DAY,27.65,57.6,0.145,204.7,210.5,215.42,73.39,98.35,57.37,75.95,5.12,1.334,7.22,20.97,37.82,78.7,8.4,873,74.78,99.85,44.44,48.27,0
2026-04-02T22:33:30,IMM-01,MD-B07,ABS,EVENING,28.57,55.03,0.132,212.28,221.76,227.29,67.32,107.26,63.64,68.65,3.86,1.268,6.94,17.86,34.21,73.8,10.35,865.6,81.32,115.12,48.1,36.84,0
2026-04-02T22:34:12,IMM-01,MD-A12,PP-GF20,DAY,22.07,53.64,0.15,213.18,215.67,219.37,68.11,83.49,49.09,69.43,4.09,1.091,7.2,18.8,35.13,83.3,8.46,848.5,63.43,72.64,42.94,45.82,0
2026-04-02T22:34:54,IMM-03,MD-C03,PA6-GF30,DAY,22.35,20.55,0.183,223.2,234.58,240.57,77.33,99.01,61.13,73.55,3.25,1.226,8.46,21.86,39.96,85.5,7.74,922.5,78.7,95.96,49.31,53.35,0
2026-04-02T22:35:36,IMM-01,MD-A12,ABS,DAY,24.88,46.08,0.091,212.23,220.2,227.28,67.75,93.71,55.64,81.09,2.43,1.416,7.22,16.32,33.14,100.1,10.16,814.3,66.49,94.13,43.51,40.85,0
2026-04-02T22:36:18,IMM-04,MD-A12,ABS,DAY,23.74,38.76,0.127,215.03,222.82,228.85,66.5,90.82,52.61,69.07,3.59,1.073,8.26,17.77,36.77,89.5,7.01,813,72.24,81.27,48.92,32.82,0
2026-04-02T22:37:00,IMM-02,MD-A12,PP-GF20,NIGHT,19.71,63.68,0.098,230.6,235.27,239,72.87,93.53,53.19,66.46,4.89,1.237,7.62,18.02,35.47,75.6,9.58,874.3,71.94,92.54,42.66,47.09,0
2026-04-02T22:37:42,IMM-01,MD-B07,ABS,EVENING,23.49,36.74,0.075,208.11,216.18,220.66,63.47,96.06,58.14,73.56,3.77,1.31,8.84,19.08,38.4,87.3,8.19,851.9,77.59,99.52,41.88,42.32,0
2026-04-02T22:38:24,IMM-04,MD-B07,ABS,DAY,27.62,56.17,0.1,207.06,216.99,221.19,71.92,93.94,57.59,77.78,5.8,1.176,6.92,15.45,31.85,82,8.64,866.9,76.31,94.07,48.2,44.54,0
2026-04-02T22:39:06,IMM-02,MD-C03,PA6-GF30,EVENING,27.11,44.96,0.223,233.4,241.9,248.07,72.94,105.13,63.23,60.35,4.15,1.301,8.25,21.27,39.35,98.7,7.47,809.8,74.45,99.16,38.52,51.43,0
2026-04-02T22:39:48,IMM-04,MD-A12,ABS,NIGHT,25.31,49.53,0.056,208.3,215.07,219.65,73.68,86.32,50.42,67.62,3.85,1.208,6.74,18.71,35.46,76.6,10.19,834.7,67.7,92.22,49.49,44.27,1
2026-04-02T22:40:30,IMM-02,MD-A12,ABS,NIGHT,27.13,57.19,0.136,205.66,217.07,225,71.24,84.2,44.42,77.55,3.7,1.04,7.23,19.65,37.6,81.1,8.04,834.8,63.69,66.71,47.48,46.47,1
2026-04-02T22:41:12,IMM-01,MD-B07,PP-GF20,EVENING,31.13,45.01,0.137,219.09,228.18,236.61,65.81,94.6,52.55,68.21,4.17,1.193,9.33,19.54,38.95,82.5,8.51,829.6,66.64,80.14,50.28,38.75,0
2026-04-02T22:41:54,IMM-04,MD-C03,PA6-GF30,DAY,28.31,53.58,0.141,214.37,220.63,224.35,75.84,108.88,62.57,69.41,4.03,1.402,7.38,18.46,35.88,64.6,8.61,849.1,89.83,144.87,45.59,50.53,1
2026-04-02T22:42:36,IMM-01,MD-A12,ABS,EVENING,27.16,42.86,0.124,212.28,222.61,224.91,62.62,98.86,56.09,77,4.77,1.247,7.27,20.75,37.47,71.8,9.2,820.6,74.87,95.12,43.76,44.61,0
2026-04-02T22:43:18,IMM-04,MD-A12,ABS,EVENING,19.37,47.67,0.157,215.37,223.37,227.2,66.58,93.59,49.47,83.27,3.82,0.95,6.89,18.08,35.01,87.2,9.47,805.2,69.86,66.69,47.37,38,0
2026-04-02T22:44:00,IMM-02,MD-B07,PP-GF20,NIGHT,22.12,39.63,0.066,216.01,220.46,228.5,74.88,90,48.65,65.76,2.33,1.197,8.5,14.19,31.25,88.3,7.52,804.8,67.52,78.58,48.57,49.86,0
2026-04-02T22:44:42,IMM-04,MD-B07,PP-GF20,EVENING,25.41,23.86,0.104,222.61,228.65,233.84,76.22,97.14,55.83,79.98,4.3,1.24,8.53,19.15,37.25,79.7,8.52,842.1,74.05,80.54,49.63,49.59,0
2026-04-02T22:45:24,IMM-01,MD-B07,PA6-GF30,DAY,26.58,51.18,0.145,221.61,228.89,235.07,74.36,99.05,60.46,71.2,3.35,1.276,6.58,23.78,39.08,83.9,9.21,795.1,71.34,90.35,44.74,49.97,0
2026-04-02T22:46:06,IMM-03,MD-B07,ABS,EVENING,23.65,45.04,0.255,206.84,211.99,215.96,69.67,78.08,42,74.93,5.32,1.451,6.63,18.64,35.46,59,8.74,826.8,63.99,99.44,42.1,35.27,1
2026-04-02T22:46:48,IMM-02,MD-A12,PA6-GF30,NIGHT,20.84,32.27,0.115,227.76,235.85,240.71,68.98,109.48,60.97,79.12,3.22,1.091,8.81,18.36,36.68,92.1,8.03,808.5,86.24,96.6,45.13,48.81,0
2026-04-02T22:47:30,IMM-04,MD-A12,PP-GF20,EVENING,16.17,59.47,0.098,213.78,219.98,224.01,74.73,94.26,56.35,79.73,4.7,1.093,8.37,16.38,34.81,71.3,10.14,751,71.41,80.14,42.18,46.3,0
2026-04-02T22:48:12,IMM-04,MD-B07,PP-GF20,DAY,26.27,74.4,0.085,202.52,209.09,213.67,73.38,88.79,52.05,73.46,3.23,1.036,8.14,19.31,36.96,76.4,9.07,850,67.98,67.59,46.02,44.62,0
2026-04-02T22:48:54,IMM-03,MD-A12,ABS,NIGHT,25.75,54.91,0.061,212.24,217.26,225.52,70.9,90.41,49.28,73.27,4.11,1.402,7.17,17.81,34.83,80.2,7.61,794.4,65.03,92.24,50.92,43.53,0
2026-04-02T22:49:36,IMM-04,MD-B07,PP-GF20,NIGHT,26.32,42.04,0.084,224.87,232.32,241.93,71.72,104.73,62.89,70.84,2.73,1.165,7.08,18.16,34.83,81.8,11.48,801.4,82.19,100.67,47.02,41.14,0
2026-04-02T22:50:18,IMM-03,MD-C03,PP-GF20,EVENING,25.43,35.5,0.192,210.59,217.17,226.44,65.55,84.72,53.69,70.83,3.33,1.492,6.61,18.7,35.95,75.5,9.73,916.7,67.43,107.92,45.03,40.69,1
2026-04-02T22:51:00,IMM-03,MD-A12,PP-GF20,DAY,25.53,38.45,0.225,220.65,227.42,229.29,68.28,102,58.78,73.57,5.4,1.144,8.83,21.88,40.17,83.5,8.11,769.3,70.61,85.68,50.78,47.64,0
2026-04-02T22:51:42,IMM-04,MD-C03,PP-GF20,DAY,24.14,42.92,0.171,210.3,214.87,219.92,69.46,94.04,55.01,78.38,3.73,1.107,6.99,19.11,36.99,82.1,8.96,853.5,79.13,83.08,40.12,34.11,0
2026-04-02T22:52:24,IMM-01,MD-A12,PP-GF20,DAY,23.24,57.81,0.065,215.5,223.8,231.23,65.39,96.07,56.54,84.14,3.82,1.149,8.02,17.39,35.37,84.3,10.16,890.9,72.91,85.52,45.1,35.88,0
2026-04-02T22:53:06,IMM-01,MD-A12,PP-GF20,DAY,25.21,50.62,0.144,207.33,217.48,222.23,64.85,88.46,49.3,80.23,4.19,1.383,8.07,19.55,37.51,86.9,10.04,827.7,67.76,89.15,48.57,41.2,1
2026-04-02T22:53:48,IMM-04,MD-C03,PP-GF20,NIGHT,27.42,36.66,0.216,206.47,208.81,212.46,71.83,96.76,60.82,71.73,4.1,1.216,7.39,16.93,34.16,62.8,9.21,888.4,69.3,89.92,48.81,48.66,0
2026-04-02T22:54:30,IMM-04,MD-C03,PP-GF20,EVENING,23.2,47.09,0.102,208.88,217.13,222.56,77.59,84.2,39.93,78.78,4.7,1.391,7.89,23.05,40.42,80.1,7.86,886.1,68.64,95.59,44.39,45.07,1
2026-04-02T22:55:12,IMM-04,MD-B07,ABS,DAY,23.14,55.08,0.102,208.33,214.34,221.84,66.59,87.34,54.73,71.32,4.99,1.335,8.29,19.88,37.91,87.9,8.78,802.2,59.48,92.4,45.81,45.36,0
2026-04-02T22:55:54,IMM-02,MD-A12,ABS,DAY,31.09,32.53,0.115,212.68,218.67,225.56,73.13,101.41,57.72,75.76,6.32,1.294,6.69,17.62,34.86,79.3,7.55,803.9,68.64,93.48,43.63,38.64,0
2026-04-02T22:56:36,IMM-01,MD-C03,PP-GF20,EVENING,28.58,46.27,0.178,209.09,214.44,218.11,63.62,93.48,55.07,68.91,4.14,1.456,8.03,18.05,36.66,82.5,8.75,865,75.58,112.83,45.49,49.97,1
2026-04-02T22:57:18,IMM-02,MD-C03,ABS,EVENING,21.22,37.89,0.053,204.54,210.65,213.46,67.19,106.08,62.38,68.51,3.67,1.292,7.22,16.45,34.02,91.7,9.47,850.9,76.94,98.66,45,42.45,0
2026-04-02T22:58:00,IMM-04,MD-A12,ABS,DAY,27.21,35.96,0.061,213.31,217.27,222.59,70.75,90.67,44.64,67.02,5.23,1.142,7.96,18.23,36.21,77.1,7.32,823,69.75,74.64,49.16,42.33,0
2026-04-02T22:58:42,IMM-01,MD-A12,PP-GF20,EVENING,26.76,57.25,0.044,213.26,223.83,225.16,61.02,106.25,63.29,90.72,3.91,1.096,6.87,16.58,33.92,83.7,8.12,782.8,83.2,89.28,42.83,45.4,0
2026-04-02T22:59:24,IMM-04,MD-A12,ABS,DAY,27.32,56.16,0.07,211.99,218.3,223.22,66.17,92.02,52.64,70.48,3.02,1.244,8.71,19.32,37.56,91.4,10.08,822.6,71.07,91.56,48.34,39.82,0
2026-04-02T23:00:06,IMM-02,MD-C03,ABS,DAY,25.08,54.8,0.032,197,202.82,207.22,67.97,94.4,52.69,83.9,4.37,1.164,7.22,21.07,37.72,87.1,8.62,798.2,77,89.67,48.74,35.32,0
2026-04-02T23:00:48,IMM-02,MD-B07,ABS,DAY,18.66,54.37,0.121,207.99,215.15,223.18,68.3,107.14,64.4,68.05,2.28,1.015,6.26,18.6,34.32,81.2,9.69,819.4,82.38,79.73,46.82,47.45,1
2026-04-02T23:01:30,IMM-04,MD-B07,PA6-GF30,NIGHT,20.61,56.93,0.155,224.15,225.71,231.96,73.41,105.12,64.17,64.71,4.59,1.306,6.45,18.23,33.87,81.8,8.85,821.9,80.45,105.43,50.95,45.92,0
2026-04-02T23:02:12,IMM-02,MD-C03,ABS,DAY,28.56,49.35,0.143,210.63,220.49,223.02,70.64,110.46,68.82,85.48,3.89,1.554,7.05,18.61,35.32,79.2,7.35,871.5,84.5,138.53,44.41,40.74,0
2026-04-02T23:02:54,IMM-01,MD-C03,ABS,DAY,24.5,82,0.181,201.89,210.32,218.9,67.47,96.6,55.14,80.94,3.65,1.342,8.08,16.2,33.78,90.1,6.91,783,66.81,79.64,47.28,35.93,0
2026-04-02T23:03:36,IMM-01,MD-B07,ABS,DAY,27.23,50.41,0.107,211.24,221.9,228.15,73.91,97.01,57.88,65.39,3.98,1.316,7.76,16.54,33.84,83.3,8.67,812.6,78.38,105.02,46.01,42.19,0
2026-04-02T23:04:18,IMM-03,MD-C03,PA6-GF30,NIGHT,21.91,40.25,0.062,233.05,241.6,246.1,67.89,114.85,69.6,76.46,4.15,1.237,7.83,18.73,37.27,90.9,10.29,896.6,83.41,104.36,47.01,55.77,0
2026-04-02T23:05:00,IMM-01,MD-A12,PP-GF20,EVENING,28.78,43.82,0.201,214.37,220.99,224.8,72.72,98.92,49.56,67.59,2.85,1.228,6.7,18.03,34.12,87.5,8.74,805.8,78.15,99.37,47.59,44.86,0
2026-04-02T23:05:42,IMM-01,MD-B07,ABS,NIGHT,18.17,42.15,0.173,211.01,216.88,221.06,68.19,99.12,54.35,68.33,4.22,0.914,8.36,15.96,33.49,63.9,7.36,879.1,72.23,64.8,46.09,46.85,1
2026-04-02T23:06:24,IMM-02,MD-B07,PP-GF20,NIGHT,30.53,55.05,0.107,207.65,212.6,220.35,65.96,88.3,57.39,60.71,4.29,1.282,7.61,18.09,35.06,81.2,9.79,795.2,59.94,76.28,48.04,45.84,0
2026-04-02T23:07:06,IMM-03,MD-A12,PP-GF20,DAY,22.83,31.03,0.047,208.37,217.76,222.12,74.42,92.87,52.2,80.3,4.33,1.259,7.67,17.59,35.22,77.6,10.11,821.7,78.12,101.5,39.93,43.97,0
2026-04-02T23:07:48,IMM-02,MD-B07,PP-GF20,DAY,27.32,35.16,0.193,212.34,221.46,224.27,69.7,103.9,58.02,74.6,3.04,1.068,6.98,20.7,36.85,80.5,9.54,855.3,73.94,88.71,50.9,45.92,0
2026-04-02T23:08:30,IMM-03,MD-B07,ABS,EVENING,26.58,50.3,0.081,204.93,212.07,215.18,64.71,92.82,54.59,79.83,3.53,1.217,6.79,16.83,34.32,89.3,10.23,754.1,76.12,93.97,41.26,42.74,0
2026-04-02T23:09:12,IMM-04,MD-A12,PP-GF20,DAY,25.36,44.54,0.154,213.23,223.98,228.6,70.83,110.27,64.48,86.43,3.98,1.222,6.68,19.53,35.87,92.7,8.95,848.1,86.22,106.66,43.19,39.88,1
2026-04-02T23:09:54,IMM-03,MD-C03,ABS,EVENING,23.98,48.62,0.176,209.86,221.13,224.36,66.12,97.11,62.49,78.38,4.19,1.237,7.26,19.53,36.77,87.3,6.39,814,66.51,80.69,44.49,40.74,0
2026-04-02T23:10:36,IMM-02,MD-B07,PP-GF20,DAY,18.3,61.25,0.122,213.58,221.94,228.61,66.66,93.73,54.93,60.49,3.5,0.932,7.77,18.51,34.95,72.1,7.74,739,75.06,69.58,49.61,44.34,0
2026-04-02T23:11:18,IMM-01,MD-B07,PA6-GF30,DAY,26.73,48.55,0.152,229.53,239.35,241.8,74.08,105.6,62.3,87.22,3.61,1.231,7.51,18.45,35.75,87.9,8.22,793.2,80.84,99.96,45.52,55.36,0
2026-04-02T23:12:00,IMM-03,MD-B07,ABS,DAY,16.29,57.91,0.165,215.22,225.5,226.18,70.06,82.32,45.12,61.14,4.12,1.045,7.76,19.39,37.1,86.9,7.24,819.2,69.94,73.94,46.82,44.33,0
2026-04-02T23:12:42,IMM-04,MD-A12,PP-GF20,DAY,24.73,20,0.137,215.14,226.66,230.81,74,90.24,51.33,58.03,3.86,1.214,8.19,14.84,32.78,82.7,7.3,794.8,64.07,64.42,44.74,37.25,1
2026-04-02T23:13:24,IMM-03,MD-B07,PP-GF20,DAY,21.62,54.13,0.091,213.76,220.07,224.42,69.44,78.9,47.46,79.02,4.48,1.283,9.37,20.26,39.21,94.5,7.68,845.7,61.04,74.87,40.91,39.74,1
2026-04-02T23:14:06,IMM-04,MD-A12,PP-GF20,EVENING,25.56,57.05,0.149,206.27,216.42,221.58,69.6,83.66,54.38,78.86,3.16,1.302,8.49,18.81,35.94,92.3,8,791.9,65.23,84.8,46.3,41.02,1
2026-04-02T23:14:48,IMM-03,MD-A12,PA6-GF30,DAY,22.88,40.83,0.149,225.52,234.89,242.95,69.41,99.15,60.22,62.68,5.11,1.021,6.15,16.01,30.13,85.3,9.08,805.5,74.24,79.08,51.19,44.34,0
2026-04-02T23:15:30,IMM-02,MD-A12,PA6-GF30,EVENING,20.6,60.05,0.213,224.85,231.32,237.42,76.19,100.84,52.77,84.96,3.61,0.913,7.6,20.86,36.88,83.5,8.06,765.8,73.85,65.73,40.32,52.58,0
2026-04-02T23:16:12,IMM-02,MD-B07,PP-GF20,DAY,29.56,47.02,0.11,209.56,222.21,228.32,62.15,92.08,52.17,76.46,5.33,1.133,7.18,16.12,32.11,87,10.76,813,,72.16,45.91,41.22,0
2026-04-02T23:16:54,IMM-04,MD-B07,PA6-GF30,EVENING,22.79,61.57,0.127,238.4,243.09,247.13,81.56,109.68,68.97,69.5,4.05,1.152,8.25,21.34,38.43,73.3,9.75,831.5,90.51,102.66,44.58,47.28,0
2026-04-02T23:17:36,IMM-04,MD-A12,PA6-GF30,DAY,24.52,41.58,0.174,222.23,228.44,233.14,74.3,107.15,64.05,69.89,4.02,0.966,8.02,19.88,36.32,76.7,9.6,785.3,80.82,72.97,51.95,57.81,0
2026-04-02T23:18:18,IMM-03,MD-B07,PP-GF20,EVENING,19.87,64.84,0.143,207.89,213.12,217.47,68.98,92.04,52.77,74.49,4.21,1.103,8.9,16.69,35.21,84.6,8.03,858.3,67.62,83.61,46.98,43.79,0
2026-04-02T23:19:00,IMM-01,MD-B07,PA6-GF30,NIGHT,19.74,47.12,0.113,227.41,239.03,247.09,74.02,102.85,57.92,73.12,3.9,1.02,8.19,15.72,32.94,88.4,10.1,820.1,77.49,80.45,51.26,50.11,1
2026-04-02T23:19:42,IMM-03,MD-B07,PP-GF20,EVENING,23.91,30.22,0.126,209.97,219.42,223.56,74.97,95.64,56.42,81.06,2.93,1.305,6.72,18.73,34.38,82.9,7.74,842.2,71.89,96.3,45.83,43.36,0
2026-04-02T23:20:24,IMM-02,MD-B07,PP-GF20,DAY,31.27,47.55,0.044,220.42,228.93,234.81,65.61,101.95,61.93,74.98,3.48,1.145,7.38,16.25,32.31,78.3,8.17,830.6,74.21,86.15,43.84,41.17,0
2026-04-02T23:21:06,IMM-03,MD-B07,ABS,DAY,29.05,57.5,0.103,207.18,216.45,218.57,71.25,90.81,54.13,69.62,5.35,1.249,7.35,16.58,33.1,85.7,6.76,821.5,74.73,103.36,50.27,43.01,0
2026-04-02T23:21:48,IMM-02,MD-B07,PP-GF20,EVENING,17.54,62.78,0.159,217.82,227.18,233.8,71.76,93.91,52.35,65.96,3.93,1.25,7.79,18.1,36.5,71.7,10.67,860.8,71.02,92.75,48.55,44.46,1
2026-04-02T23:22:30,IMM-02,MD-B07,PP-GF20,NIGHT,19.56,58.57,0.062,204.89,215.64,217.39,72.62,91.08,45.48,75.76,2.86,1.161,7.42,18.28,35.49,80.7,7.9,823.8,68.2,69.36,47.78,48,0
2026-04-02T23:23:12,IMM-04,MD-C03,PP-GF20,DAY,24.85,39.76,0.071,219.31,225.98,231.79,66.66,103.71,57.81,67.84,4.33,0.942,7.34,20.57,38.04,87.6,8.55,877.1,81.12,82.18,42.12,37.63,1
2026-04-02T23:23:54,IMM-03,MD-A12,PA6-GF30,DAY,22.41,45.19,0.139,218.85,225.88,231.62,79.26,101.85,60.16,75.51,3.11,1.107,7.08,20.19,36.52,82.7,10.35,856.3,81.74,86.52,46.31,50.85,0
2026-04-02T23:24:36,IMM-01,MD-B07,PP-GF20,EVENING,28.54,39.92,0.176,213.63,217.87,219.71,65.58,87.41,53.53,64.48,4.14,1.184,8.16,18.68,35.62,72.8,8.47,774.4,65.93,74.09,47.44,34.42,1
2026-04-02T23:25:18,IMM-01,MD-B07,PA6-GF30,EVENING,29.75,53.27,0.191,229.91,234.86,241.61,70.82,98.27,51.53,76.15,4.9,1.097,7.52,19.26,38.04,84.7,7.48,835.5,79.3,79.2,42.45,48.27,0
2026-04-02T23:26:00,IMM-04,MD-A12,PP-GF20,DAY,20.51,,0.232,210.25,219.2,222.18,69.26,90.95,55.88,68.97,2.07,1.202,7.97,19.03,37.96,86,7.24,827.9,70.1,84.68,44.01,37.28,1
2026-04-02T23:26:42,IMM-04,MD-C03,PP-GF20,EVENING,27.01,51.46,0.088,215.63,223.47,227.73,67.86,100.67,55.58,66.47,2.76,1.242,6.82,18.47,35.65,68.2,7.97,889.8,73.05,92.94,48.42,51.3,1
2026-04-02T23:27:24,IMM-01,MD-B07,PP-GF20,DAY,30.54,59.44,0.151,214.56,222.21,227.79,71.89,91.45,53.73,64.38,4.18,1.146,8.6,19.42,37.4,84.6,9.06,845.3,73.17,83.37,44.57,45.97,0
2026-04-02T23:28:06,IMM-03,MD-A12,PP-GF20,DAY,24.36,55.63,0.157,212.47,214.61,220.12,61.58,92.9,48.14,73.21,3.02,1.181,8.32,17.9,34.45,69.8,10.71,814.5,70.52,90.92,47.99,39.64,0
2026-04-02T23:28:48,IMM-02,MD-A12,ABS,NIGHT,29.19,50.66,0.214,213.2,224.23,231.26,69.04,105.76,68.21,80.01,4.26,1.06,8.43,19.4,36.23,88.7,9.94,822,77.36,80.24,49.58,37.65,0
2026-04-02T23:29:30,IMM-02,MD-B07,PP-GF20,DAY,20.02,49.76,0.118,217.48,219.72,225.35,71.43,91.84,52.76,72.55,4.39,1.132,8.52,18.66,36.04,65.9,8.5,833.5,69.41,74.16,43.7,43.44,1
2026-04-02T23:30:12,IMM-03,MD-A12,ABS,DAY,24.51,55.53,0.097,214.45,221.82,227.53,72.76,84.59,51.13,77.59,3.43,1.293,7.07,20.04,38.11,74.2,9.04,750.5,65.23,89.28,43.21,41.8,0
2026-04-02T23:30:54,IMM-02,MD-B07,PA6-GF30,DAY,21.11,70.89,0.085,230.33,242.23,246.67,74.01,101.09,58.53,87.6,4.66,1.15,8.38,19.48,37.05,96.7,8.64,858.5,74.6,91.63,41.36,51.28,0
2026-04-02T23:31:36,IMM-04,MD-A12,ABS,DAY,30.26,45.28,,211.03,222.59,225.8,75.42,101.89,58.16,74.89,3.53,1.056,7.68,17.72,34.38,65.2,9.94,824.8,76.74,82.22,48.57,40.58,0
2026-04-02T23:32:18,IMM-01,MD-B07,ABS,EVENING,21.87,53.24,0.151,216.85,224.54,227.11,63.39,101.39,61.71,76.43,3.78,1.172,7.23,17.62,34.98,77.3,7.39,809.5,76.12,81.4,44.52,39.25,0
2026-04-02T23:33:00,IMM-02,MD-B07,ABS,EVENING,20.38,50.93,0.069,222.09,233.58,240.73,69.18,100.13,57.26,76.81,3.88,0.961,9,21.02,40.75,82.4,9.33,791.4,71.12,73.12,44.05,37.57,0
2026-04-02T23:33:42,IMM-02,MD-A12,PA6-GF30,EVENING,21.83,45.21,0.234,231.1,239.68,241.49,75.96,109.11,62.74,68.9,3.5,1.313,7.03,17.97,35.35,74.7,9.45,788.9,79.89,107.52,39,45.04,0
2026-04-02T23:34:24,IMM-04,MD-B07,PA6-GF30,EVENING,22.73,52.95,0.23,232.5,240,248.76,81.26,94.24,53.6,77.13,3.57,1.181,7.34,15.3,32.16,71.8,10.05,796.3,71.3,89.16,44.97,48.66,1
2026-04-02T23:35:06,IMM-01,MD-C03,ABS,EVENING,28.71,64.99,0.11,214.9,220.37,225.83,66.15,92.95,52.3,85.08,3.44,1.196,6.76,21.18,37.18,65.1,6.98,847.9,67.54,82.88,42.32,44.8,0
2026-04-02T23:35:48,IMM-01,MD-B07,PA6-GF30,EVENING,30.31,61.45,0.229,222.62,231.33,234.96,77.33,107.91,68.54,85.35,3.09,1.181,8.26,16.13,33.94,84,8.67,806.8,77.26,78.19,42.68,44.85,0
2026-04-02T23:36:30,IMM-03,MD-C03,PP-GF20,EVENING,22.82,40.9,0.172,215.41,222.98,231.06,57.42,90.99,55.18,65.24,3.85,1.362,8.52,18.72,36.11,67.7,6.95,820.1,67.57,102.42,51.52,33.07,0
2026-04-02T23:37:12,IMM-01,MD-A12,ABS,DAY,27.27,69.62,0.154,209.24,219.17,225.77,72.54,90.05,53.16,85.67,2.97,1.381,8.73,17.54,36.3,85.4,9.14,865.5,63.84,86.92,42.62,42.81,0
2026-04-02T23:37:54,IMM-03,MD-B07,ABS,NIGHT,28.84,54.92,0.099,208,216.56,220.88,66.83,90.45,57.35,73.51,4.23,1.033,7.76,15.41,32.4,95.7,9.01,875.9,69.63,78.5,45.94,40.2,0
2026-04-02T23:38:36,IMM-04,MD-A12,PA6-GF30,NIGHT,23.35,51.12,0.228,227.86,233.07,243.33,77.77,106.14,62.17,69.45,4.54,1.05,8.97,17.35,36.86,91.4,6.49,809,79.83,85.92,51.1,51.52,0
2026-04-02T23:39:18,IMM-02,MD-C03,PA6-GF30,EVENING,28.54,41.24,0.118,237.17,243.65,249.75,75.69,116.71,73.51,66.41,3.29,1.384,8.37,18.56,35.74,77.6,8.63,885.4,87.23,129.56,44.8,56.08,1
2026-04-02T23:40:00,IMM-02,MD-A12,PA6-GF30,EVENING,24.91,49.93,0.161,225.37,228.4,235.37,76.97,109.55,62.61,74.94,5.28,1.45,6.78,18.14,33.89,68.5,9.13,788.4,84.35,118.06,42.86,50.04,0
2026-04-02T23:40:42,IMM-04,MD-A12,PA6-GF30,EVENING,20.62,42.1,0.14,232.82,237.05,241.93,74.37,107.7,55.67,71.78,4.3,1.269,7.46,17.43,35.26,81.1,8.45,861.5,84.17,108.72,48.73,44.34,1
2026-04-02T23:41:24,IMM-02,MD-B07,ABS,DAY,30.27,43.75,0.078,219.24,225.02,231,69.57,86.96,49.61,78.05,3.96,1.205,7.39,17.84,34.86,90.2,7.15,868.7,59.78,68.9,46.63,46.44,0
2026-04-02T23:42:06,IMM-02,MD-A12,ABS,DAY,27.51,56.41,0.139,212.93,221.66,227.79,73.12,105.04,61.92,65.98,4.01,1.15,8.72,20.51,39.01,85.5,10.41,820,78.34,99.79,44.08,39.61,0
2026-04-02T23:42:48,IMM-01,MD-B07,ABS,DAY,19.18,47.26,0.111,208.59,216.81,223.28,71,113.4,67.98,69.47,3.53,1.183,8.86,22.37,40.1,79.2,9.66,795.8,93.43,107.56,45.65,46.29,1
2026-04-02T23:43:30,IMM-04,MD-A12,PA6-GF30,DAY,28.18,50.44,0.071,230.96,235.98,245.19,80.41,104.49,57.34,64.24,4.76,1.221,7.68,17.46,34.89,82.8,9.28,865,80.41,95.51,47.26,54.05,0
2026-04-02T23:44:12,IMM-03,MD-A12,PP-GF20,NIGHT,20.83,36.75,0.106,206.51,215.1,219.87,71.58,97.57,60.82,79.81,3.56,1.232,9.2,17.11,35.03,74,10.05,776.2,77.19,102.44,40.99,43.66,0
2026-04-02T23:44:54,IMM-01,MD-A12,PA6-GF30,DAY,25.69,55.29,0.11,225.69,229.63,233.24,76.26,101.13,58.45,83.96,2.57,1.27,7.44,19.6,36.75,62,8.44,812,79.5,94.84,42.51,48.48,0
2026-04-02T23:45:36,IMM-02,MD-A12,PP-GF20,EVENING,33.04,48.2,0.103,213.07,219.82,221.85,65.52,100.33,56.43,64.37,3.45,1.062,8.62,18.83,37.74,92.5,9.19,868.3,68.48,74.2,41.99,40.78,0
2026-04-02T23:46:18,IMM-01,MD-C03,PA6-GF30,DAY,17.75,48.78,0.139,233.64,241.87,246.84,82.53,107.67,64.89,70.14,3.17,1.336,8.77,16.25,34.2,91,8.95,857.3,75.76,100.64,41.06,48.28,0
2026-04-02T23:47:00,IMM-03,MD-A12,ABS,DAY,29.43,43.29,0.141,211.22,218.71,225.09,68.9,90.08,48.08,76.33,3.61,1.136,9.19,19.8,38,77.1,7.95,786.2,71.27,84.88,43.1,49.49,1
2026-04-02T23:47:42,IMM-03,MD-C03,ABS,NIGHT,28.15,60.14,0.103,214.3,224.04,225.82,71.49,94.78,56.38,70.11,5.16,1.412,6.67,18.26,35.47,95.8,8.75,857,75.34,100.61,45.69,46.73,0
2026-04-02T23:48:24,IMM-02,MD-B07,ABS,DAY,24.44,39.7,0.098,209.57,212.72,216.77,68.07,91.18,51.13,80.1,4.25,0.999,6.94,17.54,34.31,72.2,9.53,803.7,73.79,71.31,43.27,39.73,0
2026-04-02T23:49:06,IMM-04,MD-C03,PA6-GF30,EVENING,24.26,67.16,0.186,231.39,237.21,245.3,77.13,112.49,69.1,70.57,3.77,1.577,8.96,17.42,36.75,79.8,10.54,854.3,74.32,111.29,45.18,51.75,1
2026-04-02T23:49:48,IMM-01,MD-C03,PP-GF20,DAY,22.51,45.75,0.098,217.15,223.84,227.78,70.23,95.06,55.28,74.07,3.39,1.055,8.02,17.95,34.73,79.7,9.2,860.7,73.54,81.49,48.42,51.49,0
2026-04-02T23:50:30,IMM-02,MD-A12,PA6-GF30,DAY,21.11,56.83,0.225,236.17,242.39,250.44,76.68,106.43,64.93,77.86,4.24,1.234,8.98,17.39,37.06,82.8,8.5,851.1,85.57,106.17,47.75,51.87,0
2026-04-02T23:51:12,IMM-01,MD-C03,PP-GF20,DAY,26.44,66.1,0.139,205.22,216.36,221.11,64.59,91.13,54.3,75.73,4.22,1.497,8.52,18.57,36.36,86.3,8.16,904.9,64.88,106.61,42.58,39.67,0
2026-04-02T23:51:54,IMM-02,MD-B07,PA6-GF30,NIGHT,29.53,47.15,0.189,231.32,238.72,243.4,80.15,96.65,50.06,76.08,3.18,1.131,7.42,16.23,33.41,87.1,9.13,824.7,71.73,72.08,47.42,49.77,0
2026-04-02T23:52:36,IMM-04,MD-B07,PA6-GF30,EVENING,28.57,29.3,0.134,229.43,231.71,234.62,73.86,105.83,63.28,77.91,3.53,1.331,8.04,18.53,36.43,87.3,8.56,864.8,82.09,101.32,48.42,47.69,0
2026-04-02T23:53:18,IMM-03,MD-B07,PP-GF20,EVENING,26.63,65.15,0.115,214.45,222.8,229.95,72.4,92.92,54.89,72.43,4.3,1.281,6.76,18.88,34.65,74,9.61,857.8,78.16,104.16,43.96,46.64,0
2026-04-02T23:54:00,IMM-03,MD-B07,ABS,EVENING,21.68,29,0.163,208.18,215.97,221.75,66.89,99.87,52.1,84.62,5.16,1.238,8.33,17.56,36.68,68.7,8.95,740.7,80.52,102.48,52.3,46.93,0
2026-04-02T23:54:42,IMM-04,MD-A12,PA6-GF30,EVENING,24.43,56.94,0.143,238.13,244.37,252.57,71.1,105.67,59.24,59.27,3.9,1.167,8.5,18.24,37.4,83.5,7.99,835.1,78.25,93.89,46.83,45.23,0
2026-04-02T23:55:24,IMM-01,MD-B07,ABS,NIGHT,18.52,48.66,0.187,204.32,213.99,216.28,66,90.65,53.2,74.31,3.5,1.328,6.63,17.82,35.28,105.4,7.83,838,73.15,97.13,47.86,40.37,1
2026-04-02T23:56:06,IMM-04,MD-A12,PA6-GF30,NIGHT,18.84,57.3,0.126,232.57,242.18,248.83,77.1,99.62,56.23,69.72,3.99,1.013,7.98,18.26,34.88,72.9,7.6,828.6,78.99,80.1,52.42,40.64,0
2026-04-02T23:56:48,IMM-04,MD-C03,PP-GF20,EVENING,23.88,54.51,0.166,219.41,226.58,231.99,68.72,90.38,52.98,62.54,3.88,1.475,6.49,19.86,37.15,81.1,8.56,843.4,70.7,104.22,41.57,48.51,0
2026-04-02T23:57:30,IMM-02,MD-A12,PP-GF20,NIGHT,24.34,61.29,0.138,223.34,233.77,238.5,64.47,84.29,50.14,61.05,3.65,1.243,6.34,18.02,34.88,81.1,7.54,766.9,66.45,76.66,50.99,44.8,0
2026-04-02T23:58:12,IMM-01,MD-B07,ABS,EVENING,25.73,59,0.047,212.58,218.87,224.11,64.12,99.22,61.76,64.52,3.66,1.193,7.94,17.18,34,85.4,9.3,827.4,75.46,99.45,45.2,43.48,0
2026-04-02T23:58:54,IMM-04,MD-C03,PP-GF20,NIGHT,21.83,34.69,0.115,220.59,224.14,226.57,67.12,96.81,60.27,71.51,3.9,1.354,8.17,19.7,38.15,67.7,8.86,888.4,69.71,91.52,47.97,43.95,1
2026-04-02T23:59:36,IMM-03,MD-B07,PA6-GF30,EVENING,21.76,45.83,0.123,231.77,235.22,242.53,71.43,104.53,61.11,78.53,3.59,1.203,8.21,18.79,37.04,83.4,6.98,809.5,73.68,100.87,48.63,48.08,0
2026-04-03T00:00:18,IMM-04,MD-A12,ABS,DAY,22.57,49.35,0.146,203.39,212.97,216.3,65.34,88.42,50.1,83.82,4.88,1.248,6.64,18.66,35.11,81.5,7.67,861.7,68.66,85.6,44.22,40.66,1
2026-04-03T00:01:00,IMM-03,MD-B07,PA6-GF30,DAY,21.99,42.76,0.158,223.64,233.78,237.1,76.42,101.84,56.46,79.26,3.65,1.245,8.26,19.31,38.22,91.1,10.25,818.9,75.82,94.96,44.98,44.62,0
2026-04-03T00:01:42,IMM-02,MD-B07,ABS,NIGHT,24.62,41.78,0.117,210.87,218.06,220.94,71.28,91.59,46.41,73.36,5.34,1.338,6.98,16.67,34.99,93.8,9.3,805.6,75.25,102.96,50.93,47.99,1
2026-04-03T00:02:24,IMM-02,MD-A12,PP-GF20,EVENING,27.82,48.55,0.144,209.71,217.66,222.85,69.65,87.54,49.84,66.37,4.85,1.331,7.23,15.14,32.62,84.7,8.63,845.7,70.01,93.42,48.62,45.28,1
2026-04-03T00:03:06,IMM-01,MD-A12,ABS,NIGHT,22.83,40.54,0.136,215.38,223.93,228.74,74.49,98.31,55.83,69.85,3.96,1.496,8.58,16.92,35.72,93.3,8.14,798.6,70.8,100.04,49.37,42.35,0
2026-04-03T00:03:48,IMM-01,MD-C03,PP-GF20,NIGHT,25.28,48.39,0.193,213.39,222.55,228.82,69.68,99.01,59.96,72.19,4.35,1.379,7.6,19.31,36.37,76.8,7.94,872.2,69.28,97.48,43.71,38.78,0
2026-04-03T00:04:30,IMM-01,MD-B07,ABS,DAY,22.47,39.24,0.122,221.74,227.56,235.41,72.11,92.02,52.3,67.89,4.04,1.059,8.62,19.27,37.37,89.6,5.7,832.3,72.38,79.81,45.51,39.52,0
2026-04-03T00:05:12,IMM-04,MD-A12,PA6-GF30,NIGHT,25.29,60.74,0.175,231.59,240.18,244.12,73.02,96.2,56.4,87.96,3.91,1.105,7.26,20.36,36.92,94,7.86,870.2,76.77,83.91,50.03,52.3,1
2026-04-03T00:05:54,IMM-02,MD-C03,PA6-GF30,DAY,27.53,59.52,0.133,239.07,248.53,254.9,73.94,110.87,62.8,68.78,4.53,1.265,8.72,18.7,37.48,72.7,8.18,828.8,80.01,99.64,46.26,55.42,1
2026-04-03T00:06:36,IMM-01,MD-B07,PP-GF20,EVENING,17.27,39.33,0.033,210.12,217.48,225.38,70.51,96.02,55.54,73.26,4.03,1.023,7.41,18.16,35.97,99.6,7.76,841.2,75.8,83.02,48.48,41.03,0
2026-04-03T00:07:18,IMM-01,MD-A12,PA6-GF30,NIGHT,28.84,61.98,0.122,240.02,245.44,248.61,76.56,103.55,62.58,77.22,4.6,1.29,7.75,18.51,35.9,76.7,8.2,782.4,80.92,106.49,41.53,47.26,0
2026-04-03T00:08:00,IMM-04,MD-C03,ABS,EVENING,25.26,56.22,0.131,204.23,215.15,220.53,73.01,93.35,55.06,69.36,5.24,1.323,7.8,20.9,38.94,82.7,9.02,802.6,77.25,104.49,40.99,45.85,0
2026-04-03T00:08:42,IMM-03,MD-B07,ABS,NIGHT,24.13,51.98,0.121,215.41,222.94,225.2,65.72,85.56,48.3,75.97,2.64,1.274,6.39,16.17,33.01,78.1,10.03,870.2,69.99,85.19,50.02,35.74,1
2026-04-03T00:09:24,IMM-02,MD-A12,PA6-GF30,EVENING,25.79,44.78,,232.48,239.58,240.12,80.78,104.42,60.41,82.91,3.46,1.117,8.24,22.48,38.83,83.1,8.36,821.6,78.53,88.9,47.82,47.02,0
2026-04-03T00:10:06,IMM-01,MD-C03,ABS,DAY,25.38,26.15,0.141,211.22,220.94,226.54,65.82,103.32,62.37,69.95,5.2,1.341,7.12,20.38,37.59,84,7.14,865.1,78.03,109.92,45.08,41.26,0
2026-04-03T00:10:48,IMM-02,MD-A12,PP-GF20,EVENING,29.84,43.99,0.091,229.78,238.48,243.27,67.53,83.87,50.14,71.3,2.68,1.244,8.14,17.79,36.74,87.5,8.48,833.1,70.15,90.1,43.92,41.14,0
2026-04-03T00:11:30,IMM-04,MD-B07,PP-GF20,EVENING,25.43,53.19,0.056,206.67,214.6,218.65,62.36,89.9,49.77,68.43,3.49,0.901,8.2,15.38,32.21,86.9,8.76,845.7,67.26,57.6,48.33,44.8,0
2026-04-03T00:12:12,IMM-03,MD-A12,PA6-GF30,DAY,25.87,45.52,0.137,232.12,238.37,241.52,76.07,102.34,59.57,77.3,2.6,1.316,8.12,17.39,35.94,81.8,8.62,759.5,81.51,106.56,49.37,44.23,0
2026-04-03T00:12:54,IMM-04,MD-A12,PP-GF20,EVENING,22.02,60.16,0.052,211.08,210.41,217.18,67.03,93.79,53.54,80.5,4.06,1.188,6.61,18.58,34.39,77.5,8.02,807.4,75.1,85.38,50.42,51.07,0
2026-04-03T00:13:36,IMM-03,MD-A12,ABS,NIGHT,16.28,40.71,0.132,214.45,222.72,226.98,68.92,87.2,50.48,73.96,2.59,1.217,7.65,19.75,35.83,74.6,6.55,873.4,60.4,69.57,46.46,43.75,0
2026-04-03T00:14:18,IMM-04,MD-A12,PP-GF20,NIGHT,30.54,38.96,0.195,210.28,216.18,221.84,75.4,99.83,60.89,70.02,3.07,1.246,7.97,15.63,32.79,77.5,6.9,739.7,76.34,92.17,52.27,40.58,0
2026-04-03T00:15:00,IMM-02,MD-B07,PA6-GF30,NIGHT,21.01,54.7,0.15,230.26,237.73,242.61,80.7,97.38,53.36,78.43,3.62,1.114,8.66,16.77,34.08,86.4,10.35,841.9,81.87,96.16,44.42,46.1,0
2026-04-03T00:15:42,IMM-02,MD-A12,PA6-GF30,DAY,23.92,69.86,0.195,233.3,240.46,243.88,71.14,103.21,62.94,73.68,4.6,1.255,7.41,15.34,31.65,82.9,7.73,822.6,79.94,102.42,45.01,47.11,0
2026-04-03T00:16:24,IMM-03,MD-C03,PA6-GF30,EVENING,22.57,36.3,,234.73,241.37,244.62,66.87,101.08,60.01,74.25,3.64,1.221,9.24,17.78,36.29,73.6,8.18,831,74.53,96.45,48.47,46.59,0
2026-04-03T00:17:06,IMM-02,MD-B07,PA6-GF30,NIGHT,17.67,52.69,0.169,238.69,246.87,254.37,74.95,103.62,57.51,70.68,3.92,1.059,8.12,18.67,36.88,71.2,8.8,894.2,74.48,76.33,47.86,49.94,0
2026-04-03T00:17:48,IMM-01,MD-A12,PP-GF20,EVENING,26.62,58.26,0.111,210.72,217.81,222.76,63.19,105.74,60.52,82.84,4.62,1.276,5.51,19.16,33.98,79.5,8.68,872.4,77.37,96.21,43.37,39.04,0
2026-04-03T00:18:30,IMM-03,MD-C03,PP-GF20,DAY,25.65,44.32,0.037,211.97,219.98,222.88,66.63,107.2,63.43,76.96,2.82,1.263,7.39,20.72,37.19,71.9,6.56,856.4,83.24,102.8,42.65,41.83,0
2026-04-03T00:19:12,IMM-02,MD-B07,ABS,EVENING,19.25,77.26,0.153,209.37,217.61,222.64,69.51,96.31,47.9,70.23,4.79,1.02,6.63,15.82,31.74,80.9,7.23,820.7,76.19,78.24,41.5,36.56,0
2026-04-03T00:19:54,IMM-01,MD-B07,PP-GF20,EVENING,20.59,55.99,0.058,217.81,225.16,229.2,62.56,87.33,48.14,74.58,3.86,1.253,9.47,17.31,36.6,79.8,7.72,813.1,69.6,80.63,41.59,35.79,0
2026-04-03T00:20:36,IMM-04,MD-A12,PA6-GF30,NIGHT,15.75,70.33,0.166,232.95,239.71,243.87,75.08,104.63,58.8,84.14,3.71,1.311,8.21,16.67,34,90,8.83,828.6,79.18,108.08,48.13,48.65,1
2026-04-03T00:21:18,IMM-04,MD-A12,PA6-GF30,DAY,17.47,64.17,0.16,226.18,233.35,241.86,72.72,99.38,59.25,80.07,3.44,1.443,8.07,16.98,33.98,86.7,7.14,790.1,76.43,108.16,50.64,52.53,0
2026-04-03T00:22:00,IMM-02,MD-C03,PP-GF20,DAY,27.91,38.15,0.073,207.26,219.83,223.67,67.76,102.26,62.67,77.82,3.35,1.24,7.76,20.28,36.26,90.2,10.51,895.7,77.83,100.95,41.11,42.31,0
2026-04-03T00:22:42,IMM-04,MD-B07,PP-GF20,EVENING,20.71,60.11,0.026,213.52,217.65,224.9,72.63,93.71,57.24,81.91,3.84,1.191,8.1,17.39,35.27,83.6,9,871.7,77.36,97.02,49.46,36.2,1
2026-04-03T00:23:24,IMM-03,MD-A12,PP-GF20,EVENING,28.03,57.04,0.096,216.83,222.26,228.66,71.98,90.83,54.31,61.29,3.09,0.944,6.96,19.4,36.34,87.5,9.39,823.5,73.17,77.66,43.47,38.52,0
2026-04-03T00:24:06,IMM-02,MD-A12,PP-GF20,DAY,22.6,47.8,0.12,217.65,223.36,231.46,72.75,96.02,57.73,81.08,3.77,1.217,7.34,19.65,36.96,77.3,8.6,796.8,75.61,80.99,49.22,42.5,0
2026-04-03T00:24:48,IMM-03,MD-C03,PA6-GF30,NIGHT,23.58,56.3,0.238,227.47,234.49,238.86,75.51,99.19,61.84,68.07,3.65,1.176,6.9,20.67,35.93,64.9,8,906.4,73.02,81.12,47.24,44.44,0
2026-04-03T00:25:30,IMM-04,MD-A12,PA6-GF30,EVENING,23.94,54.49,0.14,233.4,244.78,248,77.84,88.57,46.93,79.36,3.07,1.145,8.07,15.16,33.39,69.4,8.58,828.6,71.6,85.07,44.94,47.59,1
2026-04-03T00:26:12,IMM-01,MD-B07,ABS,DAY,24.81,40.3,0.148,209.65,220.8,226.79,65.25,92.61,55.99,73.49,3.69,1.209,7.23,17.94,34.64,93.5,7.77,840.4,75.21,87.65,50.17,52.22,0
2026-04-03T00:26:54,IMM-04,MD-B07,ABS,EVENING,26.36,39.22,0.07,210.02,221.74,227.15,65.87,87.62,45.99,83.72,3.54,1.249,7.02,18.64,34.66,83.5,6.6,846.9,65.92,86.42,41.34,41.34,0
2026-04-03T00:27:36,IMM-02,MD-A12,ABS,DAY,26.9,47.44,0.117,208.3,215.69,220.25,66.46,90.59,51.3,77.94,2.87,1.179,7.07,16.3,32.24,71.9,8.91,830.6,69.25,81.71,47.61,38.8,0
2026-04-03T00:28:18,IMM-01,MD-C03,ABS,EVENING,19.22,25.69,0.125,210.39,214.45,220.02,65.54,96.92,56.74,76.2,3.19,1.024,7.62,17.64,35.48,75,9.06,888.5,,80.01,43.73,47.14,0
2026-04-03T00:29:00,IMM-03,MD-B07,PA6-GF30,NIGHT,29.22,44.9,0.165,218.34,224.9,231.76,78.3,98.26,56.69,84.29,5.72,1.151,6.66,16.64,31.57,79,7.35,804.3,72.01,80.4,50.19,53.22,0
2026-04-03T00:29:42,IMM-01,MD-A12,PA6-GF30,DAY,26.47,44.38,0.25,227.13,234.04,240.66,78.55,106.4,58.9,61.05,3.99,1.188,8.26,18.45,36.8,83.9,8.9,811.6,71.68,82,48.02,53.28,1
2026-04-03T00:30:24,IMM-01,MD-A12,ABS,DAY,22.36,39.36,0.174,202.08,211.94,215.32,73.67,103.78,58.23,73.29,2.76,1.372,8.1,18.28,35.73,89.3,9.38,839.6,70.12,92.8,45.24,40.65,1
2026-04-03T00:31:06,IMM-01,MD-B07,ABS,EVENING,22.34,,0.076,215.48,221.14,225.78,71.65,96.49,51.8,68.98,3.06,1.078,8.05,18.14,37.27,87.4,8.53,817.8,80.2,89.9,40.97,46.79,0
2026-04-03T00:31:48,IMM-02,MD-C03,PA6-GF30,NIGHT,26.82,47.92,0.09,241.16,250.32,253.34,77.45,102.76,60.95,64.23,4.38,1.23,7.83,20.99,38.32,75.9,8.38,852.6,,89.04,45.56,50.65,0
2026-04-03T00:32:30,IMM-03,MD-A12,PP-GF20,NIGHT,28.19,53.81,0.11,210.12,217.79,222,66.7,90.02,52.43,65.77,3.93,1.161,7.07,16.41,33.24,90.5,6.67,841.1,62.27,71.23,50.16,41.77,0
2026-04-03T00:33:12,IMM-01,MD-C03,ABS,NIGHT,16.17,48.42,0.123,199.83,210.59,213.09,67.3,95.04,47.9,75.48,4.75,1.354,8.21,19.23,38.06,74.4,8.86,849.8,71.33,99.3,46.76,48.57,0
2026-04-03T00:33:54,IMM-01,MD-C03,PP-GF20,DAY,26.92,50.37,0.125,218.01,226.32,231.98,64.64,84.09,48.96,61.03,3.64,1.41,7.56,18.61,36.77,89.2,7.93,897.6,66.21,87.23,43.98,37.48,0
2026-04-03T00:34:36,IMM-04,MD-A12,PP-GF20,EVENING,29.64,44.21,0.142,216.8,221.93,229.89,70.7,84.87,49.77,73.38,1.82,1.078,8.3,17.72,35.24,82.8,8.46,800.4,66.9,79.57,45.89,37.36,0
2026-04-03T00:35:18,IMM-01,MD-A12,PP-GF20,DAY,25.71,42.21,0.128,220.13,223.73,227.18,63.8,99.61,60.4,57.97,3.81,1.393,8.79,16.08,34.79,95,8.95,784.5,75.98,101.59,44.74,40.12,0
2026-04-03T00:36:00,IMM-04,MD-C03,PP-GF20,EVENING,22.5,48.29,0.086,214.58,225.22,229.75,64.36,101.8,54.65,72.23,2.57,1.416,7.32,16.57,33.3,90.2,7,894,79.74,105.48,46.84,39.89,1
2026-04-03T00:36:42,IMM-04,MD-B07,PP-GF20,EVENING,21.36,61.47,0.111,217.58,225.85,229.78,69.11,103.61,55.22,63.18,2.56,1.105,7.54,19.08,35.34,68.9,8.15,823.7,75.78,80.89,48.57,47.56,0
2026-04-03T00:37:24,IMM-03,MD-A12,ABS,DAY,27.99,55.52,0.119,213.16,221.27,225.16,72.08,90.98,53.07,73.41,2.66,1.127,8.27,18.87,35.42,75.4,9.57,860.6,64.89,75.84,47.53,47.44,0
2026-04-03T00:38:06,IMM-04,MD-A12,PA6-GF30,NIGHT,26.58,45.49,0.18,229.02,236.92,241.78,79.98,100.64,57.75,77.71,5.02,1.277,7.32,16.56,33.52,73.9,8.21,814.9,70.4,98.03,46.64,44.58,0
2026-04-03T00:38:48,IMM-02,MD-B07,PP-GF20,EVENING,21.91,36.08,0.051,218.27,226.96,231.17,68.48,93.92,53.54,79.84,4.4,1.156,7.92,16.83,33.81,80.2,8.42,836.1,69.35,91.68,40.47,38.83,0
2026-04-03T00:39:30,IMM-04,MD-A12,PP-GF20,DAY,30.33,60.96,0.083,217.02,221.43,226.44,72.29,92.59,48.24,79.01,4.99,1.175,8.39,17.81,35.65,74.5,9.41,840.5,65.73,71.22,48.21,47.42,1
2026-04-03T00:40:12,IMM-02,MD-B07,ABS,NIGHT,25.01,43.38,0.099,217.36,221.16,228.32,70.02,88.74,54.67,66.82,3.23,1.041,6.62,20,36.58,80.2,9.31,811.8,65.98,61.45,44.01,43.02,0
2026-04-03T00:40:54,IMM-01,MD-A12,ABS,DAY,20.91,40.04,0.117,214.42,222.98,228.33,71.91,87.8,53.2,73.9,3.74,1.136,6.63,19.07,34.39,77.1,9.41,882,63.45,67.76,43.95,38.36,0
2026-04-03T00:41:36,IMM-02,MD-B07,PP-GF20,NIGHT,23.27,45.09,0.05,210.8,217.33,224.93,72.73,94.6,56.12,69.91,4.18,1.1,8.84,17.5,36.26,82.2,9.36,785.6,65.23,68.52,45.98,40.98,0
2026-04-03T00:42:18,IMM-02,MD-B07,PA6-GF30,DAY,23.12,48.12,0.184,221.59,228.64,232.58,80.83,108.15,65.06,70.65,4.59,1.024,7.01,16.81,33.29,73.1,6.46,843,86.66,87.18,41.48,47.21,0
2026-04-03T00:43:00,IMM-02,MD-A12,ABS,DAY,18.68,22.75,0.093,220.88,228.78,233.14,66.21,93.95,55.6,69.51,3.15,1.157,7.99,16.98,34.87,81.1,7.2,851.4,62.47,69.55,44.54,37.47,0
2026-04-03T00:43:42,IMM-03,MD-A12,PP-GF20,EVENING,31.24,60.05,0.173,217.76,223.51,225.89,70.56,90.73,44.09,83.22,4.51,1.223,7.69,17.76,36.71,83.7,8.96,853,75.77,94.11,45.56,47.4,0
2026-04-03T00:44:24,IMM-01,MD-B07,PA6-GF30,DAY,19.97,62.62,0.234,220.04,225.44,230.87,72.72,104.6,66.95,72.85,4.39,1.197,7.76,20.7,38.6,61.4,8.01,770.4,80.25,92.97,44.54,54.07,0
2026-04-03T00:45:06,IMM-03,MD-B07,PP-GF20,NIGHT,22.78,58.55,0.127,220.47,230.89,236.55,68.17,93.93,45.93,76.02,4.03,1.355,7.47,19.1,36.52,100.5,4.71,879.4,73.81,109.61,45.84,42.81,0
2026-04-03T00:45:48,IMM-03,MD-A12,PP-GF20,EVENING,29.68,58.3,0.236,211.15,222.53,227.16,71.76,89.15,45.93,66.54,3.54,1.116,7.25,18.69,34.87,70.9,10.24,821.4,71.09,77.09,51.11,40.31,0
2026-04-03T00:46:30,IMM-01,MD-B07,ABS,DAY,26.32,32.76,0.089,203.52,213.54,215.67,68.52,98.53,53.68,75.59,4.12,1.248,9.16,21.02,39.91,81.4,10.23,804,77.21,99.22,47.55,45.42,0
2026-04-03T00:47:12,IMM-04,MD-C03,ABS,DAY,17.68,43.88,0.115,202.26,210.23,213.04,71.3,102.48,55.65,80.97,4.22,1.315,6.82,17.54,34.85,67.8,7.47,855.9,81.22,112.83,47.04,38.03,0
2026-04-03T00:47:54,IMM-02,MD-A12,ABS,DAY,27.54,39.5,0.147,207.42,217.18,223.2,63.92,95.8,53.27,63.81,4.38,1.347,8.05,19.89,37.33,93.9,8.12,756.7,65.85,84.61,48.62,46.48,1
2026-04-03T00:48:36,IMM-01,MD-A12,PP-GF20,NIGHT,20.12,37.82,0.128,213.28,218.21,222.41,64.96,93.66,54.25,63.17,3.78,1.224,8.8,17.25,35.16,75.8,9.11,790,72.09,92.33,46.3,41.94,1
2026-04-03T00:49:18,IMM-01,MD-C03,PP-GF20,EVENING,23.37,68.5,0.192,223.16,226.08,231.73,74.81,112.54,64.15,69.1,4.6,1.172,7.36,19.16,35.1,78.3,10.22,868.5,81.19,85.64,42.13,40.8,0
